SET session_replication_role = replica;

--
-- PostgreSQL database dump
--

-- \restrict hiTBi74ge4IJ59rt6GWshS3qrsisBAvh3Rx3njNuBX8gegRzVh3MeR2cEZfgvE8

-- Dumped from database version 17.6
-- Dumped by pg_dump version 17.6

SET statement_timeout = 0;
SET lock_timeout = 0;
SET idle_in_transaction_session_timeout = 0;
SET transaction_timeout = 0;
SET client_encoding = 'UTF8';
SET standard_conforming_strings = on;
SELECT pg_catalog.set_config('search_path', '', false);
SET check_function_bodies = false;
SET xmloption = content;
SET client_min_messages = warning;
SET row_security = off;

--
-- Data for Name: audit_log_entries; Type: TABLE DATA; Schema: auth; Owner: supabase_auth_admin
--

INSERT INTO "auth"."audit_log_entries" ("instance_id", "id", "payload", "created_at", "ip_address") VALUES
	('00000000-0000-0000-0000-000000000000', '8e7d7947-59d5-441d-be89-49b1be7cc56e', '{"action":"user_signedup","actor_id":"00000000-0000-0000-0000-000000000000","actor_username":"service_role","actor_via_sso":false,"log_type":"team","traits":{"provider":"email","user_email":"test@test1.com","user_id":"e733ab15-1b9d-46eb-863d-b36a5136d18f","user_phone":""}}', '2025-09-24 16:15:58.047717+00', ''),
	('00000000-0000-0000-0000-000000000000', '73ab3647-4120-4fa6-b854-f506875c0c8f', '{"action":"user_signedup","actor_id":"00000000-0000-0000-0000-000000000000","actor_username":"service_role","actor_via_sso":false,"log_type":"team","traits":{"provider":"email","user_email":"p1@bisak.org","user_id":"3352f5a2-3c8b-420e-90b7-d95ab6f1756c","user_phone":""}}', '2025-09-24 16:16:38.965671+00', ''),
	('00000000-0000-0000-0000-000000000000', '9bf6edcc-bcdc-4a99-976b-503b4a633683', '{"action":"user_signedup","actor_id":"00000000-0000-0000-0000-000000000000","actor_username":"service_role","actor_via_sso":false,"log_type":"team","traits":{"provider":"email","user_email":"t1@bisak.org","user_id":"52e2c408-4960-48c9-b3c6-9d9bb5b70835","user_phone":""}}', '2025-09-24 16:16:55.235857+00', ''),
	('00000000-0000-0000-0000-000000000000', '5827978f-fb96-4873-a07b-4162d8e45313', '{"action":"user_deleted","actor_id":"00000000-0000-0000-0000-000000000000","actor_username":"service_role","actor_via_sso":false,"log_type":"team","traits":{"user_email":"test@test1.com","user_id":"e733ab15-1b9d-46eb-863d-b36a5136d18f","user_phone":""}}', '2025-09-24 16:17:14.70163+00', ''),
	('00000000-0000-0000-0000-000000000000', '71b246c9-5e3b-43bc-abb0-b056eebc7049', '{"action":"user_signedup","actor_id":"00000000-0000-0000-0000-000000000000","actor_username":"service_role","actor_via_sso":false,"log_type":"team","traits":{"provider":"email","user_email":"p2@bisak.org","user_id":"e25087b7-f44d-4ea5-a469-5f9543d69bf1","user_phone":""}}', '2025-09-25 00:26:23.605288+00', ''),
	('00000000-0000-0000-0000-000000000000', '63d9abc2-77fe-4a02-95f4-8cca00daece0', '{"action":"user_signedup","actor_id":"00000000-0000-0000-0000-000000000000","actor_username":"service_role","actor_via_sso":false,"log_type":"team","traits":{"provider":"email","user_email":"p3@bisak.org","user_id":"a59a492b-cb3d-499e-9152-1b0793ce7b44","user_phone":""}}', '2025-09-25 00:26:48.616679+00', ''),
	('00000000-0000-0000-0000-000000000000', 'b98dd66f-7d86-434b-af57-dbc22704e73f', '{"action":"user_signedup","actor_id":"00000000-0000-0000-0000-000000000000","actor_username":"service_role","actor_via_sso":false,"log_type":"team","traits":{"provider":"email","user_email":"p4@bisak.org","user_id":"1b83349c-3b8b-4ab0-aae9-470a4d085469","user_phone":""}}', '2025-09-25 00:36:31.908354+00', ''),
	('00000000-0000-0000-0000-000000000000', 'fe61ca58-62b6-4bf2-8d0e-ddd531c905a7', '{"action":"user_signedup","actor_id":"00000000-0000-0000-0000-000000000000","actor_username":"service_role","actor_via_sso":false,"log_type":"team","traits":{"provider":"email","user_email":"p5@bisak.org","user_id":"da365bd8-7aa5-4ffb-acf0-2afaaf7152b6","user_phone":""}}', '2025-09-25 00:36:53.346185+00', ''),
	('00000000-0000-0000-0000-000000000000', '89bc63c7-4a3d-4cd2-bdfd-ec0a2c8640cf', '{"action":"user_signedup","actor_id":"00000000-0000-0000-0000-000000000000","actor_username":"service_role","actor_via_sso":false,"log_type":"team","traits":{"provider":"email","user_email":"p6@bisak.org","user_id":"47096e19-2f45-4b45-8e60-f9d71eef8168","user_phone":""}}', '2025-09-25 00:37:07.783475+00', ''),
	('00000000-0000-0000-0000-000000000000', '24e8f325-fc22-43ab-bddd-dd0f105c92a7', '{"action":"user_confirmation_requested","actor_id":"72f7d04c-018f-4f82-bba5-54febfc52fc3","actor_username":"leroy.salih@gmail.com","actor_via_sso":false,"log_type":"user","traits":{"provider":"email"}}', '2025-09-26 05:32:40.523885+00', ''),
	('00000000-0000-0000-0000-000000000000', '90258cf4-e0de-4f90-888f-c84d31319c0b', '{"action":"user_deleted","actor_id":"00000000-0000-0000-0000-000000000000","actor_username":"service_role","actor_via_sso":false,"log_type":"team","traits":{"user_email":"leroy.salih@gmail.com","user_id":"72f7d04c-018f-4f82-bba5-54febfc52fc3","user_phone":""}}', '2025-09-26 05:34:35.064088+00', ''),
	('00000000-0000-0000-0000-000000000000', '134111d0-334a-4523-8c20-aae4f30c040f', '{"action":"user_signedup","actor_id":"cdbea243-b296-40fd-b666-660d0b9de41b","actor_username":"leroy.salih@gmail.com","actor_via_sso":false,"log_type":"team","traits":{"provider":"email"}}', '2025-09-26 05:35:01.232898+00', ''),
	('00000000-0000-0000-0000-000000000000', '896e6d0e-cfb4-4bd4-93e1-8f5f4207b496', '{"action":"login","actor_id":"cdbea243-b296-40fd-b666-660d0b9de41b","actor_username":"leroy.salih@gmail.com","actor_via_sso":false,"log_type":"account","traits":{"provider":"email"}}', '2025-09-26 05:35:01.237278+00', ''),
	('00000000-0000-0000-0000-000000000000', 'a665afed-6935-4c06-8c25-187f8e3bc26a', '{"action":"user_repeated_signup","actor_id":"cdbea243-b296-40fd-b666-660d0b9de41b","actor_username":"leroy.salih@gmail.com","actor_via_sso":false,"log_type":"user","traits":{"provider":"email"}}', '2025-09-26 05:37:42.97018+00', ''),
	('00000000-0000-0000-0000-000000000000', '70c637be-9769-4b43-b65d-c79884c7a541', '{"action":"user_deleted","actor_id":"00000000-0000-0000-0000-000000000000","actor_username":"service_role","actor_via_sso":false,"log_type":"team","traits":{"user_email":"leroy.salih@gmail.com","user_id":"cdbea243-b296-40fd-b666-660d0b9de41b","user_phone":""}}', '2025-09-26 05:38:05.44429+00', ''),
	('00000000-0000-0000-0000-000000000000', 'e4478f1d-8b3d-49f5-a97a-3a2f3dce5a43', '{"action":"user_signedup","actor_id":"de8ae3d4-c82e-429e-9ba6-c74180779aa0","actor_username":"leroy.salih@gmail.com","actor_via_sso":false,"log_type":"team","traits":{"provider":"email"}}', '2025-09-26 05:40:32.182667+00', ''),
	('00000000-0000-0000-0000-000000000000', 'cd0bb750-c582-4df2-857e-eacbeaf62197', '{"action":"login","actor_id":"de8ae3d4-c82e-429e-9ba6-c74180779aa0","actor_username":"leroy.salih@gmail.com","actor_via_sso":false,"log_type":"account","traits":{"provider":"email"}}', '2025-09-26 05:40:32.189222+00', ''),
	('00000000-0000-0000-0000-000000000000', '6e9bd3b2-5966-4bfd-85c8-cad424f6d3b8', '{"action":"user_deleted","actor_id":"00000000-0000-0000-0000-000000000000","actor_username":"service_role","actor_via_sso":false,"log_type":"team","traits":{"user_email":"leroy.salih@gmail.com","user_id":"de8ae3d4-c82e-429e-9ba6-c74180779aa0","user_phone":""}}', '2025-09-26 05:43:41.727455+00', ''),
	('00000000-0000-0000-0000-000000000000', '62b756ea-1931-4116-9c06-de98d94c8b4c', '{"action":"user_signedup","actor_id":"cec24431-e395-474b-803d-1ea816c7fca4","actor_username":"leroy.salih@gmail.com","actor_via_sso":false,"log_type":"team","traits":{"provider":"email"}}', '2025-09-26 05:44:26.998766+00', ''),
	('00000000-0000-0000-0000-000000000000', '227b479c-cfcf-42d3-bb57-acb1126e4036', '{"action":"login","actor_id":"cec24431-e395-474b-803d-1ea816c7fca4","actor_username":"leroy.salih@gmail.com","actor_via_sso":false,"log_type":"account","traits":{"provider":"email"}}', '2025-09-26 05:44:27.003598+00', ''),
	('00000000-0000-0000-0000-000000000000', '97c8044c-5d0d-4fb7-911f-5be7b1807f86', '{"action":"user_deleted","actor_id":"00000000-0000-0000-0000-000000000000","actor_username":"service_role","actor_via_sso":false,"log_type":"team","traits":{"user_email":"leroy.salih@gmail.com","user_id":"cec24431-e395-474b-803d-1ea816c7fca4","user_phone":""}}', '2025-09-26 05:49:35.792979+00', ''),
	('00000000-0000-0000-0000-000000000000', 'bc9ccba7-000c-4d73-8024-0caa0986fd3e', '{"action":"user_signedup","actor_id":"63f9d3dd-c0ab-455d-b277-e1d6ed72cb2c","actor_username":"leroy.salih@gmail.com","actor_via_sso":false,"log_type":"team","traits":{"provider":"email"}}', '2025-09-26 05:52:38.775891+00', ''),
	('00000000-0000-0000-0000-000000000000', '5d262d16-af4f-43d0-8c8d-b219cee42ea5', '{"action":"login","actor_id":"63f9d3dd-c0ab-455d-b277-e1d6ed72cb2c","actor_username":"leroy.salih@gmail.com","actor_via_sso":false,"log_type":"account","traits":{"provider":"email"}}', '2025-09-26 05:52:38.780614+00', ''),
	('00000000-0000-0000-0000-000000000000', '480a5f1d-69b8-4d97-915f-6ba26ea14537', '{"action":"token_refreshed","actor_id":"63f9d3dd-c0ab-455d-b277-e1d6ed72cb2c","actor_username":"leroy.salih@gmail.com","actor_via_sso":false,"log_type":"token"}', '2025-09-26 06:50:57.963306+00', ''),
	('00000000-0000-0000-0000-000000000000', 'c522edbb-1281-4c96-bca8-47c8f3e660ca', '{"action":"token_revoked","actor_id":"63f9d3dd-c0ab-455d-b277-e1d6ed72cb2c","actor_username":"leroy.salih@gmail.com","actor_via_sso":false,"log_type":"token"}', '2025-09-26 06:50:57.9647+00', ''),
	('00000000-0000-0000-0000-000000000000', '6b11ceec-6db2-4514-8884-9ffa5a789e41', '{"action":"token_refreshed","actor_id":"63f9d3dd-c0ab-455d-b277-e1d6ed72cb2c","actor_username":"leroy.salih@gmail.com","actor_via_sso":false,"log_type":"token"}', '2025-09-26 07:49:23.439406+00', ''),
	('00000000-0000-0000-0000-000000000000', 'eb82d385-0f4a-4cd1-a204-f76b6cd9cd85', '{"action":"token_revoked","actor_id":"63f9d3dd-c0ab-455d-b277-e1d6ed72cb2c","actor_username":"leroy.salih@gmail.com","actor_via_sso":false,"log_type":"token"}', '2025-09-26 07:49:23.440965+00', ''),
	('00000000-0000-0000-0000-000000000000', '8e8d1c48-2518-4614-b690-bd5b6baa37e6', '{"action":"token_refreshed","actor_id":"63f9d3dd-c0ab-455d-b277-e1d6ed72cb2c","actor_username":"leroy.salih@gmail.com","actor_via_sso":false,"log_type":"token"}', '2025-09-26 09:02:01.174992+00', ''),
	('00000000-0000-0000-0000-000000000000', '626a0806-65d0-4b64-8819-2adedb2b58f2', '{"action":"token_revoked","actor_id":"63f9d3dd-c0ab-455d-b277-e1d6ed72cb2c","actor_username":"leroy.salih@gmail.com","actor_via_sso":false,"log_type":"token"}', '2025-09-26 09:02:01.176669+00', ''),
	('00000000-0000-0000-0000-000000000000', '1c4a0d69-d6c5-424a-b4e3-766de523775a', '{"action":"token_refreshed","actor_id":"63f9d3dd-c0ab-455d-b277-e1d6ed72cb2c","actor_username":"leroy.salih@gmail.com","actor_via_sso":false,"log_type":"token"}', '2025-09-26 13:43:16.802653+00', ''),
	('00000000-0000-0000-0000-000000000000', '03e04df4-e176-4880-9d24-f4a03e313e20', '{"action":"token_revoked","actor_id":"63f9d3dd-c0ab-455d-b277-e1d6ed72cb2c","actor_username":"leroy.salih@gmail.com","actor_via_sso":false,"log_type":"token"}', '2025-09-26 13:43:16.803716+00', ''),
	('00000000-0000-0000-0000-000000000000', '15e0dac6-179d-4bde-a3d9-dfd1f25583c8', '{"action":"token_refreshed","actor_id":"63f9d3dd-c0ab-455d-b277-e1d6ed72cb2c","actor_username":"leroy.salih@gmail.com","actor_via_sso":false,"log_type":"token"}', '2025-09-26 17:41:31.699915+00', ''),
	('00000000-0000-0000-0000-000000000000', '54c6db7c-6b0a-4875-9848-d3bc0bd1a80e', '{"action":"token_revoked","actor_id":"63f9d3dd-c0ab-455d-b277-e1d6ed72cb2c","actor_username":"leroy.salih@gmail.com","actor_via_sso":false,"log_type":"token"}', '2025-09-26 17:41:31.701355+00', ''),
	('00000000-0000-0000-0000-000000000000', '8b4a769c-abb2-4d2a-926d-cf2cb70c7a8d', '{"action":"token_refreshed","actor_id":"63f9d3dd-c0ab-455d-b277-e1d6ed72cb2c","actor_username":"leroy.salih@gmail.com","actor_via_sso":false,"log_type":"token"}', '2025-09-26 23:59:38.584088+00', ''),
	('00000000-0000-0000-0000-000000000000', '07de77c2-9184-43e2-b212-2cc3dd35f7f0', '{"action":"token_revoked","actor_id":"63f9d3dd-c0ab-455d-b277-e1d6ed72cb2c","actor_username":"leroy.salih@gmail.com","actor_via_sso":false,"log_type":"token"}', '2025-09-26 23:59:38.585694+00', ''),
	('00000000-0000-0000-0000-000000000000', 'e45274b7-926a-4546-b0e0-fe06a7dc686b', '{"action":"token_refreshed","actor_id":"63f9d3dd-c0ab-455d-b277-e1d6ed72cb2c","actor_username":"leroy.salih@gmail.com","actor_via_sso":false,"log_type":"token"}', '2025-09-27 01:00:10.026699+00', ''),
	('00000000-0000-0000-0000-000000000000', 'b0df9fc8-498c-40fd-aab7-52abe1cc2cc8', '{"action":"token_revoked","actor_id":"63f9d3dd-c0ab-455d-b277-e1d6ed72cb2c","actor_username":"leroy.salih@gmail.com","actor_via_sso":false,"log_type":"token"}', '2025-09-27 01:00:10.027821+00', ''),
	('00000000-0000-0000-0000-000000000000', '5858f823-8a68-4353-b7b7-4f94db32345c', '{"action":"token_refreshed","actor_id":"63f9d3dd-c0ab-455d-b277-e1d6ed72cb2c","actor_username":"leroy.salih@gmail.com","actor_via_sso":false,"log_type":"token"}', '2025-09-27 03:06:21.159103+00', ''),
	('00000000-0000-0000-0000-000000000000', 'cff9d41d-ab68-4e56-80a7-7165af986e74', '{"action":"token_revoked","actor_id":"63f9d3dd-c0ab-455d-b277-e1d6ed72cb2c","actor_username":"leroy.salih@gmail.com","actor_via_sso":false,"log_type":"token"}', '2025-09-27 03:06:21.160135+00', ''),
	('00000000-0000-0000-0000-000000000000', '15067a83-5657-4ead-ba38-2add1bac2d4c', '{"action":"token_refreshed","actor_id":"63f9d3dd-c0ab-455d-b277-e1d6ed72cb2c","actor_username":"leroy.salih@gmail.com","actor_via_sso":false,"log_type":"token"}', '2025-09-27 04:09:41.691538+00', ''),
	('00000000-0000-0000-0000-000000000000', '83c73c39-2a56-4f62-b680-55d99fbf2f44', '{"action":"token_revoked","actor_id":"63f9d3dd-c0ab-455d-b277-e1d6ed72cb2c","actor_username":"leroy.salih@gmail.com","actor_via_sso":false,"log_type":"token"}', '2025-09-27 04:09:41.692509+00', ''),
	('00000000-0000-0000-0000-000000000000', 'ac7a38c0-4112-4fb1-b5f2-3d49f9ef42d1', '{"action":"logout","actor_id":"63f9d3dd-c0ab-455d-b277-e1d6ed72cb2c","actor_username":"leroy.salih@gmail.com","actor_via_sso":false,"log_type":"account"}', '2025-09-27 04:41:07.757324+00', ''),
	('00000000-0000-0000-0000-000000000000', 'eef8fb8e-b9c4-46c6-a53d-4c62578b1bc1', '{"action":"login","actor_id":"63f9d3dd-c0ab-455d-b277-e1d6ed72cb2c","actor_username":"leroy.salih@gmail.com","actor_via_sso":false,"log_type":"account","traits":{"provider":"email"}}', '2025-09-27 04:47:37.966482+00', ''),
	('00000000-0000-0000-0000-000000000000', 'fa82538d-9893-447d-8cc1-ee025465c938', '{"action":"logout","actor_id":"63f9d3dd-c0ab-455d-b277-e1d6ed72cb2c","actor_username":"leroy.salih@gmail.com","actor_via_sso":false,"log_type":"account"}', '2025-09-27 04:47:49.058885+00', ''),
	('00000000-0000-0000-0000-000000000000', 'c68f7fe5-0d5b-49a9-93e7-c6be00ac55df', '{"action":"login","actor_id":"63f9d3dd-c0ab-455d-b277-e1d6ed72cb2c","actor_username":"leroy.salih@gmail.com","actor_via_sso":false,"log_type":"account","traits":{"provider":"email"}}', '2025-09-27 04:47:58.823535+00', ''),
	('00000000-0000-0000-0000-000000000000', '5fe04963-9e06-47b0-8f89-9afbc6bcef3d', '{"action":"logout","actor_id":"63f9d3dd-c0ab-455d-b277-e1d6ed72cb2c","actor_username":"leroy.salih@gmail.com","actor_via_sso":false,"log_type":"account"}', '2025-09-27 04:49:47.781403+00', ''),
	('00000000-0000-0000-0000-000000000000', 'cc72de36-eaff-4c51-ae9c-6d0190fb3c54', '{"action":"login","actor_id":"63f9d3dd-c0ab-455d-b277-e1d6ed72cb2c","actor_username":"leroy.salih@gmail.com","actor_via_sso":false,"log_type":"account","traits":{"provider":"email"}}', '2025-09-27 04:49:55.443+00', ''),
	('00000000-0000-0000-0000-000000000000', '125ab2b0-25ec-4ac1-abec-945c470bbf11', '{"action":"logout","actor_id":"63f9d3dd-c0ab-455d-b277-e1d6ed72cb2c","actor_username":"leroy.salih@gmail.com","actor_via_sso":false,"log_type":"account"}', '2025-09-27 04:50:02.442134+00', ''),
	('00000000-0000-0000-0000-000000000000', 'e485beae-e097-4230-82d4-5aad2ffaa7a7', '{"action":"login","actor_id":"63f9d3dd-c0ab-455d-b277-e1d6ed72cb2c","actor_username":"leroy.salih@gmail.com","actor_via_sso":false,"log_type":"account","traits":{"provider":"email"}}', '2025-09-27 04:50:15.715466+00', ''),
	('00000000-0000-0000-0000-000000000000', 'a1ca11ba-193a-4875-af43-26fa010a0970', '{"action":"login","actor_id":"63f9d3dd-c0ab-455d-b277-e1d6ed72cb2c","actor_username":"leroy.salih@gmail.com","actor_via_sso":false,"log_type":"account","traits":{"provider":"email"}}', '2025-09-27 05:09:59.122364+00', ''),
	('00000000-0000-0000-0000-000000000000', '32338c07-c700-4e06-a2e5-fea9031dfa45', '{"action":"token_refreshed","actor_id":"63f9d3dd-c0ab-455d-b277-e1d6ed72cb2c","actor_username":"leroy.salih@gmail.com","actor_via_sso":false,"log_type":"token"}', '2025-09-27 07:35:58.201192+00', ''),
	('00000000-0000-0000-0000-000000000000', '34c83d05-dda9-423a-970a-e3083f40a437', '{"action":"token_revoked","actor_id":"63f9d3dd-c0ab-455d-b277-e1d6ed72cb2c","actor_username":"leroy.salih@gmail.com","actor_via_sso":false,"log_type":"token"}', '2025-09-27 07:35:58.202707+00', ''),
	('00000000-0000-0000-0000-000000000000', '1ad82d5e-3a38-48cb-aa5a-16256bbad5dc', '{"action":"token_refreshed","actor_id":"63f9d3dd-c0ab-455d-b277-e1d6ed72cb2c","actor_username":"leroy.salih@gmail.com","actor_via_sso":false,"log_type":"token"}', '2025-09-27 07:36:16.45137+00', ''),
	('00000000-0000-0000-0000-000000000000', '435a6fae-0e18-464a-adcf-94547bad2dd7', '{"action":"token_revoked","actor_id":"63f9d3dd-c0ab-455d-b277-e1d6ed72cb2c","actor_username":"leroy.salih@gmail.com","actor_via_sso":false,"log_type":"token"}', '2025-09-27 07:36:16.45212+00', ''),
	('00000000-0000-0000-0000-000000000000', '69c9eba2-0a31-42f4-a602-3ada1ac1c16a', '{"action":"login","actor_id":"63f9d3dd-c0ab-455d-b277-e1d6ed72cb2c","actor_username":"leroy.salih@gmail.com","actor_via_sso":false,"log_type":"account","traits":{"provider":"email"}}', '2025-09-27 08:32:04.788863+00', ''),
	('00000000-0000-0000-0000-000000000000', '038f4602-e0b5-46e2-af7b-b31c5ac582ce', '{"action":"token_refreshed","actor_id":"63f9d3dd-c0ab-455d-b277-e1d6ed72cb2c","actor_username":"leroy.salih@gmail.com","actor_via_sso":false,"log_type":"token"}', '2025-09-27 09:36:37.658013+00', ''),
	('00000000-0000-0000-0000-000000000000', 'f6eab89b-0b4f-460d-9b9f-234e6debbc7d', '{"action":"token_revoked","actor_id":"63f9d3dd-c0ab-455d-b277-e1d6ed72cb2c","actor_username":"leroy.salih@gmail.com","actor_via_sso":false,"log_type":"token"}', '2025-09-27 09:36:37.659048+00', ''),
	('00000000-0000-0000-0000-000000000000', '691d4e50-b479-4b20-86b0-2cc7a7659b32', '{"action":"token_refreshed","actor_id":"63f9d3dd-c0ab-455d-b277-e1d6ed72cb2c","actor_username":"leroy.salih@gmail.com","actor_via_sso":false,"log_type":"token"}', '2025-09-27 10:53:35.314524+00', ''),
	('00000000-0000-0000-0000-000000000000', '9d9e6c10-c5b5-4300-b2e2-2f3f114c34e8', '{"action":"token_revoked","actor_id":"63f9d3dd-c0ab-455d-b277-e1d6ed72cb2c","actor_username":"leroy.salih@gmail.com","actor_via_sso":false,"log_type":"token"}', '2025-09-27 10:53:35.315665+00', ''),
	('00000000-0000-0000-0000-000000000000', '4c15ad4b-0fae-494e-974a-0addb9c43550', '{"action":"token_refreshed","actor_id":"63f9d3dd-c0ab-455d-b277-e1d6ed72cb2c","actor_username":"leroy.salih@gmail.com","actor_via_sso":false,"log_type":"token"}', '2025-09-27 13:16:02.399708+00', ''),
	('00000000-0000-0000-0000-000000000000', '7ab3d5d1-31a3-4cb7-8848-e7dace9ae9c6', '{"action":"token_revoked","actor_id":"63f9d3dd-c0ab-455d-b277-e1d6ed72cb2c","actor_username":"leroy.salih@gmail.com","actor_via_sso":false,"log_type":"token"}', '2025-09-27 13:16:02.401217+00', ''),
	('00000000-0000-0000-0000-000000000000', 'ad5fc8f7-850e-425f-980d-ab102ca6a248', '{"action":"token_refreshed","actor_id":"63f9d3dd-c0ab-455d-b277-e1d6ed72cb2c","actor_username":"leroy.salih@gmail.com","actor_via_sso":false,"log_type":"token"}', '2025-09-27 14:36:59.044529+00', ''),
	('00000000-0000-0000-0000-000000000000', 'ce3b0040-d946-44b9-8370-49bd336c753b', '{"action":"token_revoked","actor_id":"63f9d3dd-c0ab-455d-b277-e1d6ed72cb2c","actor_username":"leroy.salih@gmail.com","actor_via_sso":false,"log_type":"token"}', '2025-09-27 14:36:59.046105+00', ''),
	('00000000-0000-0000-0000-000000000000', 'ec2a4e92-aa66-48a2-bc55-0e4276df1f7a', '{"action":"token_refreshed","actor_id":"63f9d3dd-c0ab-455d-b277-e1d6ed72cb2c","actor_username":"leroy.salih@gmail.com","actor_via_sso":false,"log_type":"token"}', '2025-09-27 15:03:25.491103+00', ''),
	('00000000-0000-0000-0000-000000000000', 'd0dbc959-97d7-4ff2-a8bb-58c3cc996eca', '{"action":"token_revoked","actor_id":"63f9d3dd-c0ab-455d-b277-e1d6ed72cb2c","actor_username":"leroy.salih@gmail.com","actor_via_sso":false,"log_type":"token"}', '2025-09-27 15:03:25.492498+00', ''),
	('00000000-0000-0000-0000-000000000000', '849c9057-b449-41b9-bfb0-6480dbefd0ee', '{"action":"token_refreshed","actor_id":"63f9d3dd-c0ab-455d-b277-e1d6ed72cb2c","actor_username":"leroy.salih@gmail.com","actor_via_sso":false,"log_type":"token"}', '2025-09-27 16:01:49.342945+00', ''),
	('00000000-0000-0000-0000-000000000000', 'd9ed469a-9063-4bef-abda-d22183fb66cb', '{"action":"token_revoked","actor_id":"63f9d3dd-c0ab-455d-b277-e1d6ed72cb2c","actor_username":"leroy.salih@gmail.com","actor_via_sso":false,"log_type":"token"}', '2025-09-27 16:01:49.344201+00', ''),
	('00000000-0000-0000-0000-000000000000', '912361ba-b738-428d-b21b-ef1535e72edf', '{"action":"token_refreshed","actor_id":"63f9d3dd-c0ab-455d-b277-e1d6ed72cb2c","actor_username":"leroy.salih@gmail.com","actor_via_sso":false,"log_type":"token"}', '2025-09-27 16:16:11.043853+00', ''),
	('00000000-0000-0000-0000-000000000000', '61dcfecc-ec14-4981-823d-c6ee116773ed', '{"action":"token_revoked","actor_id":"63f9d3dd-c0ab-455d-b277-e1d6ed72cb2c","actor_username":"leroy.salih@gmail.com","actor_via_sso":false,"log_type":"token"}', '2025-09-27 16:16:11.045632+00', ''),
	('00000000-0000-0000-0000-000000000000', '3c0564e4-cddf-422b-9510-e711836afb18', '{"action":"token_refreshed","actor_id":"63f9d3dd-c0ab-455d-b277-e1d6ed72cb2c","actor_username":"leroy.salih@gmail.com","actor_via_sso":false,"log_type":"token"}', '2025-09-27 17:33:35.607854+00', ''),
	('00000000-0000-0000-0000-000000000000', '204e9c00-17f8-4aaa-a964-fb6fa78d3ffe', '{"action":"token_revoked","actor_id":"63f9d3dd-c0ab-455d-b277-e1d6ed72cb2c","actor_username":"leroy.salih@gmail.com","actor_via_sso":false,"log_type":"token"}', '2025-09-27 17:33:35.609236+00', ''),
	('00000000-0000-0000-0000-000000000000', '8bd6ce68-8f52-4616-a4d7-f300d05a8590', '{"action":"token_refreshed","actor_id":"63f9d3dd-c0ab-455d-b277-e1d6ed72cb2c","actor_username":"leroy.salih@gmail.com","actor_via_sso":false,"log_type":"token"}', '2025-09-27 22:48:10.176634+00', ''),
	('00000000-0000-0000-0000-000000000000', '78625b69-3eae-4e3c-adee-a7db871406bb', '{"action":"token_revoked","actor_id":"63f9d3dd-c0ab-455d-b277-e1d6ed72cb2c","actor_username":"leroy.salih@gmail.com","actor_via_sso":false,"log_type":"token"}', '2025-09-27 22:48:10.177667+00', ''),
	('00000000-0000-0000-0000-000000000000', 'e836fc0d-b7f7-4f71-8420-f63eb5ebdb3a', '{"action":"token_refreshed","actor_id":"63f9d3dd-c0ab-455d-b277-e1d6ed72cb2c","actor_username":"leroy.salih@gmail.com","actor_via_sso":false,"log_type":"token"}', '2025-09-27 23:27:36.902168+00', ''),
	('00000000-0000-0000-0000-000000000000', 'd5d8fd77-9402-42e8-b236-5abaf7f2f898', '{"action":"token_revoked","actor_id":"63f9d3dd-c0ab-455d-b277-e1d6ed72cb2c","actor_username":"leroy.salih@gmail.com","actor_via_sso":false,"log_type":"token"}', '2025-09-27 23:27:36.904242+00', ''),
	('00000000-0000-0000-0000-000000000000', '31ed91cf-2139-465b-bb72-7bcb70c50762', '{"action":"token_refreshed","actor_id":"63f9d3dd-c0ab-455d-b277-e1d6ed72cb2c","actor_username":"leroy.salih@gmail.com","actor_via_sso":false,"log_type":"token"}', '2025-09-27 23:48:34.867757+00', ''),
	('00000000-0000-0000-0000-000000000000', '16696a65-410e-4ade-981d-8271dc83a09b', '{"action":"token_revoked","actor_id":"63f9d3dd-c0ab-455d-b277-e1d6ed72cb2c","actor_username":"leroy.salih@gmail.com","actor_via_sso":false,"log_type":"token"}', '2025-09-27 23:48:34.869205+00', ''),
	('00000000-0000-0000-0000-000000000000', '68909da0-61dc-46c9-91b7-ad9987bdd099', '{"action":"token_refreshed","actor_id":"63f9d3dd-c0ab-455d-b277-e1d6ed72cb2c","actor_username":"leroy.salih@gmail.com","actor_via_sso":false,"log_type":"token"}', '2025-09-28 03:52:37.033462+00', ''),
	('00000000-0000-0000-0000-000000000000', '46287579-d5b8-43d4-b6f9-d1e5f2f678c1', '{"action":"token_revoked","actor_id":"63f9d3dd-c0ab-455d-b277-e1d6ed72cb2c","actor_username":"leroy.salih@gmail.com","actor_via_sso":false,"log_type":"token"}', '2025-09-28 03:52:37.034638+00', ''),
	('00000000-0000-0000-0000-000000000000', '535c183e-71db-4d31-b73b-7deb02ea9055', '{"action":"logout","actor_id":"63f9d3dd-c0ab-455d-b277-e1d6ed72cb2c","actor_username":"leroy.salih@gmail.com","actor_via_sso":false,"log_type":"account"}', '2025-09-28 03:52:40.660885+00', ''),
	('00000000-0000-0000-0000-000000000000', '0310cbc9-4335-4c4d-a56b-1f37d0b8ccbf', '{"action":"login","actor_id":"63f9d3dd-c0ab-455d-b277-e1d6ed72cb2c","actor_username":"leroy.salih@gmail.com","actor_via_sso":false,"log_type":"account","traits":{"provider":"email"}}', '2025-09-28 03:52:58.275726+00', ''),
	('00000000-0000-0000-0000-000000000000', 'bb0d7662-782a-4348-aa12-825a33920458', '{"action":"login","actor_id":"63f9d3dd-c0ab-455d-b277-e1d6ed72cb2c","actor_username":"leroy.salih@gmail.com","actor_via_sso":false,"log_type":"account","traits":{"provider":"email"}}', '2025-09-28 03:53:29.455334+00', ''),
	('00000000-0000-0000-0000-000000000000', 'bd122612-12d4-4b74-88e3-27e7ab49457f', '{"action":"token_refreshed","actor_id":"63f9d3dd-c0ab-455d-b277-e1d6ed72cb2c","actor_username":"leroy.salih@gmail.com","actor_via_sso":false,"log_type":"token"}', '2025-09-28 05:02:47.018481+00', ''),
	('00000000-0000-0000-0000-000000000000', 'fe2c808d-3d4b-4d04-97a2-1cb8b1d6ec27', '{"action":"token_revoked","actor_id":"63f9d3dd-c0ab-455d-b277-e1d6ed72cb2c","actor_username":"leroy.salih@gmail.com","actor_via_sso":false,"log_type":"token"}', '2025-09-28 05:02:47.019767+00', ''),
	('00000000-0000-0000-0000-000000000000', '7baf517f-c992-4f9c-ac7a-34963757242f', '{"action":"token_refreshed","actor_id":"63f9d3dd-c0ab-455d-b277-e1d6ed72cb2c","actor_username":"leroy.salih@gmail.com","actor_via_sso":false,"log_type":"token"}', '2025-09-28 05:46:16.068447+00', ''),
	('00000000-0000-0000-0000-000000000000', '59a33f46-d449-465f-91f0-2faa524084d8', '{"action":"token_revoked","actor_id":"63f9d3dd-c0ab-455d-b277-e1d6ed72cb2c","actor_username":"leroy.salih@gmail.com","actor_via_sso":false,"log_type":"token"}', '2025-09-28 05:46:16.069644+00', ''),
	('00000000-0000-0000-0000-000000000000', 'f1968741-1c8f-4088-b3cb-9ad67480ef65', '{"action":"user_signedup","actor_id":"46340dab-faa0-4f2d-8980-bf4c98d00c6c","actor_username":"apeirano@bisak.org","actor_via_sso":false,"log_type":"team","traits":{"provider":"email"}}', '2025-09-28 05:49:36.058974+00', ''),
	('00000000-0000-0000-0000-000000000000', '610aa62e-e69a-4598-9f18-d7c1ed961f51', '{"action":"login","actor_id":"46340dab-faa0-4f2d-8980-bf4c98d00c6c","actor_username":"apeirano@bisak.org","actor_via_sso":false,"log_type":"account","traits":{"provider":"email"}}', '2025-09-28 05:49:36.063879+00', ''),
	('00000000-0000-0000-0000-000000000000', '86cacc43-ae72-446f-841f-2b3321ee6b4b', '{"action":"user_signedup","actor_id":"0503adf6-4e05-4f0d-8802-660dcfbee96c","actor_username":"lobadawi@bisak.org","actor_via_sso":false,"log_type":"team","traits":{"provider":"email"}}', '2025-09-28 05:49:48.034777+00', ''),
	('00000000-0000-0000-0000-000000000000', 'd38c95a8-35d0-4486-8b1c-99072cc9a12c', '{"action":"login","actor_id":"0503adf6-4e05-4f0d-8802-660dcfbee96c","actor_username":"lobadawi@bisak.org","actor_via_sso":false,"log_type":"account","traits":{"provider":"email"}}', '2025-09-28 05:49:48.038261+00', ''),
	('00000000-0000-0000-0000-000000000000', 'f96111d3-54ad-4528-b028-88c10ff6cf78', '{"action":"user_signedup","actor_id":"7e3f6a84-e2ec-458c-953e-bb83bd693ecc","actor_username":"kpoole@bisak.org","actor_via_sso":false,"log_type":"team","traits":{"provider":"email"}}', '2025-09-28 05:49:51.063719+00', ''),
	('00000000-0000-0000-0000-000000000000', 'e968a1be-9208-473d-a8f9-c7ebd3e192fe', '{"action":"login","actor_id":"7e3f6a84-e2ec-458c-953e-bb83bd693ecc","actor_username":"kpoole@bisak.org","actor_via_sso":false,"log_type":"account","traits":{"provider":"email"}}', '2025-09-28 05:49:51.067396+00', ''),
	('00000000-0000-0000-0000-000000000000', 'fa00666b-3757-4b0a-b975-63153a425fe0', '{"action":"user_signedup","actor_id":"0c66c9e3-ad69-4a39-be10-59c48d04c65a","actor_username":"mmohamed@bisak.org","actor_via_sso":false,"log_type":"team","traits":{"provider":"email"}}', '2025-09-28 05:49:53.73994+00', ''),
	('00000000-0000-0000-0000-000000000000', '4dac0d80-23d8-4410-adf7-00eb6120b3a5', '{"action":"login","actor_id":"0c66c9e3-ad69-4a39-be10-59c48d04c65a","actor_username":"mmohamed@bisak.org","actor_via_sso":false,"log_type":"account","traits":{"provider":"email"}}', '2025-09-28 05:49:53.743351+00', ''),
	('00000000-0000-0000-0000-000000000000', '02ba00cd-5a40-47d4-a3d5-10f650b7f43c', '{"action":"user_signedup","actor_id":"81a9b148-9ff0-4678-8178-1fe37e8afe72","actor_username":"rnascimento@bisak.org","actor_via_sso":false,"log_type":"team","traits":{"provider":"email"}}', '2025-09-28 05:50:04.20722+00', ''),
	('00000000-0000-0000-0000-000000000000', '71a462b2-6490-42e6-83eb-fed097682ad3', '{"action":"login","actor_id":"81a9b148-9ff0-4678-8178-1fe37e8afe72","actor_username":"rnascimento@bisak.org","actor_via_sso":false,"log_type":"account","traits":{"provider":"email"}}', '2025-09-28 05:50:04.210598+00', ''),
	('00000000-0000-0000-0000-000000000000', '0ff4e952-802a-4806-b24e-fe3c99df9ce0', '{"action":"user_signedup","actor_id":"c4f2521e-86c2-43a6-a680-4f5b642c3dd7","actor_username":"dalsaadi@bisak.org","actor_via_sso":false,"log_type":"team","traits":{"provider":"email"}}', '2025-09-28 05:50:12.977314+00', ''),
	('00000000-0000-0000-0000-000000000000', '2612de88-bd3e-43da-86c4-5f8752d992cb', '{"action":"login","actor_id":"c4f2521e-86c2-43a6-a680-4f5b642c3dd7","actor_username":"dalsaadi@bisak.org","actor_via_sso":false,"log_type":"account","traits":{"provider":"email"}}', '2025-09-28 05:50:12.980675+00', ''),
	('00000000-0000-0000-0000-000000000000', '4b062456-96d3-4edf-b6f8-a6829689a2d4', '{"action":"user_signedup","actor_id":"24d1c27d-3365-4ceb-8909-c9c08444af9f","actor_username":"eakiri@bisak.org","actor_via_sso":false,"log_type":"team","traits":{"provider":"email"}}', '2025-09-28 05:50:23.705232+00', ''),
	('00000000-0000-0000-0000-000000000000', '82682737-5c6d-46f8-918a-bb79290d84c3', '{"action":"login","actor_id":"24d1c27d-3365-4ceb-8909-c9c08444af9f","actor_username":"eakiri@bisak.org","actor_via_sso":false,"log_type":"account","traits":{"provider":"email"}}', '2025-09-28 05:50:23.708494+00', ''),
	('00000000-0000-0000-0000-000000000000', 'c4ad90cd-59a7-4c2b-853e-631979da2c29', '{"action":"user_signedup","actor_id":"f69e0ef5-9d5b-41bf-857b-c78e20e75c1d","actor_username":"cjubran@bisak.org","actor_via_sso":false,"log_type":"team","traits":{"provider":"email"}}', '2025-09-28 05:50:24.667423+00', ''),
	('00000000-0000-0000-0000-000000000000', '82502dd4-64ea-4f6c-99c1-4cd205e422a6', '{"action":"login","actor_id":"f69e0ef5-9d5b-41bf-857b-c78e20e75c1d","actor_username":"cjubran@bisak.org","actor_via_sso":false,"log_type":"account","traits":{"provider":"email"}}', '2025-09-28 05:50:24.670808+00', ''),
	('00000000-0000-0000-0000-000000000000', '10580c13-e58c-4e1d-8655-8353e258757e', '{"action":"user_signedup","actor_id":"ece878d8-6e44-4f37-b38b-99dbd19f5518","actor_username":"ikamran@bisak.org","actor_via_sso":false,"log_type":"team","traits":{"provider":"email"}}', '2025-09-28 05:50:25.715522+00', ''),
	('00000000-0000-0000-0000-000000000000', '94e5675c-a4f6-4da6-ad3b-57724d2d1164', '{"action":"login","actor_id":"ece878d8-6e44-4f37-b38b-99dbd19f5518","actor_username":"ikamran@bisak.org","actor_via_sso":false,"log_type":"account","traits":{"provider":"email"}}', '2025-09-28 05:50:25.719263+00', ''),
	('00000000-0000-0000-0000-000000000000', 'aad62efa-d069-4757-8e39-1ba10dc69a94', '{"action":"user_signedup","actor_id":"cbc7e991-08eb-4838-a10c-3ea2cb10e2d8","actor_username":"spiracha@bisak.org","actor_via_sso":false,"log_type":"team","traits":{"provider":"email"}}', '2025-09-28 05:50:26.325026+00', ''),
	('00000000-0000-0000-0000-000000000000', 'dd9519ec-aba9-46ca-ac12-e6f6a7bbfddf', '{"action":"login","actor_id":"cbc7e991-08eb-4838-a10c-3ea2cb10e2d8","actor_username":"spiracha@bisak.org","actor_via_sso":false,"log_type":"account","traits":{"provider":"email"}}', '2025-09-28 05:50:26.329438+00', ''),
	('00000000-0000-0000-0000-000000000000', 'ec9431b4-a76f-44cf-8223-208269b27e4c', '{"action":"user_signedup","actor_id":"c0f570d7-9772-4a31-b5cd-d78e702f4dcb","actor_username":"hna@bisak.org","actor_via_sso":false,"log_type":"team","traits":{"provider":"email"}}', '2025-09-28 05:50:26.332104+00', ''),
	('00000000-0000-0000-0000-000000000000', '7523b393-df49-498e-9e28-9546b181a08b', '{"action":"login","actor_id":"c0f570d7-9772-4a31-b5cd-d78e702f4dcb","actor_username":"hna@bisak.org","actor_via_sso":false,"log_type":"account","traits":{"provider":"email"}}', '2025-09-28 05:50:26.33694+00', ''),
	('00000000-0000-0000-0000-000000000000', '404bc5b6-c47d-4ef5-9064-a09d8b6bde8c', '{"action":"user_signedup","actor_id":"964430f8-1194-4c00-a640-b795663c24e1","actor_username":"fromaysequeiros@bisak.org","actor_via_sso":false,"log_type":"team","traits":{"provider":"email"}}', '2025-09-28 05:50:40.473799+00', ''),
	('00000000-0000-0000-0000-000000000000', '271eb99c-4d7c-463d-8aed-2631ef2bcfd5', '{"action":"login","actor_id":"964430f8-1194-4c00-a640-b795663c24e1","actor_username":"fromaysequeiros@bisak.org","actor_via_sso":false,"log_type":"account","traits":{"provider":"email"}}', '2025-09-28 05:50:40.477592+00', ''),
	('00000000-0000-0000-0000-000000000000', '39d889e0-c499-4bbc-be0f-346db1eb0915', '{"action":"user_signedup","actor_id":"346d62db-eb7a-4c5e-b798-7dec26f75302","actor_username":"abkhan@bisak.org","actor_via_sso":false,"log_type":"team","traits":{"provider":"email"}}', '2025-09-28 05:51:12.603275+00', ''),
	('00000000-0000-0000-0000-000000000000', 'b28a2a18-9fb6-4fa9-af81-921decce0235', '{"action":"login","actor_id":"346d62db-eb7a-4c5e-b798-7dec26f75302","actor_username":"abkhan@bisak.org","actor_via_sso":false,"log_type":"account","traits":{"provider":"email"}}', '2025-09-28 05:51:12.606899+00', ''),
	('00000000-0000-0000-0000-000000000000', 'b72a98c1-52bc-491c-a418-87a6ad9fb8dd', '{"action":"user_signedup","actor_id":"3bbc42b1-4ea6-48e3-84ad-6966551a3802","actor_username":"shenry@bisak.org","actor_via_sso":false,"log_type":"team","traits":{"provider":"email"}}', '2025-09-28 05:51:20.826371+00', ''),
	('00000000-0000-0000-0000-000000000000', '1c0a0a9b-0479-497b-99ac-a54cd8715478', '{"action":"login","actor_id":"3bbc42b1-4ea6-48e3-84ad-6966551a3802","actor_username":"shenry@bisak.org","actor_via_sso":false,"log_type":"account","traits":{"provider":"email"}}', '2025-09-28 05:51:20.829986+00', ''),
	('00000000-0000-0000-0000-000000000000', '17a1634f-cde7-4a8a-b9e1-aa3c6c6e16c5', '{"action":"user_signedup","actor_id":"a0380237-abea-4988-84c7-c9d43179d2be","actor_username":"agarg@bisak.org","actor_via_sso":false,"log_type":"team","traits":{"provider":"email"}}', '2025-09-28 05:51:52.118682+00', ''),
	('00000000-0000-0000-0000-000000000000', 'fa74d595-2686-4f8e-a46e-0afe16206b08', '{"action":"login","actor_id":"a0380237-abea-4988-84c7-c9d43179d2be","actor_username":"agarg@bisak.org","actor_via_sso":false,"log_type":"account","traits":{"provider":"email"}}', '2025-09-28 05:51:52.12226+00', ''),
	('00000000-0000-0000-0000-000000000000', 'cac6540c-d67e-41b7-9f2a-f4476d66d419', '{"action":"user_signedup","actor_id":"969dbda5-2815-41e3-84bd-d14dd102eb39","actor_username":"mohsyed@bisak.org","actor_via_sso":false,"log_type":"team","traits":{"provider":"email"}}', '2025-09-28 05:52:21.706858+00', ''),
	('00000000-0000-0000-0000-000000000000', '0566b697-1039-4964-9839-d664f7b63413', '{"action":"login","actor_id":"969dbda5-2815-41e3-84bd-d14dd102eb39","actor_username":"mohsyed@bisak.org","actor_via_sso":false,"log_type":"account","traits":{"provider":"email"}}', '2025-09-28 05:52:21.711445+00', ''),
	('00000000-0000-0000-0000-000000000000', '3bcce2eb-0306-48d7-9b0f-902922d63729', '{"action":"user_repeated_signup","actor_id":"969dbda5-2815-41e3-84bd-d14dd102eb39","actor_username":"mohsyed@bisak.org","actor_via_sso":false,"log_type":"user","traits":{"provider":"email"}}', '2025-09-28 05:52:23.021534+00', ''),
	('00000000-0000-0000-0000-000000000000', '5ea5959d-4a04-4307-ac64-787cfd722f32', '{"action":"logout","actor_id":"3bbc42b1-4ea6-48e3-84ad-6966551a3802","actor_username":"shenry@bisak.org","actor_via_sso":false,"log_type":"account"}', '2025-09-28 05:52:25.94842+00', ''),
	('00000000-0000-0000-0000-000000000000', '38ed14f9-7e55-47ac-864f-1b231653fbf8', '{"action":"logout","actor_id":"7e3f6a84-e2ec-458c-953e-bb83bd693ecc","actor_username":"kpoole@bisak.org","actor_via_sso":false,"log_type":"account"}', '2025-09-28 05:52:26.730419+00', ''),
	('00000000-0000-0000-0000-000000000000', '80a0ce5a-cdb6-40ec-9316-ccf31a45b44f', '{"action":"logout","actor_id":"ece878d8-6e44-4f37-b38b-99dbd19f5518","actor_username":"ikamran@bisak.org","actor_via_sso":false,"log_type":"account"}', '2025-09-28 05:52:26.899092+00', ''),
	('00000000-0000-0000-0000-000000000000', '6d23577e-4f56-4c38-aaf1-ff3c5139f099', '{"action":"logout","actor_id":"81a9b148-9ff0-4678-8178-1fe37e8afe72","actor_username":"rnascimento@bisak.org","actor_via_sso":false,"log_type":"account"}', '2025-09-28 05:52:27.089839+00', ''),
	('00000000-0000-0000-0000-000000000000', '87261747-c76c-441f-b30f-655cf09e3491', '{"action":"logout","actor_id":"24d1c27d-3365-4ceb-8909-c9c08444af9f","actor_username":"eakiri@bisak.org","actor_via_sso":false,"log_type":"account"}', '2025-09-28 05:52:27.146447+00', ''),
	('00000000-0000-0000-0000-000000000000', 'abbbb688-b65b-47b8-9777-05376667b023', '{"action":"logout","actor_id":"0c66c9e3-ad69-4a39-be10-59c48d04c65a","actor_username":"mmohamed@bisak.org","actor_via_sso":false,"log_type":"account"}', '2025-09-28 05:52:27.242595+00', ''),
	('00000000-0000-0000-0000-000000000000', '9febf090-3ed4-44ce-ae46-78a787465b5a', '{"action":"logout","actor_id":"964430f8-1194-4c00-a640-b795663c24e1","actor_username":"fromaysequeiros@bisak.org","actor_via_sso":false,"log_type":"account"}', '2025-09-28 05:52:28.447864+00', ''),
	('00000000-0000-0000-0000-000000000000', '14725c57-9737-4cc2-aa7d-77af3b91d428', '{"action":"logout","actor_id":"c4f2521e-86c2-43a6-a680-4f5b642c3dd7","actor_username":"dalsaadi@bisak.org","actor_via_sso":false,"log_type":"account"}', '2025-09-28 05:52:29.544497+00', ''),
	('00000000-0000-0000-0000-000000000000', '1534fd19-4bc4-4561-a9ca-4b2daf45f004', '{"action":"logout","actor_id":"f69e0ef5-9d5b-41bf-857b-c78e20e75c1d","actor_username":"cjubran@bisak.org","actor_via_sso":false,"log_type":"account"}', '2025-09-28 05:52:30.225036+00', ''),
	('00000000-0000-0000-0000-000000000000', 'c35e4624-583b-4899-8b61-d1ed627066ce', '{"action":"logout","actor_id":"0503adf6-4e05-4f0d-8802-660dcfbee96c","actor_username":"lobadawi@bisak.org","actor_via_sso":false,"log_type":"account"}', '2025-09-28 05:52:31.62036+00', ''),
	('00000000-0000-0000-0000-000000000000', 'd664ab45-5b55-4930-ab4e-63b0032f06ee', '{"action":"logout","actor_id":"46340dab-faa0-4f2d-8980-bf4c98d00c6c","actor_username":"apeirano@bisak.org","actor_via_sso":false,"log_type":"account"}', '2025-09-28 05:52:33.780628+00', ''),
	('00000000-0000-0000-0000-000000000000', '1e3619c7-e0a8-49ac-afd8-78feebeb2334', '{"action":"user_signedup","actor_id":"f6bdf187-d0bc-4c37-8034-202cfb4fb6db","actor_username":"cku@bisak.org","actor_via_sso":false,"log_type":"team","traits":{"provider":"email"}}', '2025-09-28 05:52:44.241776+00', ''),
	('00000000-0000-0000-0000-000000000000', '48948343-e3ec-4963-81e1-381557cec955', '{"action":"login","actor_id":"f6bdf187-d0bc-4c37-8034-202cfb4fb6db","actor_username":"cku@bisak.org","actor_via_sso":false,"log_type":"account","traits":{"provider":"email"}}', '2025-09-28 05:52:44.245236+00', ''),
	('00000000-0000-0000-0000-000000000000', 'c16f1bb9-6ba0-4e7e-84eb-9c3001fce092', '{"action":"user_repeated_signup","actor_id":"f6bdf187-d0bc-4c37-8034-202cfb4fb6db","actor_username":"cku@bisak.org","actor_via_sso":false,"log_type":"user","traits":{"provider":"email"}}', '2025-09-28 05:52:45.882737+00', ''),
	('00000000-0000-0000-0000-000000000000', '3380b1e2-a8d4-40cf-96ec-354c035842f3', '{"action":"login","actor_id":"964430f8-1194-4c00-a640-b795663c24e1","actor_username":"fromaysequeiros@bisak.org","actor_via_sso":false,"log_type":"account","traits":{"provider":"email"}}', '2025-09-28 05:52:52.150157+00', ''),
	('00000000-0000-0000-0000-000000000000', '2fe82919-d1f2-4083-8ad9-291d85ac5e18', '{"action":"logout","actor_id":"c0f570d7-9772-4a31-b5cd-d78e702f4dcb","actor_username":"hna@bisak.org","actor_via_sso":false,"log_type":"account"}', '2025-09-28 05:53:03.190158+00', ''),
	('00000000-0000-0000-0000-000000000000', '23e94bf4-7e64-4a85-9593-7d73253b05cd', '{"action":"logout","actor_id":"964430f8-1194-4c00-a640-b795663c24e1","actor_username":"fromaysequeiros@bisak.org","actor_via_sso":false,"log_type":"account"}', '2025-09-28 05:53:34.439873+00', ''),
	('00000000-0000-0000-0000-000000000000', '168bc9a0-1a14-4409-9479-207629b79ad8', '{"action":"logout","actor_id":"a0380237-abea-4988-84c7-c9d43179d2be","actor_username":"agarg@bisak.org","actor_via_sso":false,"log_type":"account"}', '2025-09-28 05:53:57.55626+00', ''),
	('00000000-0000-0000-0000-000000000000', '0e221091-c0d4-45c5-a220-e09ec737916a', '{"action":"logout","actor_id":"f6bdf187-d0bc-4c37-8034-202cfb4fb6db","actor_username":"cku@bisak.org","actor_via_sso":false,"log_type":"account"}', '2025-09-28 05:54:00.807122+00', ''),
	('00000000-0000-0000-0000-000000000000', '49fb7b5f-cb41-454d-a642-edc3371a0edc', '{"action":"logout","actor_id":"969dbda5-2815-41e3-84bd-d14dd102eb39","actor_username":"mohsyed@bisak.org","actor_via_sso":false,"log_type":"account"}', '2025-09-28 05:54:58.595478+00', ''),
	('00000000-0000-0000-0000-000000000000', 'fb1c10c7-39d8-4ebc-99fe-92290909c3b5', '{"action":"logout","actor_id":"346d62db-eb7a-4c5e-b798-7dec26f75302","actor_username":"abkhan@bisak.org","actor_via_sso":false,"log_type":"account"}', '2025-09-28 05:56:03.800099+00', ''),
	('00000000-0000-0000-0000-000000000000', '98b9f5bf-17d5-4f62-9b49-0b9690b735f0', '{"action":"token_refreshed","actor_id":"63f9d3dd-c0ab-455d-b277-e1d6ed72cb2c","actor_username":"leroy.salih@gmail.com","actor_via_sso":false,"log_type":"token"}', '2025-09-28 06:48:58.754758+00', ''),
	('00000000-0000-0000-0000-000000000000', 'd1a74aa0-8ebd-4534-887c-70d542cc19bd', '{"action":"token_revoked","actor_id":"63f9d3dd-c0ab-455d-b277-e1d6ed72cb2c","actor_username":"leroy.salih@gmail.com","actor_via_sso":false,"log_type":"token"}', '2025-09-28 06:48:58.7563+00', ''),
	('00000000-0000-0000-0000-000000000000', '86756635-f4cc-4a96-9994-094ad5bf35e4', '{"action":"token_refreshed","actor_id":"63f9d3dd-c0ab-455d-b277-e1d6ed72cb2c","actor_username":"leroy.salih@gmail.com","actor_via_sso":false,"log_type":"token"}', '2025-09-28 08:02:28.7895+00', ''),
	('00000000-0000-0000-0000-000000000000', '83d7c50b-826a-4651-adb9-2931a9244daf', '{"action":"token_revoked","actor_id":"63f9d3dd-c0ab-455d-b277-e1d6ed72cb2c","actor_username":"leroy.salih@gmail.com","actor_via_sso":false,"log_type":"token"}', '2025-09-28 08:02:28.790718+00', ''),
	('00000000-0000-0000-0000-000000000000', '1092c7ec-58ae-4d46-8a0a-50a4877a2f17', '{"action":"user_signedup","actor_id":"e1ee44b9-0153-4d85-ab89-131b71189383","actor_username":"mnaqvi@bisak.org","actor_via_sso":false,"log_type":"team","traits":{"provider":"email"}}', '2025-09-28 08:03:51.454366+00', ''),
	('00000000-0000-0000-0000-000000000000', '56177730-2f1b-45ce-b1d2-aa4c038641df', '{"action":"login","actor_id":"e1ee44b9-0153-4d85-ab89-131b71189383","actor_username":"mnaqvi@bisak.org","actor_via_sso":false,"log_type":"account","traits":{"provider":"email"}}', '2025-09-28 08:03:51.459203+00', ''),
	('00000000-0000-0000-0000-000000000000', '6a1f8979-3509-407c-94c1-78ffbf5c4f67', '{"action":"user_signedup","actor_id":"d4b7fb1a-fc13-4878-ac15-2ac89009449a","actor_username":"amakram@bisak.org","actor_via_sso":false,"log_type":"team","traits":{"provider":"email"}}', '2025-09-28 08:03:57.883135+00', ''),
	('00000000-0000-0000-0000-000000000000', '71f19072-cc81-4905-b600-27301ade8dc7', '{"action":"login","actor_id":"d4b7fb1a-fc13-4878-ac15-2ac89009449a","actor_username":"amakram@bisak.org","actor_via_sso":false,"log_type":"account","traits":{"provider":"email"}}', '2025-09-28 08:03:57.886562+00', ''),
	('00000000-0000-0000-0000-000000000000', 'd995b294-bb14-4b3c-9b86-70ddfab08a37', '{"action":"user_signedup","actor_id":"6fd3433f-e468-4d21-b42b-36ea1ab60db7","actor_username":"mkearney@bisak.org","actor_via_sso":false,"log_type":"team","traits":{"provider":"email"}}', '2025-09-28 08:04:02.982263+00', ''),
	('00000000-0000-0000-0000-000000000000', '45c2b830-6870-4299-9129-5358cd9e9f31', '{"action":"login","actor_id":"6fd3433f-e468-4d21-b42b-36ea1ab60db7","actor_username":"mkearney@bisak.org","actor_via_sso":false,"log_type":"account","traits":{"provider":"email"}}', '2025-09-28 08:04:02.985657+00', ''),
	('00000000-0000-0000-0000-000000000000', '3608dccd-f610-4a6a-a990-4295340afde9', '{"action":"user_signedup","actor_id":"71fc12a2-b572-4853-869d-a31bbc71d7b7","actor_username":"dsangaru@bisak.org","actor_via_sso":false,"log_type":"team","traits":{"provider":"email"}}', '2025-09-28 08:04:05.055711+00', ''),
	('00000000-0000-0000-0000-000000000000', '8221f2ee-c01c-43ac-a1eb-d7ee581f385d', '{"action":"login","actor_id":"71fc12a2-b572-4853-869d-a31bbc71d7b7","actor_username":"dsangaru@bisak.org","actor_via_sso":false,"log_type":"account","traits":{"provider":"email"}}', '2025-09-28 08:04:05.059566+00', ''),
	('00000000-0000-0000-0000-000000000000', '4e74993d-095c-40bc-b0c6-adaf1cb2b432', '{"action":"user_signedup","actor_id":"14b19cda-dd95-4ead-bf2e-9cb53d0c9524","actor_username":"tbissengaliyev@bisk.org","actor_via_sso":false,"log_type":"team","traits":{"provider":"email"}}', '2025-09-28 08:04:12.842137+00', ''),
	('00000000-0000-0000-0000-000000000000', '62c6219d-306d-46d4-9d92-17b94781fa65', '{"action":"login","actor_id":"14b19cda-dd95-4ead-bf2e-9cb53d0c9524","actor_username":"tbissengaliyev@bisk.org","actor_via_sso":false,"log_type":"account","traits":{"provider":"email"}}', '2025-09-28 08:04:12.845832+00', ''),
	('00000000-0000-0000-0000-000000000000', '3f3f7ccc-82b2-4e42-8a64-4fa8a0f6956b', '{"action":"user_signedup","actor_id":"8896700d-4f9e-466f-8b1b-f3d24de12076","actor_username":"mufaisal@bisak.org","actor_via_sso":false,"log_type":"team","traits":{"provider":"email"}}', '2025-09-28 08:04:15.515337+00', ''),
	('00000000-0000-0000-0000-000000000000', '84c620fb-1910-45de-a869-c18fc1b32c30', '{"action":"login","actor_id":"8896700d-4f9e-466f-8b1b-f3d24de12076","actor_username":"mufaisal@bisak.org","actor_via_sso":false,"log_type":"account","traits":{"provider":"email"}}', '2025-09-28 08:04:15.518932+00', ''),
	('00000000-0000-0000-0000-000000000000', '7a3c69fb-154c-441d-9bc0-29a85d5b2e22', '{"action":"user_signedup","actor_id":"25e0ec02-c0f2-4a5b-b705-49976155939d","actor_username":"zsiddiqui@bisak.org","actor_via_sso":false,"log_type":"team","traits":{"provider":"email"}}', '2025-09-28 08:04:27.933719+00', ''),
	('00000000-0000-0000-0000-000000000000', 'd7b170ef-f28d-4288-9370-bdd9f8e5a075', '{"action":"login","actor_id":"25e0ec02-c0f2-4a5b-b705-49976155939d","actor_username":"zsiddiqui@bisak.org","actor_via_sso":false,"log_type":"account","traits":{"provider":"email"}}', '2025-09-28 08:04:27.936836+00', ''),
	('00000000-0000-0000-0000-000000000000', '285a8869-d79e-44bb-9ffb-5f7d1d780477', '{"action":"user_signedup","actor_id":"2ec08e87-597a-4c62-91f5-7611d54019f7","actor_username":"speterson@bisak.org","actor_via_sso":false,"log_type":"team","traits":{"provider":"email"}}', '2025-09-28 08:04:31.225825+00', ''),
	('00000000-0000-0000-0000-000000000000', '9cf2c36c-7ab1-46f8-acf9-fcfdc04b2fe4', '{"action":"login","actor_id":"2ec08e87-597a-4c62-91f5-7611d54019f7","actor_username":"speterson@bisak.org","actor_via_sso":false,"log_type":"account","traits":{"provider":"email"}}', '2025-09-28 08:04:31.228855+00', ''),
	('00000000-0000-0000-0000-000000000000', 'cdd393c0-f70c-41cb-9b46-036f4b67706e', '{"action":"user_signedup","actor_id":"cb62c43b-aca7-491a-949d-fb395e5ae1e2","actor_username":"sjaiswal@bisak.org","actor_via_sso":false,"log_type":"team","traits":{"provider":"email"}}', '2025-09-28 08:04:41.374852+00', ''),
	('00000000-0000-0000-0000-000000000000', 'da860e90-edf5-4126-9405-47e8a94664ed', '{"action":"login","actor_id":"cb62c43b-aca7-491a-949d-fb395e5ae1e2","actor_username":"sjaiswal@bisak.org","actor_via_sso":false,"log_type":"account","traits":{"provider":"email"}}', '2025-09-28 08:04:41.377943+00', ''),
	('00000000-0000-0000-0000-000000000000', 'b8173796-02f4-406c-b71f-0606856fbf87', '{"action":"user_signedup","actor_id":"e67e364e-6521-471f-afad-d1b2002733c7","actor_username":"sabouelela@bisak.org","actor_via_sso":false,"log_type":"team","traits":{"provider":"email"}}', '2025-09-28 08:04:43.874803+00', ''),
	('00000000-0000-0000-0000-000000000000', '68eb2e41-7857-4987-879a-a44c5c84cb0b', '{"action":"login","actor_id":"e67e364e-6521-471f-afad-d1b2002733c7","actor_username":"sabouelela@bisak.org","actor_via_sso":false,"log_type":"account","traits":{"provider":"email"}}', '2025-09-28 08:04:43.879286+00', ''),
	('00000000-0000-0000-0000-000000000000', 'bb8d62c7-01b3-4a46-9336-121bfdf2126f', '{"action":"user_signedup","actor_id":"221ad246-e0a0-4f41-9fce-a245b9a857f7","actor_username":"rjohnson@bisak.org","actor_via_sso":false,"log_type":"team","traits":{"provider":"email"}}', '2025-09-28 08:04:44.913636+00', ''),
	('00000000-0000-0000-0000-000000000000', 'd1c7def2-d40c-4449-925a-81159bb8bcae', '{"action":"login","actor_id":"221ad246-e0a0-4f41-9fce-a245b9a857f7","actor_username":"rjohnson@bisak.org","actor_via_sso":false,"log_type":"account","traits":{"provider":"email"}}', '2025-09-28 08:04:44.917252+00', ''),
	('00000000-0000-0000-0000-000000000000', '6cb5730a-2742-42cb-ac1a-cc1ec3b3bab1', '{"action":"user_signedup","actor_id":"9bfaa2e6-87ca-423c-af3a-b29b40f5f5db","actor_username":"halhaddad@bisak.org","actor_via_sso":false,"log_type":"team","traits":{"provider":"email"}}', '2025-09-28 08:04:45.980328+00', ''),
	('00000000-0000-0000-0000-000000000000', '9d8fe9a7-565e-435a-b1f1-5f280c6538a7', '{"action":"login","actor_id":"9bfaa2e6-87ca-423c-af3a-b29b40f5f5db","actor_username":"halhaddad@bisak.org","actor_via_sso":false,"log_type":"account","traits":{"provider":"email"}}', '2025-09-28 08:04:45.983479+00', ''),
	('00000000-0000-0000-0000-000000000000', '8d53078b-5f12-4923-bf67-253f0ac30d8a', '{"action":"user_signedup","actor_id":"693e7720-4a1b-4379-993d-4a99b1ab4c15","actor_username":"lmahmoud@bisak.org","actor_via_sso":false,"log_type":"team","traits":{"provider":"email"}}', '2025-09-28 08:05:29.923941+00', ''),
	('00000000-0000-0000-0000-000000000000', '0fdd6302-0ebc-4c20-818a-97b96c70265b', '{"action":"login","actor_id":"693e7720-4a1b-4379-993d-4a99b1ab4c15","actor_username":"lmahmoud@bisak.org","actor_via_sso":false,"log_type":"account","traits":{"provider":"email"}}', '2025-09-28 08:05:29.92846+00', ''),
	('00000000-0000-0000-0000-000000000000', '560b9702-ef1e-415c-a3f2-fd2647b99a68', '{"action":"user_signedup","actor_id":"299700ea-30c7-4da4-996b-59f1ad159a19","actor_username":"ruddin@bisak.org","actor_via_sso":false,"log_type":"team","traits":{"provider":"email"}}', '2025-09-28 08:05:45.599853+00', ''),
	('00000000-0000-0000-0000-000000000000', 'e2b9b7ae-4cc9-4c82-8185-3e3557e0fb0e', '{"action":"login","actor_id":"299700ea-30c7-4da4-996b-59f1ad159a19","actor_username":"ruddin@bisak.org","actor_via_sso":false,"log_type":"account","traits":{"provider":"email"}}', '2025-09-28 08:05:45.603179+00', ''),
	('00000000-0000-0000-0000-000000000000', '9f59247a-8001-4f95-a8a6-0b9ff41568a6', '{"action":"user_signedup","actor_id":"6c3bc1a2-792e-434e-9098-27065b69bacf","actor_username":"yma@bisak.org","actor_via_sso":false,"log_type":"team","traits":{"provider":"email"}}', '2025-09-28 08:06:33.066289+00', ''),
	('00000000-0000-0000-0000-000000000000', 'df1d660a-e573-4336-8c08-bdee3623e025', '{"action":"login","actor_id":"6c3bc1a2-792e-434e-9098-27065b69bacf","actor_username":"yma@bisak.org","actor_via_sso":false,"log_type":"account","traits":{"provider":"email"}}', '2025-09-28 08:06:33.069411+00', ''),
	('00000000-0000-0000-0000-000000000000', '873c8283-af39-4f11-bc38-2f421069476c', '{"action":"user_repeated_signup","actor_id":"6c3bc1a2-792e-434e-9098-27065b69bacf","actor_username":"yma@bisak.org","actor_via_sso":false,"log_type":"user","traits":{"provider":"email"}}', '2025-09-28 08:06:34.595198+00', ''),
	('00000000-0000-0000-0000-000000000000', '86d550e4-618e-46e3-920b-cbe0b923ec0e', '{"action":"user_signedup","actor_id":"dd25ed75-81f6-4275-b40a-78bb8c583b2a","actor_username":"eeryurt@bisak.org","actor_via_sso":false,"log_type":"team","traits":{"provider":"email"}}', '2025-09-28 08:07:05.976849+00', ''),
	('00000000-0000-0000-0000-000000000000', '3fdd607c-d480-4606-8337-817a40b4426a', '{"action":"login","actor_id":"dd25ed75-81f6-4275-b40a-78bb8c583b2a","actor_username":"eeryurt@bisak.org","actor_via_sso":false,"log_type":"account","traits":{"provider":"email"}}', '2025-09-28 08:07:05.980075+00', ''),
	('00000000-0000-0000-0000-000000000000', '73391f6e-8ece-427b-89c8-e25a5a095159', '{"action":"token_refreshed","actor_id":"63f9d3dd-c0ab-455d-b277-e1d6ed72cb2c","actor_username":"leroy.salih@gmail.com","actor_via_sso":false,"log_type":"token"}', '2025-09-28 09:00:31.331081+00', ''),
	('00000000-0000-0000-0000-000000000000', '443896d7-3983-4c96-bf6a-c4c51d6e5778', '{"action":"token_revoked","actor_id":"63f9d3dd-c0ab-455d-b277-e1d6ed72cb2c","actor_username":"leroy.salih@gmail.com","actor_via_sso":false,"log_type":"token"}', '2025-09-28 09:00:31.332552+00', ''),
	('00000000-0000-0000-0000-000000000000', '064f6087-1e87-4a02-9ccc-497e13349d47', '{"action":"token_refreshed","actor_id":"63f9d3dd-c0ab-455d-b277-e1d6ed72cb2c","actor_username":"leroy.salih@gmail.com","actor_via_sso":false,"log_type":"token"}', '2025-09-28 10:14:54.725432+00', ''),
	('00000000-0000-0000-0000-000000000000', 'e92d2de8-cf24-45d3-8840-0386a0f8003c', '{"action":"token_revoked","actor_id":"63f9d3dd-c0ab-455d-b277-e1d6ed72cb2c","actor_username":"leroy.salih@gmail.com","actor_via_sso":false,"log_type":"token"}', '2025-09-28 10:14:54.726539+00', ''),
	('00000000-0000-0000-0000-000000000000', 'a5e3e1fe-9b18-4e42-81c3-0906d9e89df8', '{"action":"token_refreshed","actor_id":"63f9d3dd-c0ab-455d-b277-e1d6ed72cb2c","actor_username":"leroy.salih@gmail.com","actor_via_sso":false,"log_type":"token"}', '2025-09-28 11:38:29.771839+00', ''),
	('00000000-0000-0000-0000-000000000000', '95d33e10-1914-4891-822c-e9499feec353', '{"action":"token_revoked","actor_id":"63f9d3dd-c0ab-455d-b277-e1d6ed72cb2c","actor_username":"leroy.salih@gmail.com","actor_via_sso":false,"log_type":"token"}', '2025-09-28 11:38:29.772918+00', ''),
	('00000000-0000-0000-0000-000000000000', '4da0f003-a808-430e-a4f2-659d7547624b', '{"action":"user_signedup","actor_id":"50304a54-2c10-44a1-8c87-b3535a960e28","actor_username":"leroysalih@bisak.org","actor_via_sso":false,"log_type":"team","traits":{"provider":"email"}}', '2025-09-28 12:32:01.58384+00', ''),
	('00000000-0000-0000-0000-000000000000', '3006cbd8-e9fb-4ebb-b8a1-10c5416a16ee', '{"action":"login","actor_id":"50304a54-2c10-44a1-8c87-b3535a960e28","actor_username":"leroysalih@bisak.org","actor_via_sso":false,"log_type":"account","traits":{"provider":"email"}}', '2025-09-28 12:32:01.588995+00', ''),
	('00000000-0000-0000-0000-000000000000', 'e80df5c5-5ce7-4ba9-96aa-f65f2abe3af2', '{"action":"login","actor_id":"63f9d3dd-c0ab-455d-b277-e1d6ed72cb2c","actor_username":"leroy.salih@gmail.com","actor_via_sso":false,"log_type":"account","traits":{"provider":"email"}}', '2025-09-28 13:09:47.275551+00', ''),
	('00000000-0000-0000-0000-000000000000', 'fbc4c39c-8f2e-4db2-b34b-362514e4775d', '{"action":"logout","actor_id":"63f9d3dd-c0ab-455d-b277-e1d6ed72cb2c","actor_username":"leroy.salih@gmail.com","actor_via_sso":false,"log_type":"account"}', '2025-09-28 13:10:42.044518+00', ''),
	('00000000-0000-0000-0000-000000000000', '5e585187-bff2-4b4b-81cd-a23cbd4aa077', '{"action":"login","actor_id":"63f9d3dd-c0ab-455d-b277-e1d6ed72cb2c","actor_username":"leroy.salih@gmail.com","actor_via_sso":false,"log_type":"account","traits":{"provider":"email"}}', '2025-09-28 13:10:53.283367+00', ''),
	('00000000-0000-0000-0000-000000000000', 'db4a9726-1995-4497-be77-268cf84f4617', '{"action":"logout","actor_id":"63f9d3dd-c0ab-455d-b277-e1d6ed72cb2c","actor_username":"leroy.salih@gmail.com","actor_via_sso":false,"log_type":"account"}', '2025-09-28 13:15:06.212865+00', ''),
	('00000000-0000-0000-0000-000000000000', '48f41b94-9071-4d34-bc9d-50e81c7ef38b', '{"action":"login","actor_id":"63f9d3dd-c0ab-455d-b277-e1d6ed72cb2c","actor_username":"leroy.salih@gmail.com","actor_via_sso":false,"log_type":"account","traits":{"provider":"email"}}', '2025-09-28 13:15:12.506501+00', ''),
	('00000000-0000-0000-0000-000000000000', 'd30998af-79e6-4359-8248-eafbd1b3a25b', '{"action":"logout","actor_id":"63f9d3dd-c0ab-455d-b277-e1d6ed72cb2c","actor_username":"leroy.salih@gmail.com","actor_via_sso":false,"log_type":"account"}', '2025-09-28 13:15:21.303446+00', ''),
	('00000000-0000-0000-0000-000000000000', '0ca54d83-bd11-4637-b8db-b49df6ffaf7b', '{"action":"login","actor_id":"63f9d3dd-c0ab-455d-b277-e1d6ed72cb2c","actor_username":"leroy.salih@gmail.com","actor_via_sso":false,"log_type":"account","traits":{"provider":"email"}}', '2025-09-28 13:15:33.783671+00', ''),
	('00000000-0000-0000-0000-000000000000', '6e88f8a0-bf2f-4a43-9521-1587d8381291', '{"action":"logout","actor_id":"63f9d3dd-c0ab-455d-b277-e1d6ed72cb2c","actor_username":"leroy.salih@gmail.com","actor_via_sso":false,"log_type":"account"}', '2025-09-28 13:15:38.168108+00', ''),
	('00000000-0000-0000-0000-000000000000', 'e868d004-8b39-4987-8e98-91dd71ed5c81', '{"action":"login","actor_id":"63f9d3dd-c0ab-455d-b277-e1d6ed72cb2c","actor_username":"leroy.salih@gmail.com","actor_via_sso":false,"log_type":"account","traits":{"provider":"email"}}', '2025-09-28 13:15:50.508004+00', ''),
	('00000000-0000-0000-0000-000000000000', '05452722-1113-4d7e-a692-8e5c897f0964', '{"action":"logout","actor_id":"63f9d3dd-c0ab-455d-b277-e1d6ed72cb2c","actor_username":"leroy.salih@gmail.com","actor_via_sso":false,"log_type":"account"}', '2025-09-28 13:22:02.867971+00', ''),
	('00000000-0000-0000-0000-000000000000', '68907431-cdb5-4760-bcc2-51d6c4e60045', '{"action":"user_repeated_signup","actor_id":"50304a54-2c10-44a1-8c87-b3535a960e28","actor_username":"leroysalih@bisak.org","actor_via_sso":false,"log_type":"user","traits":{"provider":"email"}}', '2025-09-28 13:22:21.436732+00', ''),
	('00000000-0000-0000-0000-000000000000', '4b8d81ae-173f-400a-aca8-71e4f2d85c4e', '{"action":"user_signedup","actor_id":"69c807fb-46f0-4f30-a711-5cdb092dd602","actor_username":"sleroy@bisak.org","actor_via_sso":false,"log_type":"team","traits":{"provider":"email"}}', '2025-09-28 13:22:29.934559+00', ''),
	('00000000-0000-0000-0000-000000000000', '7d2e81fd-4148-4aea-b2a4-021023751c19', '{"action":"login","actor_id":"69c807fb-46f0-4f30-a711-5cdb092dd602","actor_username":"sleroy@bisak.org","actor_via_sso":false,"log_type":"account","traits":{"provider":"email"}}', '2025-09-28 13:22:29.939789+00', ''),
	('00000000-0000-0000-0000-000000000000', 'f0b36b64-ab04-4af2-90f3-4b7489f91417', '{"action":"logout","actor_id":"50304a54-2c10-44a1-8c87-b3535a960e28","actor_username":"leroysalih@bisak.org","actor_via_sso":false,"log_type":"account"}', '2025-09-28 13:24:44.730988+00', ''),
	('00000000-0000-0000-0000-000000000000', '708ddb38-7006-464d-99a3-47c98a33b30e', '{"action":"login","actor_id":"63f9d3dd-c0ab-455d-b277-e1d6ed72cb2c","actor_username":"leroy.salih@gmail.com","actor_via_sso":false,"log_type":"account","traits":{"provider":"email"}}', '2025-09-28 14:04:56.22999+00', ''),
	('00000000-0000-0000-0000-000000000000', '20985b30-6aec-47fc-a713-f73510e9c503', '{"action":"logout","actor_id":"69c807fb-46f0-4f30-a711-5cdb092dd602","actor_username":"sleroy@bisak.org","actor_via_sso":false,"log_type":"account"}', '2025-09-28 14:06:09.358816+00', ''),
	('00000000-0000-0000-0000-000000000000', '754b7779-dd39-4692-8c9c-952217423be8', '{"action":"login","actor_id":"63f9d3dd-c0ab-455d-b277-e1d6ed72cb2c","actor_username":"leroy.salih@gmail.com","actor_via_sso":false,"log_type":"account","traits":{"provider":"email"}}', '2025-09-28 14:06:19.845649+00', ''),
	('00000000-0000-0000-0000-000000000000', 'c00ced19-8bef-43c2-b4b3-0d7e16f60aa7', '{"action":"logout","actor_id":"63f9d3dd-c0ab-455d-b277-e1d6ed72cb2c","actor_username":"leroy.salih@gmail.com","actor_via_sso":false,"log_type":"account"}', '2025-09-28 14:10:08.645374+00', ''),
	('00000000-0000-0000-0000-000000000000', 'cf8df11f-2c77-4564-8a83-7f05f80dd9b8', '{"action":"login","actor_id":"3352f5a2-3c8b-420e-90b7-d95ab6f1756c","actor_username":"p1@bisak.org","actor_via_sso":false,"log_type":"account","traits":{"provider":"email"}}', '2025-09-28 14:10:37.204487+00', ''),
	('00000000-0000-0000-0000-000000000000', '487fea78-f6ff-4d5c-affa-acd06af5aa85', '{"action":"logout","actor_id":"3352f5a2-3c8b-420e-90b7-d95ab6f1756c","actor_username":"p1@bisak.org","actor_via_sso":false,"log_type":"account"}', '2025-09-28 14:11:04.003606+00', ''),
	('00000000-0000-0000-0000-000000000000', 'a4e43f06-206e-4eaa-89ce-b783e46f2283', '{"action":"login","actor_id":"63f9d3dd-c0ab-455d-b277-e1d6ed72cb2c","actor_username":"leroy.salih@gmail.com","actor_via_sso":false,"log_type":"account","traits":{"provider":"email"}}', '2025-09-28 14:11:10.482828+00', ''),
	('00000000-0000-0000-0000-000000000000', '068d72cc-536c-4153-a18b-504dd46c3935', '{"action":"login","actor_id":"63f9d3dd-c0ab-455d-b277-e1d6ed72cb2c","actor_username":"leroy.salih@gmail.com","actor_via_sso":false,"log_type":"account","traits":{"provider":"email"}}', '2025-09-28 14:13:32.16844+00', ''),
	('00000000-0000-0000-0000-000000000000', 'cab28fff-151e-4bf5-bf41-dab13e08468b', '{"action":"login","actor_id":"63f9d3dd-c0ab-455d-b277-e1d6ed72cb2c","actor_username":"leroy.salih@gmail.com","actor_via_sso":false,"log_type":"account","traits":{"provider":"email"}}', '2025-09-28 14:16:34.461978+00', ''),
	('00000000-0000-0000-0000-000000000000', 'b78877bd-1bd6-40ce-94d9-9b965bce468e', '{"action":"logout","actor_id":"63f9d3dd-c0ab-455d-b277-e1d6ed72cb2c","actor_username":"leroy.salih@gmail.com","actor_via_sso":false,"log_type":"account"}', '2025-09-28 14:28:41.084525+00', ''),
	('00000000-0000-0000-0000-000000000000', 'df937ebd-9ccd-4f56-ac36-ef8ccad173d5', '{"action":"login","actor_id":"63f9d3dd-c0ab-455d-b277-e1d6ed72cb2c","actor_username":"leroy.salih@gmail.com","actor_via_sso":false,"log_type":"account","traits":{"provider":"email"}}', '2025-09-28 14:28:51.46948+00', ''),
	('00000000-0000-0000-0000-000000000000', '10d990a1-d1fa-4b13-ab6c-9a14ab348b16', '{"action":"logout","actor_id":"63f9d3dd-c0ab-455d-b277-e1d6ed72cb2c","actor_username":"leroy.salih@gmail.com","actor_via_sso":false,"log_type":"account"}', '2025-09-28 14:32:37.702128+00', ''),
	('00000000-0000-0000-0000-000000000000', '1331ed69-356e-4176-9fc2-fa5059d3be33', '{"action":"login","actor_id":"63f9d3dd-c0ab-455d-b277-e1d6ed72cb2c","actor_username":"leroy.salih@gmail.com","actor_via_sso":false,"log_type":"account","traits":{"provider":"email"}}', '2025-09-28 14:32:46.162967+00', ''),
	('00000000-0000-0000-0000-000000000000', 'dffbde85-f207-42fb-ab65-23f1a132dbec', '{"action":"logout","actor_id":"63f9d3dd-c0ab-455d-b277-e1d6ed72cb2c","actor_username":"leroy.salih@gmail.com","actor_via_sso":false,"log_type":"account"}', '2025-09-28 14:42:29.51671+00', ''),
	('00000000-0000-0000-0000-000000000000', 'a790d066-acf9-4763-a3ee-0426fa2dede3', '{"action":"login","actor_id":"63f9d3dd-c0ab-455d-b277-e1d6ed72cb2c","actor_username":"leroy.salih@gmail.com","actor_via_sso":false,"log_type":"account","traits":{"provider":"email"}}', '2025-09-28 14:42:35.498925+00', ''),
	('00000000-0000-0000-0000-000000000000', '38631ef6-a68c-442b-9f8c-b19986e1c4c9', '{"action":"logout","actor_id":"63f9d3dd-c0ab-455d-b277-e1d6ed72cb2c","actor_username":"leroy.salih@gmail.com","actor_via_sso":false,"log_type":"account"}', '2025-09-28 14:45:01.951178+00', ''),
	('00000000-0000-0000-0000-000000000000', '846f62a8-4950-43fb-988b-8f4160f42af7', '{"action":"login","actor_id":"63f9d3dd-c0ab-455d-b277-e1d6ed72cb2c","actor_username":"leroy.salih@gmail.com","actor_via_sso":false,"log_type":"account","traits":{"provider":"email"}}', '2025-09-28 14:45:10.104203+00', ''),
	('00000000-0000-0000-0000-000000000000', '015e9be4-55d6-40a3-94e7-62b6da70ed43', '{"action":"login","actor_id":"63f9d3dd-c0ab-455d-b277-e1d6ed72cb2c","actor_username":"leroy.salih@gmail.com","actor_via_sso":false,"log_type":"account","traits":{"provider":"email"}}', '2025-09-28 14:45:39.873541+00', ''),
	('00000000-0000-0000-0000-000000000000', 'af3f6003-037a-443d-85b0-f61dcd0eefee', '{"action":"login","actor_id":"63f9d3dd-c0ab-455d-b277-e1d6ed72cb2c","actor_username":"leroy.salih@gmail.com","actor_via_sso":false,"log_type":"account","traits":{"provider":"email"}}', '2025-09-28 14:47:39.90626+00', ''),
	('00000000-0000-0000-0000-000000000000', '11185594-3c8b-4708-a284-d8871df1d897', '{"action":"logout","actor_id":"63f9d3dd-c0ab-455d-b277-e1d6ed72cb2c","actor_username":"leroy.salih@gmail.com","actor_via_sso":false,"log_type":"account"}', '2025-09-28 14:48:17.210196+00', ''),
	('00000000-0000-0000-0000-000000000000', '4b86afeb-189b-47ba-9657-41764685165b', '{"action":"login","actor_id":"50304a54-2c10-44a1-8c87-b3535a960e28","actor_username":"leroysalih@bisak.org","actor_via_sso":false,"log_type":"account","traits":{"provider":"email"}}', '2025-09-28 14:48:31.350883+00', ''),
	('00000000-0000-0000-0000-000000000000', '298bffa9-9d32-42f3-9393-372686e37ceb', '{"action":"logout","actor_id":"50304a54-2c10-44a1-8c87-b3535a960e28","actor_username":"leroysalih@bisak.org","actor_via_sso":false,"log_type":"account"}', '2025-09-28 14:50:27.610191+00', ''),
	('00000000-0000-0000-0000-000000000000', 'f921fb60-8b02-40a7-a0ce-5696230b0fbe', '{"action":"login","actor_id":"63f9d3dd-c0ab-455d-b277-e1d6ed72cb2c","actor_username":"leroy.salih@gmail.com","actor_via_sso":false,"log_type":"account","traits":{"provider":"email"}}', '2025-09-28 14:50:34.859881+00', ''),
	('00000000-0000-0000-0000-000000000000', 'e23f0f6d-6c31-4402-9757-d832fc2c0a83', '{"action":"logout","actor_id":"63f9d3dd-c0ab-455d-b277-e1d6ed72cb2c","actor_username":"leroy.salih@gmail.com","actor_via_sso":false,"log_type":"account"}', '2025-09-28 14:59:23.539597+00', ''),
	('00000000-0000-0000-0000-000000000000', 'd2ca32c7-762a-49be-b979-8c70d5ee796e', '{"action":"login","actor_id":"63f9d3dd-c0ab-455d-b277-e1d6ed72cb2c","actor_username":"leroy.salih@gmail.com","actor_via_sso":false,"log_type":"account","traits":{"provider":"email"}}', '2025-09-28 14:59:33.536848+00', ''),
	('00000000-0000-0000-0000-000000000000', '36bc7e7e-ca78-4170-a206-fccd3bb813b7', '{"action":"logout","actor_id":"63f9d3dd-c0ab-455d-b277-e1d6ed72cb2c","actor_username":"leroy.salih@gmail.com","actor_via_sso":false,"log_type":"account"}', '2025-09-28 15:01:36.506994+00', ''),
	('00000000-0000-0000-0000-000000000000', '4f079108-c3ec-46e1-ac53-790d35b3f0e9', '{"action":"login","actor_id":"63f9d3dd-c0ab-455d-b277-e1d6ed72cb2c","actor_username":"leroy.salih@gmail.com","actor_via_sso":false,"log_type":"account","traits":{"provider":"email"}}', '2025-09-28 15:01:46.334002+00', ''),
	('00000000-0000-0000-0000-000000000000', 'ff735148-9516-4c03-aaee-3c287cce66af', '{"action":"logout","actor_id":"63f9d3dd-c0ab-455d-b277-e1d6ed72cb2c","actor_username":"leroy.salih@gmail.com","actor_via_sso":false,"log_type":"account"}', '2025-09-28 15:07:57.470143+00', ''),
	('00000000-0000-0000-0000-000000000000', '2fecb8a1-5545-4e78-9e77-b1546f828777', '{"action":"login","actor_id":"63f9d3dd-c0ab-455d-b277-e1d6ed72cb2c","actor_username":"leroy.salih@gmail.com","actor_via_sso":false,"log_type":"account","traits":{"provider":"email"}}', '2025-09-28 15:08:17.477016+00', ''),
	('00000000-0000-0000-0000-000000000000', '0dd028c9-f4cd-4d84-bd0f-0e05379ec432', '{"action":"token_refreshed","actor_id":"63f9d3dd-c0ab-455d-b277-e1d6ed72cb2c","actor_username":"leroy.salih@gmail.com","actor_via_sso":false,"log_type":"token"}', '2025-09-28 16:10:32.100971+00', ''),
	('00000000-0000-0000-0000-000000000000', 'dc428fa0-bef3-4e21-a82f-03eb0c4110c7', '{"action":"token_revoked","actor_id":"63f9d3dd-c0ab-455d-b277-e1d6ed72cb2c","actor_username":"leroy.salih@gmail.com","actor_via_sso":false,"log_type":"token"}', '2025-09-28 16:10:32.102455+00', ''),
	('00000000-0000-0000-0000-000000000000', '261c5c9e-81c6-4264-8354-7493fec96a94', '{"action":"logout","actor_id":"63f9d3dd-c0ab-455d-b277-e1d6ed72cb2c","actor_username":"leroy.salih@gmail.com","actor_via_sso":false,"log_type":"account"}', '2025-09-28 16:59:38.647611+00', ''),
	('00000000-0000-0000-0000-000000000000', 'e8392acb-b79e-405b-944a-0220578a7d82', '{"action":"login","actor_id":"69c807fb-46f0-4f30-a711-5cdb092dd602","actor_username":"sleroy@bisak.org","actor_via_sso":false,"log_type":"account","traits":{"provider":"email"}}', '2025-09-28 16:59:55.895164+00', ''),
	('00000000-0000-0000-0000-000000000000', '0b5c339b-d7de-4812-aa2a-2712edb7db56', '{"action":"logout","actor_id":"69c807fb-46f0-4f30-a711-5cdb092dd602","actor_username":"sleroy@bisak.org","actor_via_sso":false,"log_type":"account"}', '2025-09-28 17:01:03.994156+00', ''),
	('00000000-0000-0000-0000-000000000000', '0527026e-7548-4577-9fb0-da371c50ce50', '{"action":"login","actor_id":"50304a54-2c10-44a1-8c87-b3535a960e28","actor_username":"leroysalih@bisak.org","actor_via_sso":false,"log_type":"account","traits":{"provider":"email"}}', '2025-09-28 17:01:17.361214+00', ''),
	('00000000-0000-0000-0000-000000000000', 'f6db57be-73fd-48ad-8d70-0cbae3e79b04', '{"action":"login","actor_id":"63f9d3dd-c0ab-455d-b277-e1d6ed72cb2c","actor_username":"leroy.salih@gmail.com","actor_via_sso":false,"log_type":"account","traits":{"provider":"email"}}', '2025-09-28 17:02:42.790344+00', ''),
	('00000000-0000-0000-0000-000000000000', '734c188a-898e-4b62-b456-46bc7bd5b415', '{"action":"login","actor_id":"63f9d3dd-c0ab-455d-b277-e1d6ed72cb2c","actor_username":"leroy.salih@gmail.com","actor_via_sso":false,"log_type":"account","traits":{"provider":"email"}}', '2025-09-28 17:53:25.701747+00', ''),
	('00000000-0000-0000-0000-000000000000', '0ee2a9d3-308f-47b3-b980-5b6b53a64db9', '{"action":"logout","actor_id":"63f9d3dd-c0ab-455d-b277-e1d6ed72cb2c","actor_username":"leroy.salih@gmail.com","actor_via_sso":false,"log_type":"account"}', '2025-09-28 17:53:44.478071+00', ''),
	('00000000-0000-0000-0000-000000000000', '86e166c7-0fef-4935-93e5-a4afb16d38fa', '{"action":"login","actor_id":"3352f5a2-3c8b-420e-90b7-d95ab6f1756c","actor_username":"p1@bisak.org","actor_via_sso":false,"log_type":"account","traits":{"provider":"email"}}', '2025-09-28 17:53:59.766251+00', ''),
	('00000000-0000-0000-0000-000000000000', 'f22245a2-635c-4eac-8da7-2a55dd96728b', '{"action":"logout","actor_id":"3352f5a2-3c8b-420e-90b7-d95ab6f1756c","actor_username":"p1@bisak.org","actor_via_sso":false,"log_type":"account"}', '2025-09-28 17:54:28.575826+00', ''),
	('00000000-0000-0000-0000-000000000000', 'bd0fd177-37ef-4c90-a0a4-855265ca6b43', '{"action":"login","actor_id":"3352f5a2-3c8b-420e-90b7-d95ab6f1756c","actor_username":"p1@bisak.org","actor_via_sso":false,"log_type":"account","traits":{"provider":"email"}}', '2025-09-28 18:06:37.734444+00', ''),
	('00000000-0000-0000-0000-000000000000', '6d5545fb-ac7a-4367-9aa0-ad69d1bacda9', '{"action":"logout","actor_id":"3352f5a2-3c8b-420e-90b7-d95ab6f1756c","actor_username":"p1@bisak.org","actor_via_sso":false,"log_type":"account"}', '2025-09-28 18:06:43.294353+00', ''),
	('00000000-0000-0000-0000-000000000000', 'dc7562ff-2253-4858-8777-8394a8f97777', '{"action":"login","actor_id":"63f9d3dd-c0ab-455d-b277-e1d6ed72cb2c","actor_username":"leroy.salih@gmail.com","actor_via_sso":false,"log_type":"account","traits":{"provider":"email"}}', '2025-09-28 18:06:49.848045+00', ''),
	('00000000-0000-0000-0000-000000000000', 'f3e8d342-dded-4256-b78d-8acf42297387', '{"action":"login","actor_id":"3352f5a2-3c8b-420e-90b7-d95ab6f1756c","actor_username":"p1@bisak.org","actor_via_sso":false,"log_type":"account","traits":{"provider":"email"}}', '2025-09-28 18:18:23.174127+00', ''),
	('00000000-0000-0000-0000-000000000000', '082a5701-68d5-4ea5-8590-de8e6f6b1d45', '{"action":"logout","actor_id":"3352f5a2-3c8b-420e-90b7-d95ab6f1756c","actor_username":"p1@bisak.org","actor_via_sso":false,"log_type":"account"}', '2025-09-28 18:18:29.986865+00', ''),
	('00000000-0000-0000-0000-000000000000', '4a04eb3b-0321-4bc1-a17c-3fbafb64c2e3', '{"action":"login","actor_id":"50304a54-2c10-44a1-8c87-b3535a960e28","actor_username":"leroysalih@bisak.org","actor_via_sso":false,"log_type":"account","traits":{"provider":"email"}}', '2025-09-28 18:18:42.056051+00', ''),
	('00000000-0000-0000-0000-000000000000', 'cc6f9316-6103-4ebc-9569-d4c86ae7cd93', '{"action":"logout","actor_id":"50304a54-2c10-44a1-8c87-b3535a960e28","actor_username":"leroysalih@bisak.org","actor_via_sso":false,"log_type":"account"}', '2025-09-28 18:18:50.515262+00', ''),
	('00000000-0000-0000-0000-000000000000', 'adf18aec-f81c-4366-af50-581e0282d98b', '{"action":"user_signedup","actor_id":"a5121160-1fcd-4a2f-86d5-e5e018b4a2a5","actor_username":"ptest@bisak.org","actor_via_sso":false,"log_type":"team","traits":{"provider":"email"}}', '2025-09-28 18:19:10.477435+00', ''),
	('00000000-0000-0000-0000-000000000000', '84482d09-796b-40e5-86b4-623054f6a548', '{"action":"login","actor_id":"a5121160-1fcd-4a2f-86d5-e5e018b4a2a5","actor_username":"ptest@bisak.org","actor_via_sso":false,"log_type":"account","traits":{"provider":"email"}}', '2025-09-28 18:19:10.482307+00', ''),
	('00000000-0000-0000-0000-000000000000', '791302ba-65d7-4a44-a644-c9e155699633', '{"action":"logout","actor_id":"a5121160-1fcd-4a2f-86d5-e5e018b4a2a5","actor_username":"ptest@bisak.org","actor_via_sso":false,"log_type":"account"}', '2025-09-28 18:19:39.945923+00', ''),
	('00000000-0000-0000-0000-000000000000', '75f920a1-abe1-40f1-8dab-216992f9b97b', '{"action":"login","actor_id":"50304a54-2c10-44a1-8c87-b3535a960e28","actor_username":"leroysalih@bisak.org","actor_via_sso":false,"log_type":"account","traits":{"provider":"email"}}', '2025-09-28 18:19:57.209709+00', ''),
	('00000000-0000-0000-0000-000000000000', 'e0c4f823-bccd-45fd-b2e7-9d73a020c152', '{"action":"token_refreshed","actor_id":"63f9d3dd-c0ab-455d-b277-e1d6ed72cb2c","actor_username":"leroy.salih@gmail.com","actor_via_sso":false,"log_type":"token"}', '2025-09-29 00:19:50.378272+00', ''),
	('00000000-0000-0000-0000-000000000000', '3ee68f47-1643-4830-8073-64e2a01ca623', '{"action":"token_revoked","actor_id":"63f9d3dd-c0ab-455d-b277-e1d6ed72cb2c","actor_username":"leroy.salih@gmail.com","actor_via_sso":false,"log_type":"token"}', '2025-09-29 00:19:50.379671+00', ''),
	('00000000-0000-0000-0000-000000000000', 'c55bd36b-0886-4099-807a-5023e8d182e0', '{"action":"token_refreshed","actor_id":"50304a54-2c10-44a1-8c87-b3535a960e28","actor_username":"leroysalih@bisak.org","actor_via_sso":false,"log_type":"token"}', '2025-09-29 00:22:41.451127+00', ''),
	('00000000-0000-0000-0000-000000000000', 'd34905f0-d1b7-4267-aa52-00c0ec93799b', '{"action":"token_revoked","actor_id":"50304a54-2c10-44a1-8c87-b3535a960e28","actor_username":"leroysalih@bisak.org","actor_via_sso":false,"log_type":"token"}', '2025-09-29 00:22:41.452314+00', ''),
	('00000000-0000-0000-0000-000000000000', 'b4d5e1e0-3cb8-40ef-8dfb-c6e89211dd69', '{"action":"token_refreshed","actor_id":"63f9d3dd-c0ab-455d-b277-e1d6ed72cb2c","actor_username":"leroy.salih@gmail.com","actor_via_sso":false,"log_type":"token"}', '2025-09-29 01:20:12.771977+00', ''),
	('00000000-0000-0000-0000-000000000000', '659c1bcb-a44b-4e3c-b9ad-e048513d037c', '{"action":"token_revoked","actor_id":"63f9d3dd-c0ab-455d-b277-e1d6ed72cb2c","actor_username":"leroy.salih@gmail.com","actor_via_sso":false,"log_type":"token"}', '2025-09-29 01:20:12.776686+00', ''),
	('00000000-0000-0000-0000-000000000000', 'dc4aa06a-d151-4ebd-9957-bd13eebf91d2', '{"action":"token_refreshed","actor_id":"63f9d3dd-c0ab-455d-b277-e1d6ed72cb2c","actor_username":"leroy.salih@gmail.com","actor_via_sso":false,"log_type":"token"}', '2025-09-29 01:20:12.831068+00', ''),
	('00000000-0000-0000-0000-000000000000', 'b5f0e748-ae8d-4c62-8492-5f5738ff7f8d', '{"action":"token_refreshed","actor_id":"63f9d3dd-c0ab-455d-b277-e1d6ed72cb2c","actor_username":"leroy.salih@gmail.com","actor_via_sso":false,"log_type":"token"}', '2025-09-29 01:20:12.867452+00', ''),
	('00000000-0000-0000-0000-000000000000', '60affd2a-945e-4a11-b237-613dab5a5ed0', '{"action":"token_refreshed","actor_id":"63f9d3dd-c0ab-455d-b277-e1d6ed72cb2c","actor_username":"leroy.salih@gmail.com","actor_via_sso":false,"log_type":"token"}', '2025-09-29 01:20:12.88438+00', ''),
	('00000000-0000-0000-0000-000000000000', 'cd17927e-1857-4d67-8175-ebaa6e9e510f', '{"action":"token_refreshed","actor_id":"63f9d3dd-c0ab-455d-b277-e1d6ed72cb2c","actor_username":"leroy.salih@gmail.com","actor_via_sso":false,"log_type":"token"}', '2025-09-29 01:20:12.914751+00', ''),
	('00000000-0000-0000-0000-000000000000', 'd309e44a-f2ba-4997-8c82-f1c20741eb5d', '{"action":"token_refreshed","actor_id":"63f9d3dd-c0ab-455d-b277-e1d6ed72cb2c","actor_username":"leroy.salih@gmail.com","actor_via_sso":false,"log_type":"token"}', '2025-09-29 01:22:58.668744+00', ''),
	('00000000-0000-0000-0000-000000000000', '12c53ec2-0015-44fa-966d-90642c9688ab', '{"action":"token_refreshed","actor_id":"63f9d3dd-c0ab-455d-b277-e1d6ed72cb2c","actor_username":"leroy.salih@gmail.com","actor_via_sso":false,"log_type":"token"}', '2025-09-29 02:22:14.901629+00', ''),
	('00000000-0000-0000-0000-000000000000', '2a8eb8ea-0b3d-4465-8cd2-f76d045e0b0c', '{"action":"token_revoked","actor_id":"63f9d3dd-c0ab-455d-b277-e1d6ed72cb2c","actor_username":"leroy.salih@gmail.com","actor_via_sso":false,"log_type":"token"}', '2025-09-29 02:22:14.902713+00', ''),
	('00000000-0000-0000-0000-000000000000', '81514734-a053-46af-b392-be1af7e6e4cb', '{"action":"token_refreshed","actor_id":"50304a54-2c10-44a1-8c87-b3535a960e28","actor_username":"leroysalih@bisak.org","actor_via_sso":false,"log_type":"token"}', '2025-09-29 02:28:33.719978+00', ''),
	('00000000-0000-0000-0000-000000000000', '0976791c-3e03-4d12-8e11-217467919f93', '{"action":"token_revoked","actor_id":"50304a54-2c10-44a1-8c87-b3535a960e28","actor_username":"leroysalih@bisak.org","actor_via_sso":false,"log_type":"token"}', '2025-09-29 02:28:33.721205+00', ''),
	('00000000-0000-0000-0000-000000000000', 'b1fd0580-3e97-4856-8f4e-8b00f2fce071', '{"action":"login","actor_id":"63f9d3dd-c0ab-455d-b277-e1d6ed72cb2c","actor_username":"leroy.salih@gmail.com","actor_via_sso":false,"log_type":"account","traits":{"provider":"email"}}', '2025-09-29 04:24:48.562518+00', ''),
	('00000000-0000-0000-0000-000000000000', '2e9dac1e-fabe-4782-a77e-36713bde92e7', '{"action":"token_refreshed","actor_id":"63f9d3dd-c0ab-455d-b277-e1d6ed72cb2c","actor_username":"leroy.salih@gmail.com","actor_via_sso":false,"log_type":"token"}', '2025-09-29 05:45:44.931981+00', ''),
	('00000000-0000-0000-0000-000000000000', '226f5af9-3cdb-4e85-b0c5-63ae53530377', '{"action":"token_revoked","actor_id":"63f9d3dd-c0ab-455d-b277-e1d6ed72cb2c","actor_username":"leroy.salih@gmail.com","actor_via_sso":false,"log_type":"token"}', '2025-09-29 05:45:44.933023+00', ''),
	('00000000-0000-0000-0000-000000000000', '30e19943-3312-4869-badb-77625173c970', '{"action":"logout","actor_id":"63f9d3dd-c0ab-455d-b277-e1d6ed72cb2c","actor_username":"leroy.salih@gmail.com","actor_via_sso":false,"log_type":"account"}', '2025-09-29 05:46:33.411941+00', ''),
	('00000000-0000-0000-0000-000000000000', '390c6ba7-bd8d-49ea-9cf1-8af07b4b5d05', '{"action":"user_signedup","actor_id":"6df706e1-deb4-4548-81cc-82d2fd481c05","actor_username":"melshiekh@bisak.org","actor_via_sso":false,"log_type":"team","traits":{"provider":"email"}}', '2025-09-29 05:48:32.44932+00', ''),
	('00000000-0000-0000-0000-000000000000', '9cbd65e1-14c7-4006-861e-a4668947fdf7', '{"action":"login","actor_id":"6df706e1-deb4-4548-81cc-82d2fd481c05","actor_username":"melshiekh@bisak.org","actor_via_sso":false,"log_type":"account","traits":{"provider":"email"}}', '2025-09-29 05:48:32.454628+00', ''),
	('00000000-0000-0000-0000-000000000000', 'ccd17b5e-8421-4bae-8c5d-595e9d17fcd3', '{"action":"user_signedup","actor_id":"5e569c2b-17ee-4b5d-af58-820b9c9882df","actor_username":"rawad@bisak.org","actor_via_sso":false,"log_type":"team","traits":{"provider":"email"}}', '2025-09-29 05:48:33.503702+00', ''),
	('00000000-0000-0000-0000-000000000000', '4a52fdd8-59e9-436b-9af3-f20232a6e9f4', '{"action":"login","actor_id":"5e569c2b-17ee-4b5d-af58-820b9c9882df","actor_username":"rawad@bisak.org","actor_via_sso":false,"log_type":"account","traits":{"provider":"email"}}', '2025-09-29 05:48:33.50719+00', ''),
	('00000000-0000-0000-0000-000000000000', '1c0cb659-b90d-4b93-ae53-47614e877044', '{"action":"user_repeated_signup","actor_id":"6df706e1-deb4-4548-81cc-82d2fd481c05","actor_username":"melshiekh@bisak.org","actor_via_sso":false,"log_type":"user","traits":{"provider":"email"}}', '2025-09-29 05:48:34.024446+00', ''),
	('00000000-0000-0000-0000-000000000000', 'e5ebc2df-eefa-4b88-85db-f30cf3cef640', '{"action":"user_signedup","actor_id":"c6502fb1-8970-456f-ab45-ff3ab0584dd3","actor_username":"msahli@bisak.org","actor_via_sso":false,"log_type":"team","traits":{"provider":"email"}}', '2025-09-29 05:48:35.258067+00', ''),
	('00000000-0000-0000-0000-000000000000', '31badb88-2258-4965-a298-7db7c1e20f9a', '{"action":"login","actor_id":"c6502fb1-8970-456f-ab45-ff3ab0584dd3","actor_username":"msahli@bisak.org","actor_via_sso":false,"log_type":"account","traits":{"provider":"email"}}', '2025-09-29 05:48:35.261494+00', ''),
	('00000000-0000-0000-0000-000000000000', 'b32e9fa6-fbf8-4e11-91fc-aa4e195d3162', '{"action":"user_signedup","actor_id":"5a2b3e7a-2276-43b0-8bde-bec7677c3ed2","actor_username":"hnoor@bisak.org","actor_via_sso":false,"log_type":"team","traits":{"provider":"email"}}', '2025-09-29 05:48:36.585115+00', ''),
	('00000000-0000-0000-0000-000000000000', 'ace42df8-078e-48d6-89b8-2ea779f6eba8', '{"action":"login","actor_id":"5a2b3e7a-2276-43b0-8bde-bec7677c3ed2","actor_username":"hnoor@bisak.org","actor_via_sso":false,"log_type":"account","traits":{"provider":"email"}}', '2025-09-29 05:48:36.588396+00', ''),
	('00000000-0000-0000-0000-000000000000', '6bd66463-2c8d-41ba-a05a-a1d6aca7832e', '{"action":"user_signedup","actor_id":"2709f3c7-a488-467c-9c44-de36e1e9efda","actor_username":"rviola@bisak.org","actor_via_sso":false,"log_type":"team","traits":{"provider":"email"}}', '2025-09-29 05:48:39.875206+00', ''),
	('00000000-0000-0000-0000-000000000000', '15eacafe-8fd2-4674-a75d-6f6c03066454', '{"action":"login","actor_id":"2709f3c7-a488-467c-9c44-de36e1e9efda","actor_username":"rviola@bisak.org","actor_via_sso":false,"log_type":"account","traits":{"provider":"email"}}', '2025-09-29 05:48:39.878762+00', ''),
	('00000000-0000-0000-0000-000000000000', 'e56397f4-2522-4ca7-bbee-f4709544c154', '{"action":"user_signedup","actor_id":"59e6f57c-7b4e-4c5c-85c2-ae95990e692a","actor_username":"eehsan@bisak.org","actor_via_sso":false,"log_type":"team","traits":{"provider":"email"}}', '2025-09-29 05:48:41.0301+00', ''),
	('00000000-0000-0000-0000-000000000000', '63f5b5bb-ea06-4127-83ec-7dfaf4130c0d', '{"action":"login","actor_id":"59e6f57c-7b4e-4c5c-85c2-ae95990e692a","actor_username":"eehsan@bisak.org","actor_via_sso":false,"log_type":"account","traits":{"provider":"email"}}', '2025-09-29 05:48:41.03479+00', ''),
	('00000000-0000-0000-0000-000000000000', '9a57996e-12bd-443b-a865-00ce54379751', '{"action":"user_signedup","actor_id":"e19a785b-0e0f-40b4-b839-c6ba381f5351","actor_username":"chparone@bisak.org","actor_via_sso":false,"log_type":"team","traits":{"provider":"email"}}', '2025-09-29 05:48:41.568526+00', ''),
	('00000000-0000-0000-0000-000000000000', 'd6a7d0a6-31ad-4c5b-9266-36b240921ca8', '{"action":"login","actor_id":"e19a785b-0e0f-40b4-b839-c6ba381f5351","actor_username":"chparone@bisak.org","actor_via_sso":false,"log_type":"account","traits":{"provider":"email"}}', '2025-09-29 05:48:41.57177+00', ''),
	('00000000-0000-0000-0000-000000000000', '59b5a151-1e08-4235-ad3f-ae23342c49c9', '{"action":"user_signedup","actor_id":"f4edc5de-aa0a-4cf1-8590-15275633126e","actor_username":"nmohsen@bisak.org","actor_via_sso":false,"log_type":"team","traits":{"provider":"email"}}', '2025-09-29 05:48:43.11231+00', ''),
	('00000000-0000-0000-0000-000000000000', 'fd53335d-aa7c-4e26-8020-16d2866793f6', '{"action":"login","actor_id":"f4edc5de-aa0a-4cf1-8590-15275633126e","actor_username":"nmohsen@bisak.org","actor_via_sso":false,"log_type":"account","traits":{"provider":"email"}}', '2025-09-29 05:48:43.116178+00', ''),
	('00000000-0000-0000-0000-000000000000', '09eaf708-bd83-45d8-9c22-958caba314e9', '{"action":"user_signedup","actor_id":"7ce65557-6f3b-4637-b771-b903f70ab024","actor_username":"shaouari@bisak.org","actor_via_sso":false,"log_type":"team","traits":{"provider":"email"}}', '2025-09-29 05:48:44.219136+00', ''),
	('00000000-0000-0000-0000-000000000000', '288e78f5-8652-4d56-8dc2-56a47f8949ee', '{"action":"login","actor_id":"7ce65557-6f3b-4637-b771-b903f70ab024","actor_username":"shaouari@bisak.org","actor_via_sso":false,"log_type":"account","traits":{"provider":"email"}}', '2025-09-29 05:48:44.222464+00', ''),
	('00000000-0000-0000-0000-000000000000', '372ad7cd-5174-49c8-bc78-8cc505087778', '{"action":"user_signedup","actor_id":"a743e51a-3552-4915-8d77-edc57715a677","actor_username":"rfola-fatola@bisak.org","actor_via_sso":false,"log_type":"team","traits":{"provider":"email"}}', '2025-09-29 05:48:45.158287+00', ''),
	('00000000-0000-0000-0000-000000000000', 'ef7a25bb-e90b-4c88-8d77-0e3f3a2b6c95', '{"action":"login","actor_id":"a743e51a-3552-4915-8d77-edc57715a677","actor_username":"rfola-fatola@bisak.org","actor_via_sso":false,"log_type":"account","traits":{"provider":"email"}}', '2025-09-29 05:48:45.163539+00', ''),
	('00000000-0000-0000-0000-000000000000', '4c8ab2bb-faa2-4afe-869c-53676b35ed02', '{"action":"user_signedup","actor_id":"0a976181-0665-4c8b-a843-bb4b743de561","actor_username":"hjinka@bisak.org","actor_via_sso":false,"log_type":"team","traits":{"provider":"email"}}', '2025-09-29 05:48:45.358231+00', ''),
	('00000000-0000-0000-0000-000000000000', 'b81e37f2-523d-4db1-8731-8ae788e275f4', '{"action":"login","actor_id":"0a976181-0665-4c8b-a843-bb4b743de561","actor_username":"hjinka@bisak.org","actor_via_sso":false,"log_type":"account","traits":{"provider":"email"}}', '2025-09-29 05:48:45.364379+00', ''),
	('00000000-0000-0000-0000-000000000000', '5a6efe8d-a31f-4ac0-84d1-6fd7c35ef3b6', '{"action":"user_signedup","actor_id":"baa7c664-9065-4cb9-9baa-69d385e7bcbe","actor_username":"hzaman@bisak.org","actor_via_sso":false,"log_type":"team","traits":{"provider":"email"}}', '2025-09-29 05:48:47.893804+00', ''),
	('00000000-0000-0000-0000-000000000000', 'f52cf10b-5939-4061-b603-bf442133e95c', '{"action":"login","actor_id":"baa7c664-9065-4cb9-9baa-69d385e7bcbe","actor_username":"hzaman@bisak.org","actor_via_sso":false,"log_type":"account","traits":{"provider":"email"}}', '2025-09-29 05:48:47.897716+00', ''),
	('00000000-0000-0000-0000-000000000000', '9a720f56-731e-44c0-9726-8d0208994290', '{"action":"user_signedup","actor_id":"1ceb90c6-1724-47a9-a8ee-b360a9640298","actor_username":"ejamal@bisak.org","actor_via_sso":false,"log_type":"team","traits":{"provider":"email"}}', '2025-09-29 05:48:51.996865+00', ''),
	('00000000-0000-0000-0000-000000000000', '62fbf052-9b0f-47e0-86d1-8e52806c2100', '{"action":"login","actor_id":"1ceb90c6-1724-47a9-a8ee-b360a9640298","actor_username":"ejamal@bisak.org","actor_via_sso":false,"log_type":"account","traits":{"provider":"email"}}', '2025-09-29 05:48:52.000859+00', ''),
	('00000000-0000-0000-0000-000000000000', '9a58e586-6189-4a09-ac29-62d26b2eca3d', '{"action":"user_signedup","actor_id":"b2b6227a-0371-48be-8a6a-1ca741597953","actor_username":"ibhat@bisak.org","actor_via_sso":false,"log_type":"team","traits":{"provider":"email"}}', '2025-09-29 05:48:56.663805+00', ''),
	('00000000-0000-0000-0000-000000000000', '90c38786-a440-4a7a-867b-9e33bfeff32b', '{"action":"login","actor_id":"b2b6227a-0371-48be-8a6a-1ca741597953","actor_username":"ibhat@bisak.org","actor_via_sso":false,"log_type":"account","traits":{"provider":"email"}}', '2025-09-29 05:48:56.667116+00', ''),
	('00000000-0000-0000-0000-000000000000', '9d7eedd4-eb58-4c39-be0a-f5da429426a0', '{"action":"user_signedup","actor_id":"a8bb99b2-5bf9-4b92-9e54-2c1843b7300b","actor_username":"baziz@bisak.og","actor_via_sso":false,"log_type":"team","traits":{"provider":"email"}}', '2025-09-29 05:48:56.966921+00', ''),
	('00000000-0000-0000-0000-000000000000', '008eadb4-370d-4aac-9c74-317fc2db4a92', '{"action":"login","actor_id":"a8bb99b2-5bf9-4b92-9e54-2c1843b7300b","actor_username":"baziz@bisak.og","actor_via_sso":false,"log_type":"account","traits":{"provider":"email"}}', '2025-09-29 05:48:56.970433+00', ''),
	('00000000-0000-0000-0000-000000000000', 'cb6c6e32-79ba-4c5f-af33-1f1ad8c35178', '{"action":"user_signedup","actor_id":"fc6f7281-baf1-4c72-81fe-b91e78dfc685","actor_username":"ldindial@bisak.org","actor_via_sso":false,"log_type":"team","traits":{"provider":"email"}}', '2025-09-29 05:49:03.469015+00', ''),
	('00000000-0000-0000-0000-000000000000', '81331468-3d12-4463-8030-7fdfeadb66dd', '{"action":"login","actor_id":"fc6f7281-baf1-4c72-81fe-b91e78dfc685","actor_username":"ldindial@bisak.org","actor_via_sso":false,"log_type":"account","traits":{"provider":"email"}}', '2025-09-29 05:49:03.472998+00', ''),
	('00000000-0000-0000-0000-000000000000', 'a3e80b21-738d-4d4c-aaf0-ccd2616c9f66', '{"action":"login","actor_id":"63f9d3dd-c0ab-455d-b277-e1d6ed72cb2c","actor_username":"leroy.salih@gmail.com","actor_via_sso":false,"log_type":"account","traits":{"provider":"email"}}', '2025-09-29 05:49:17.305259+00', ''),
	('00000000-0000-0000-0000-000000000000', 'f03bd4c9-d90e-417d-9c56-4123499948a4', '{"action":"user_signedup","actor_id":"41be1008-67a4-4e15-95fb-36f5c333f13f","actor_username":"sohenry@bisak.org","actor_via_sso":false,"log_type":"team","traits":{"provider":"email"}}', '2025-09-29 05:50:01.581992+00', ''),
	('00000000-0000-0000-0000-000000000000', 'f6d458d8-d8d4-4dad-99a6-08118150ac99', '{"action":"login","actor_id":"41be1008-67a4-4e15-95fb-36f5c333f13f","actor_username":"sohenry@bisak.org","actor_via_sso":false,"log_type":"account","traits":{"provider":"email"}}', '2025-09-29 05:50:01.585512+00', ''),
	('00000000-0000-0000-0000-000000000000', '4ba477b7-6a5c-4129-900d-fc2da7a0479b', '{"action":"logout","actor_id":"a8bb99b2-5bf9-4b92-9e54-2c1843b7300b","actor_username":"baziz@bisak.og","actor_via_sso":false,"log_type":"account"}', '2025-09-29 05:50:32.374437+00', ''),
	('00000000-0000-0000-0000-000000000000', '99a69466-8420-4d9a-ae4e-71d32c44862f', '{"action":"logout","actor_id":"1ceb90c6-1724-47a9-a8ee-b360a9640298","actor_username":"ejamal@bisak.org","actor_via_sso":false,"log_type":"account"}', '2025-09-29 05:50:32.516948+00', ''),
	('00000000-0000-0000-0000-000000000000', '313fa8cb-9359-4475-97a3-c28b908f3615', '{"action":"logout","actor_id":"f4edc5de-aa0a-4cf1-8590-15275633126e","actor_username":"nmohsen@bisak.org","actor_via_sso":false,"log_type":"account"}', '2025-09-29 05:50:32.792961+00', ''),
	('00000000-0000-0000-0000-000000000000', '00185647-a83c-40a2-833b-ba3055b3e514', '{"action":"logout","actor_id":"5a2b3e7a-2276-43b0-8bde-bec7677c3ed2","actor_username":"hnoor@bisak.org","actor_via_sso":false,"log_type":"account"}', '2025-09-29 05:50:33.158935+00', ''),
	('00000000-0000-0000-0000-000000000000', 'e4285ff6-2591-480a-858a-2464c01f9e85', '{"action":"logout","actor_id":"6df706e1-deb4-4548-81cc-82d2fd481c05","actor_username":"melshiekh@bisak.org","actor_via_sso":false,"log_type":"account"}', '2025-09-29 05:50:33.37847+00', ''),
	('00000000-0000-0000-0000-000000000000', '10abce59-5a5a-44a7-8ab6-6bbaf291d324', '{"action":"logout","actor_id":"baa7c664-9065-4cb9-9baa-69d385e7bcbe","actor_username":"hzaman@bisak.org","actor_via_sso":false,"log_type":"account"}', '2025-09-29 05:50:34.885354+00', ''),
	('00000000-0000-0000-0000-000000000000', 'a3878785-bd64-471d-b280-1b839ec9b21a', '{"action":"logout","actor_id":"e19a785b-0e0f-40b4-b839-c6ba381f5351","actor_username":"chparone@bisak.org","actor_via_sso":false,"log_type":"account"}', '2025-09-29 05:50:35.915116+00', ''),
	('00000000-0000-0000-0000-000000000000', '2fea989d-dd25-41c6-adae-4b3d392119ea', '{"action":"logout","actor_id":"7ce65557-6f3b-4637-b771-b903f70ab024","actor_username":"shaouari@bisak.org","actor_via_sso":false,"log_type":"account"}', '2025-09-29 05:50:36.828405+00', ''),
	('00000000-0000-0000-0000-000000000000', '94ec490d-aa71-4083-a65a-59a9d24f4e56', '{"action":"logout","actor_id":"2709f3c7-a488-467c-9c44-de36e1e9efda","actor_username":"rviola@bisak.org","actor_via_sso":false,"log_type":"account"}', '2025-09-29 05:50:37.474958+00', ''),
	('00000000-0000-0000-0000-000000000000', 'e59463c4-8ed1-4226-99f6-8a20e34c56f7', '{"action":"logout","actor_id":"0a976181-0665-4c8b-a843-bb4b743de561","actor_username":"hjinka@bisak.org","actor_via_sso":false,"log_type":"account"}', '2025-09-29 05:50:39.85978+00', ''),
	('00000000-0000-0000-0000-000000000000', '8814dc3c-1e09-4b62-ae98-5082a4f3d103', '{"action":"logout","actor_id":"a743e51a-3552-4915-8d77-edc57715a677","actor_username":"rfola-fatola@bisak.org","actor_via_sso":false,"log_type":"account"}', '2025-09-29 05:51:26.978286+00', ''),
	('00000000-0000-0000-0000-000000000000', 'ac24fb6f-f76b-4695-a442-3aa12a3330f3', '{"action":"logout","actor_id":"41be1008-67a4-4e15-95fb-36f5c333f13f","actor_username":"sohenry@bisak.org","actor_via_sso":false,"log_type":"account"}', '2025-09-29 05:51:40.149635+00', ''),
	('00000000-0000-0000-0000-000000000000', 'f46683d2-b174-472b-97ef-8d54b95ebffc', '{"action":"user_signedup","actor_id":"0624a38a-8a1a-45f7-93a7-cba3b6c78794","actor_username":"jkhan@bisak.org","actor_via_sso":false,"log_type":"team","traits":{"provider":"email"}}', '2025-09-29 05:54:02.627281+00', ''),
	('00000000-0000-0000-0000-000000000000', '1b6a57ad-e9ab-4e67-8890-19182f4b54c5', '{"action":"login","actor_id":"0624a38a-8a1a-45f7-93a7-cba3b6c78794","actor_username":"jkhan@bisak.org","actor_via_sso":false,"log_type":"account","traits":{"provider":"email"}}', '2025-09-29 05:54:02.632365+00', ''),
	('00000000-0000-0000-0000-000000000000', '332179bd-0d55-46cc-acfb-e64f6f11b377', '{"action":"login","actor_id":"a743e51a-3552-4915-8d77-edc57715a677","actor_username":"rfola-fatola@bisak.org","actor_via_sso":false,"log_type":"account","traits":{"provider":"email"}}', '2025-09-29 06:00:22.973198+00', ''),
	('00000000-0000-0000-0000-000000000000', '39d418c1-34b6-4b03-9e7d-7bb1eee1e512', '{"action":"user_signedup","actor_id":"bb07d668-59ac-4ce9-a11f-64193b347cf4","actor_username":"bmahgoub@bisak.org","actor_via_sso":false,"log_type":"team","traits":{"provider":"email"}}', '2025-09-29 06:01:59.665889+00', ''),
	('00000000-0000-0000-0000-000000000000', '1dbaec0f-0bf8-486f-8625-61bee55f6c4b', '{"action":"login","actor_id":"bb07d668-59ac-4ce9-a11f-64193b347cf4","actor_username":"bmahgoub@bisak.org","actor_via_sso":false,"log_type":"account","traits":{"provider":"email"}}', '2025-09-29 06:01:59.671462+00', ''),
	('00000000-0000-0000-0000-000000000000', 'fa8ece88-f7ab-4d1b-a244-92a40a3c246f', '{"action":"logout","actor_id":"bb07d668-59ac-4ce9-a11f-64193b347cf4","actor_username":"bmahgoub@bisak.org","actor_via_sso":false,"log_type":"account"}', '2025-09-29 06:02:44.538497+00', ''),
	('00000000-0000-0000-0000-000000000000', 'f5d428b9-4ed6-4aaa-9596-b8bc2deec6f0', '{"action":"token_refreshed","actor_id":"63f9d3dd-c0ab-455d-b277-e1d6ed72cb2c","actor_username":"leroy.salih@gmail.com","actor_via_sso":false,"log_type":"token"}', '2025-09-29 06:47:14.847827+00', ''),
	('00000000-0000-0000-0000-000000000000', 'c5dee437-b755-449b-a5dd-4074a8028d55', '{"action":"token_revoked","actor_id":"63f9d3dd-c0ab-455d-b277-e1d6ed72cb2c","actor_username":"leroy.salih@gmail.com","actor_via_sso":false,"log_type":"token"}', '2025-09-29 06:47:14.84968+00', ''),
	('00000000-0000-0000-0000-000000000000', 'd2718c04-771b-413a-aa1f-4bcd64d6212b', '{"action":"token_refreshed","actor_id":"63f9d3dd-c0ab-455d-b277-e1d6ed72cb2c","actor_username":"leroy.salih@gmail.com","actor_via_sso":false,"log_type":"token"}', '2025-09-29 07:45:14.69293+00', ''),
	('00000000-0000-0000-0000-000000000000', 'e7e7896a-bcaa-4cc8-b68a-c1e51f328c0c', '{"action":"token_revoked","actor_id":"63f9d3dd-c0ab-455d-b277-e1d6ed72cb2c","actor_username":"leroy.salih@gmail.com","actor_via_sso":false,"log_type":"token"}', '2025-09-29 07:45:14.693974+00', ''),
	('00000000-0000-0000-0000-000000000000', 'c284e2a1-042c-4edd-82bd-1d34c16fc316', '{"action":"token_refreshed","actor_id":"63f9d3dd-c0ab-455d-b277-e1d6ed72cb2c","actor_username":"leroy.salih@gmail.com","actor_via_sso":false,"log_type":"token"}', '2025-09-29 08:43:21.053876+00', ''),
	('00000000-0000-0000-0000-000000000000', '80f67cdf-8a4b-499b-b59d-699b68dba82c', '{"action":"token_revoked","actor_id":"63f9d3dd-c0ab-455d-b277-e1d6ed72cb2c","actor_username":"leroy.salih@gmail.com","actor_via_sso":false,"log_type":"token"}', '2025-09-29 08:43:21.054961+00', ''),
	('00000000-0000-0000-0000-000000000000', 'b3fbb315-ed01-4940-bde2-cc61a3caff43', '{"action":"token_refreshed","actor_id":"63f9d3dd-c0ab-455d-b277-e1d6ed72cb2c","actor_username":"leroy.salih@gmail.com","actor_via_sso":false,"log_type":"token"}', '2025-09-29 10:28:28.149061+00', ''),
	('00000000-0000-0000-0000-000000000000', '22527cb1-5439-4a9e-b8bc-d5eed135377e', '{"action":"token_revoked","actor_id":"63f9d3dd-c0ab-455d-b277-e1d6ed72cb2c","actor_username":"leroy.salih@gmail.com","actor_via_sso":false,"log_type":"token"}', '2025-09-29 10:28:28.150648+00', ''),
	('00000000-0000-0000-0000-000000000000', 'acc50a3d-bd66-4317-b9a0-b6bc2ba8c4c1', '{"action":"token_refreshed","actor_id":"63f9d3dd-c0ab-455d-b277-e1d6ed72cb2c","actor_username":"leroy.salih@gmail.com","actor_via_sso":false,"log_type":"token"}', '2025-09-29 10:28:28.16863+00', ''),
	('00000000-0000-0000-0000-000000000000', 'b7cd4c87-b71d-4044-9a0a-779212f16ed9', '{"action":"token_refreshed","actor_id":"63f9d3dd-c0ab-455d-b277-e1d6ed72cb2c","actor_username":"leroy.salih@gmail.com","actor_via_sso":false,"log_type":"token"}', '2025-09-29 10:28:29.11007+00', ''),
	('00000000-0000-0000-0000-000000000000', 'e4a67dcd-462f-4989-b575-0726c3073b27', '{"action":"token_refreshed","actor_id":"63f9d3dd-c0ab-455d-b277-e1d6ed72cb2c","actor_username":"leroy.salih@gmail.com","actor_via_sso":false,"log_type":"token"}', '2025-09-29 10:28:29.663769+00', ''),
	('00000000-0000-0000-0000-000000000000', '37c063ad-b5ff-4f75-840e-6655d65cd4cd', '{"action":"token_refreshed","actor_id":"63f9d3dd-c0ab-455d-b277-e1d6ed72cb2c","actor_username":"leroy.salih@gmail.com","actor_via_sso":false,"log_type":"token"}', '2025-09-29 11:26:33.05296+00', ''),
	('00000000-0000-0000-0000-000000000000', 'a1299748-00d1-48f3-b220-280cd1490de6', '{"action":"token_revoked","actor_id":"63f9d3dd-c0ab-455d-b277-e1d6ed72cb2c","actor_username":"leroy.salih@gmail.com","actor_via_sso":false,"log_type":"token"}', '2025-09-29 11:26:33.054801+00', ''),
	('00000000-0000-0000-0000-000000000000', 'd29cb7f4-38f0-4107-861f-446d6a3aa033', '{"action":"token_refreshed","actor_id":"50304a54-2c10-44a1-8c87-b3535a960e28","actor_username":"leroysalih@bisak.org","actor_via_sso":false,"log_type":"token"}', '2025-09-29 12:45:47.798004+00', ''),
	('00000000-0000-0000-0000-000000000000', '4c70a372-e53e-4d81-ba8e-b577a8fcf985', '{"action":"token_revoked","actor_id":"50304a54-2c10-44a1-8c87-b3535a960e28","actor_username":"leroysalih@bisak.org","actor_via_sso":false,"log_type":"token"}', '2025-09-29 12:45:47.799156+00', ''),
	('00000000-0000-0000-0000-000000000000', '562e92ec-3df5-4bdf-b945-435d62fe0728', '{"action":"login","actor_id":"63f9d3dd-c0ab-455d-b277-e1d6ed72cb2c","actor_username":"leroy.salih@gmail.com","actor_via_sso":false,"log_type":"account","traits":{"provider":"email"}}', '2025-09-29 12:52:25.486977+00', ''),
	('00000000-0000-0000-0000-000000000000', '3e83db4b-366c-40c6-9780-460f268dcafa', '{"action":"token_refreshed","actor_id":"63f9d3dd-c0ab-455d-b277-e1d6ed72cb2c","actor_username":"leroy.salih@gmail.com","actor_via_sso":false,"log_type":"token"}', '2025-09-29 13:50:45.939238+00', ''),
	('00000000-0000-0000-0000-000000000000', 'c1bad1db-0ef6-4dfe-ba66-14b460fc98fe', '{"action":"token_revoked","actor_id":"63f9d3dd-c0ab-455d-b277-e1d6ed72cb2c","actor_username":"leroy.salih@gmail.com","actor_via_sso":false,"log_type":"token"}', '2025-09-29 13:50:45.940435+00', ''),
	('00000000-0000-0000-0000-000000000000', '56403a27-a4c1-4bab-a58e-fcd1b4b2c61b', '{"action":"token_refreshed","actor_id":"63f9d3dd-c0ab-455d-b277-e1d6ed72cb2c","actor_username":"leroy.salih@gmail.com","actor_via_sso":false,"log_type":"token"}', '2025-09-29 14:48:48.027095+00', ''),
	('00000000-0000-0000-0000-000000000000', 'd06370f2-ba08-441a-80a5-aa90eb58d053', '{"action":"token_revoked","actor_id":"63f9d3dd-c0ab-455d-b277-e1d6ed72cb2c","actor_username":"leroy.salih@gmail.com","actor_via_sso":false,"log_type":"token"}', '2025-09-29 14:48:48.028889+00', ''),
	('00000000-0000-0000-0000-000000000000', '79d05a08-b73c-429c-aff5-971ce41cb923', '{"action":"token_refreshed","actor_id":"63f9d3dd-c0ab-455d-b277-e1d6ed72cb2c","actor_username":"leroy.salih@gmail.com","actor_via_sso":false,"log_type":"token"}', '2025-09-29 15:50:08.408978+00', ''),
	('00000000-0000-0000-0000-000000000000', '8ab30255-1140-4800-bb1b-36df9809e47d', '{"action":"token_revoked","actor_id":"63f9d3dd-c0ab-455d-b277-e1d6ed72cb2c","actor_username":"leroy.salih@gmail.com","actor_via_sso":false,"log_type":"token"}', '2025-09-29 15:50:08.410692+00', ''),
	('00000000-0000-0000-0000-000000000000', '9e6d4e41-d4a3-42b9-b994-6db677ae9590', '{"action":"token_refreshed","actor_id":"50304a54-2c10-44a1-8c87-b3535a960e28","actor_username":"leroysalih@bisak.org","actor_via_sso":false,"log_type":"token"}', '2025-09-29 16:05:11.559505+00', ''),
	('00000000-0000-0000-0000-000000000000', 'b838d317-11af-4d79-8b59-a1b9fa2b09c4', '{"action":"token_revoked","actor_id":"50304a54-2c10-44a1-8c87-b3535a960e28","actor_username":"leroysalih@bisak.org","actor_via_sso":false,"log_type":"token"}', '2025-09-29 16:05:11.56104+00', ''),
	('00000000-0000-0000-0000-000000000000', '880c3929-fada-4349-a224-6578f1893b2f', '{"action":"login","actor_id":"63f9d3dd-c0ab-455d-b277-e1d6ed72cb2c","actor_username":"leroy.salih@gmail.com","actor_via_sso":false,"log_type":"account","traits":{"provider":"email"}}', '2025-09-29 16:12:27.075504+00', ''),
	('00000000-0000-0000-0000-000000000000', '35a33252-11df-46d7-9a9a-98194d4aa6ff', '{"action":"logout","actor_id":"63f9d3dd-c0ab-455d-b277-e1d6ed72cb2c","actor_username":"leroy.salih@gmail.com","actor_via_sso":false,"log_type":"account"}', '2025-09-29 16:17:26.700751+00', ''),
	('00000000-0000-0000-0000-000000000000', '561db319-d003-4c10-875d-5a156f2bd37a', '{"action":"login","actor_id":"3352f5a2-3c8b-420e-90b7-d95ab6f1756c","actor_username":"p1@bisak.org","actor_via_sso":false,"log_type":"account","traits":{"provider":"email"}}', '2025-09-29 16:17:38.427378+00', ''),
	('00000000-0000-0000-0000-000000000000', 'aa4554a6-1ad5-4ac8-9948-5780d8f79fc1', '{"action":"token_refreshed","actor_id":"3352f5a2-3c8b-420e-90b7-d95ab6f1756c","actor_username":"p1@bisak.org","actor_via_sso":false,"log_type":"token"}', '2025-09-29 17:17:19.218064+00', ''),
	('00000000-0000-0000-0000-000000000000', '8def21f1-58bc-4590-85ed-f60aa6b3bd9f', '{"action":"token_revoked","actor_id":"3352f5a2-3c8b-420e-90b7-d95ab6f1756c","actor_username":"p1@bisak.org","actor_via_sso":false,"log_type":"token"}', '2025-09-29 17:17:19.219539+00', ''),
	('00000000-0000-0000-0000-000000000000', 'c8bbb7ef-b757-4da3-85a3-e66d468b06fc', '{"action":"login","actor_id":"63f9d3dd-c0ab-455d-b277-e1d6ed72cb2c","actor_username":"leroy.salih@gmail.com","actor_via_sso":false,"log_type":"account","traits":{"provider":"email"}}', '2025-09-29 22:20:20.812082+00', ''),
	('00000000-0000-0000-0000-000000000000', '382e9d12-d27c-4d89-9135-ff2b7d2c9be7', '{"action":"token_refreshed","actor_id":"3352f5a2-3c8b-420e-90b7-d95ab6f1756c","actor_username":"p1@bisak.org","actor_via_sso":false,"log_type":"token"}', '2025-09-29 22:32:29.181442+00', ''),
	('00000000-0000-0000-0000-000000000000', '08c0c037-bb25-4ee5-9f42-57000819f81c', '{"action":"token_revoked","actor_id":"3352f5a2-3c8b-420e-90b7-d95ab6f1756c","actor_username":"p1@bisak.org","actor_via_sso":false,"log_type":"token"}', '2025-09-29 22:32:29.182955+00', ''),
	('00000000-0000-0000-0000-000000000000', 'fcf75b01-a888-4818-aef6-d3e6991cb34b', '{"action":"token_refreshed","actor_id":"3352f5a2-3c8b-420e-90b7-d95ab6f1756c","actor_username":"p1@bisak.org","actor_via_sso":false,"log_type":"token"}', '2025-09-29 22:32:30.252062+00', ''),
	('00000000-0000-0000-0000-000000000000', 'a2f48d32-91e0-4a37-8970-015dd779d944', '{"action":"token_refreshed","actor_id":"3352f5a2-3c8b-420e-90b7-d95ab6f1756c","actor_username":"p1@bisak.org","actor_via_sso":false,"log_type":"token"}', '2025-09-29 22:32:30.265435+00', ''),
	('00000000-0000-0000-0000-000000000000', 'c65234c1-c04a-4fbf-8cfa-0ef51232d27c', '{"action":"token_refreshed","actor_id":"3352f5a2-3c8b-420e-90b7-d95ab6f1756c","actor_username":"p1@bisak.org","actor_via_sso":false,"log_type":"token"}', '2025-09-29 22:32:30.327084+00', ''),
	('00000000-0000-0000-0000-000000000000', 'ada3cf37-2849-4303-80f4-a8adbad3415e', '{"action":"token_refreshed","actor_id":"3352f5a2-3c8b-420e-90b7-d95ab6f1756c","actor_username":"p1@bisak.org","actor_via_sso":false,"log_type":"token"}', '2025-09-29 22:32:30.344269+00', ''),
	('00000000-0000-0000-0000-000000000000', 'a8b4c340-a5df-4a29-88a9-557d89cf6322', '{"action":"token_refreshed","actor_id":"3352f5a2-3c8b-420e-90b7-d95ab6f1756c","actor_username":"p1@bisak.org","actor_via_sso":false,"log_type":"token"}', '2025-09-29 22:32:30.386907+00', ''),
	('00000000-0000-0000-0000-000000000000', '52ffe31f-c44a-4a48-bcb4-b6c4d19a517c', '{"action":"token_refreshed","actor_id":"3352f5a2-3c8b-420e-90b7-d95ab6f1756c","actor_username":"p1@bisak.org","actor_via_sso":false,"log_type":"token"}', '2025-09-29 22:32:31.379394+00', ''),
	('00000000-0000-0000-0000-000000000000', '105fc2fe-8ef7-4d8d-bb71-7ca70c848deb', '{"action":"token_refreshed","actor_id":"3352f5a2-3c8b-420e-90b7-d95ab6f1756c","actor_username":"p1@bisak.org","actor_via_sso":false,"log_type":"token"}', '2025-09-29 22:32:31.391347+00', ''),
	('00000000-0000-0000-0000-000000000000', '558765cd-a210-45ef-9ac2-fd4b7333e278', '{"action":"token_refreshed","actor_id":"3352f5a2-3c8b-420e-90b7-d95ab6f1756c","actor_username":"p1@bisak.org","actor_via_sso":false,"log_type":"token"}', '2025-09-29 22:32:31.404364+00', ''),
	('00000000-0000-0000-0000-000000000000', '0424e5d9-f8a7-4a7c-a5aa-8cc79a7f2d9e', '{"action":"token_refreshed","actor_id":"3352f5a2-3c8b-420e-90b7-d95ab6f1756c","actor_username":"p1@bisak.org","actor_via_sso":false,"log_type":"token"}', '2025-09-29 22:32:31.416067+00', ''),
	('00000000-0000-0000-0000-000000000000', '97bc979e-6672-4632-a7f2-0c04501a6047', '{"action":"token_refreshed","actor_id":"3352f5a2-3c8b-420e-90b7-d95ab6f1756c","actor_username":"p1@bisak.org","actor_via_sso":false,"log_type":"token"}', '2025-09-29 22:32:31.437306+00', ''),
	('00000000-0000-0000-0000-000000000000', '1ccc8865-9db8-41a5-9c4d-d6d387989bd2', '{"action":"token_refreshed","actor_id":"3352f5a2-3c8b-420e-90b7-d95ab6f1756c","actor_username":"p1@bisak.org","actor_via_sso":false,"log_type":"token"}', '2025-09-29 22:32:31.498741+00', ''),
	('00000000-0000-0000-0000-000000000000', 'f513f0bf-d8a6-468a-9975-cfb0ff8d0d23', '{"action":"token_refreshed","actor_id":"3352f5a2-3c8b-420e-90b7-d95ab6f1756c","actor_username":"p1@bisak.org","actor_via_sso":false,"log_type":"token"}', '2025-09-29 22:32:31.666493+00', ''),
	('00000000-0000-0000-0000-000000000000', 'e907cffa-a3fa-4d6b-bf70-7947bd8c440d', '{"action":"token_refreshed","actor_id":"3352f5a2-3c8b-420e-90b7-d95ab6f1756c","actor_username":"p1@bisak.org","actor_via_sso":false,"log_type":"token"}', '2025-09-29 22:32:31.684722+00', ''),
	('00000000-0000-0000-0000-000000000000', '6e13332c-3321-4eea-8202-66f027a9ee52', '{"action":"token_refreshed","actor_id":"3352f5a2-3c8b-420e-90b7-d95ab6f1756c","actor_username":"p1@bisak.org","actor_via_sso":false,"log_type":"token"}', '2025-09-29 22:32:31.693987+00', ''),
	('00000000-0000-0000-0000-000000000000', '7b9fb325-4737-4a6d-98da-575cd48948bb', '{"action":"token_refreshed","actor_id":"3352f5a2-3c8b-420e-90b7-d95ab6f1756c","actor_username":"p1@bisak.org","actor_via_sso":false,"log_type":"token"}', '2025-09-29 22:32:31.71243+00', ''),
	('00000000-0000-0000-0000-000000000000', '2a18b16b-d9f8-456a-81a3-977c377f3d5e', '{"action":"token_refreshed","actor_id":"3352f5a2-3c8b-420e-90b7-d95ab6f1756c","actor_username":"p1@bisak.org","actor_via_sso":false,"log_type":"token"}', '2025-09-29 22:32:31.72051+00', ''),
	('00000000-0000-0000-0000-000000000000', '128bf7a1-f68a-41fa-8d31-1732cb4f0f32', '{"action":"token_refreshed","actor_id":"3352f5a2-3c8b-420e-90b7-d95ab6f1756c","actor_username":"p1@bisak.org","actor_via_sso":false,"log_type":"token"}', '2025-09-29 22:32:31.737484+00', ''),
	('00000000-0000-0000-0000-000000000000', 'c7ba70c1-576f-4610-9c58-1b3ae51e881e', '{"action":"token_refreshed","actor_id":"3352f5a2-3c8b-420e-90b7-d95ab6f1756c","actor_username":"p1@bisak.org","actor_via_sso":false,"log_type":"token"}', '2025-09-29 22:32:31.752346+00', ''),
	('00000000-0000-0000-0000-000000000000', '143baa09-4086-426b-b8d6-3815ff886131', '{"action":"token_refreshed","actor_id":"3352f5a2-3c8b-420e-90b7-d95ab6f1756c","actor_username":"p1@bisak.org","actor_via_sso":false,"log_type":"token"}', '2025-09-29 22:32:31.76951+00', ''),
	('00000000-0000-0000-0000-000000000000', 'ce222675-3364-48b6-b813-2fa54afab0b3', '{"action":"token_refreshed","actor_id":"3352f5a2-3c8b-420e-90b7-d95ab6f1756c","actor_username":"p1@bisak.org","actor_via_sso":false,"log_type":"token"}', '2025-09-29 22:32:31.788691+00', ''),
	('00000000-0000-0000-0000-000000000000', '0502a3a0-ebb7-416d-9a77-c6498b1332a4', '{"action":"token_refreshed","actor_id":"3352f5a2-3c8b-420e-90b7-d95ab6f1756c","actor_username":"p1@bisak.org","actor_via_sso":false,"log_type":"token"}', '2025-09-29 22:32:31.804256+00', ''),
	('00000000-0000-0000-0000-000000000000', '23ee8525-5e30-4065-9411-0ecec4dd92bb', '{"action":"token_refreshed","actor_id":"3352f5a2-3c8b-420e-90b7-d95ab6f1756c","actor_username":"p1@bisak.org","actor_via_sso":false,"log_type":"token"}', '2025-09-29 22:32:31.815017+00', ''),
	('00000000-0000-0000-0000-000000000000', '4a3bf5eb-e153-4494-9a77-8ae09f808564', '{"action":"token_refreshed","actor_id":"3352f5a2-3c8b-420e-90b7-d95ab6f1756c","actor_username":"p1@bisak.org","actor_via_sso":false,"log_type":"token"}', '2025-09-29 22:32:31.824867+00', ''),
	('00000000-0000-0000-0000-000000000000', 'e8e0bb5b-a06a-4243-81b3-8bb31456f08e', '{"action":"token_refreshed","actor_id":"3352f5a2-3c8b-420e-90b7-d95ab6f1756c","actor_username":"p1@bisak.org","actor_via_sso":false,"log_type":"token"}', '2025-09-29 22:32:31.838796+00', ''),
	('00000000-0000-0000-0000-000000000000', '9d9ca51d-b798-4268-b09f-ce8adc752dda', '{"action":"token_refreshed","actor_id":"3352f5a2-3c8b-420e-90b7-d95ab6f1756c","actor_username":"p1@bisak.org","actor_via_sso":false,"log_type":"token"}', '2025-09-29 22:32:31.845783+00', ''),
	('00000000-0000-0000-0000-000000000000', 'afc16b63-8483-424d-84cb-e0268358238a', '{"action":"token_refreshed","actor_id":"3352f5a2-3c8b-420e-90b7-d95ab6f1756c","actor_username":"p1@bisak.org","actor_via_sso":false,"log_type":"token"}', '2025-09-29 22:32:31.869084+00', ''),
	('00000000-0000-0000-0000-000000000000', 'c0d09146-9fb6-4fe5-bee9-18aa4d416978', '{"action":"token_refreshed","actor_id":"3352f5a2-3c8b-420e-90b7-d95ab6f1756c","actor_username":"p1@bisak.org","actor_via_sso":false,"log_type":"token"}', '2025-09-29 22:32:31.879665+00', ''),
	('00000000-0000-0000-0000-000000000000', '5cbfe395-757f-4acf-890a-0e9f5240e7c4', '{"action":"token_refreshed","actor_id":"3352f5a2-3c8b-420e-90b7-d95ab6f1756c","actor_username":"p1@bisak.org","actor_via_sso":false,"log_type":"token"}', '2025-09-29 22:32:31.889261+00', ''),
	('00000000-0000-0000-0000-000000000000', '8cd153a6-9eb6-4a1b-8a44-fe4ac8c2d910', '{"action":"token_refreshed","actor_id":"3352f5a2-3c8b-420e-90b7-d95ab6f1756c","actor_username":"p1@bisak.org","actor_via_sso":false,"log_type":"token"}', '2025-09-29 22:32:31.899049+00', ''),
	('00000000-0000-0000-0000-000000000000', '2e9412d7-6003-482b-80b8-8045218a1e48', '{"action":"token_refreshed","actor_id":"3352f5a2-3c8b-420e-90b7-d95ab6f1756c","actor_username":"p1@bisak.org","actor_via_sso":false,"log_type":"token"}', '2025-09-29 22:32:31.909373+00', ''),
	('00000000-0000-0000-0000-000000000000', '5123f0b0-0c71-4755-b789-6091b2e1b579', '{"action":"token_refreshed","actor_id":"3352f5a2-3c8b-420e-90b7-d95ab6f1756c","actor_username":"p1@bisak.org","actor_via_sso":false,"log_type":"token"}', '2025-09-29 22:32:33.43633+00', ''),
	('00000000-0000-0000-0000-000000000000', 'e9c534ef-d962-4d34-82b2-0c854ef3682d', '{"action":"token_refreshed","actor_id":"3352f5a2-3c8b-420e-90b7-d95ab6f1756c","actor_username":"p1@bisak.org","actor_via_sso":false,"log_type":"token"}', '2025-09-29 22:32:36.072946+00', ''),
	('00000000-0000-0000-0000-000000000000', '0e0c7934-39e8-4527-9b30-729519b343fe', '{"action":"token_refreshed","actor_id":"3352f5a2-3c8b-420e-90b7-d95ab6f1756c","actor_username":"p1@bisak.org","actor_via_sso":false,"log_type":"token"}', '2025-09-29 22:33:16.086865+00', ''),
	('00000000-0000-0000-0000-000000000000', '658b771f-2111-4996-bda7-8f952ecdd629', '{"action":"logout","actor_id":"3352f5a2-3c8b-420e-90b7-d95ab6f1756c","actor_username":"p1@bisak.org","actor_via_sso":false,"log_type":"account"}', '2025-09-29 22:33:25.660919+00', ''),
	('00000000-0000-0000-0000-000000000000', 'adeb437c-fb45-4815-b0e2-adc3b8375154', '{"action":"login","actor_id":"63f9d3dd-c0ab-455d-b277-e1d6ed72cb2c","actor_username":"leroy.salih@gmail.com","actor_via_sso":false,"log_type":"account","traits":{"provider":"email"}}', '2025-09-29 22:33:37.983842+00', ''),
	('00000000-0000-0000-0000-000000000000', '54e262c9-29f2-40d6-bc87-a7b9204c6022', '{"action":"token_refreshed","actor_id":"63f9d3dd-c0ab-455d-b277-e1d6ed72cb2c","actor_username":"leroy.salih@gmail.com","actor_via_sso":false,"log_type":"token"}', '2025-09-29 23:31:51.303338+00', ''),
	('00000000-0000-0000-0000-000000000000', 'e68b65b6-c887-49aa-9fdb-bf88a849163d', '{"action":"token_revoked","actor_id":"63f9d3dd-c0ab-455d-b277-e1d6ed72cb2c","actor_username":"leroy.salih@gmail.com","actor_via_sso":false,"log_type":"token"}', '2025-09-29 23:31:51.304687+00', ''),
	('00000000-0000-0000-0000-000000000000', '5d0985a3-b451-4269-979c-934e5c3cafc8', '{"action":"token_refreshed","actor_id":"63f9d3dd-c0ab-455d-b277-e1d6ed72cb2c","actor_username":"leroy.salih@gmail.com","actor_via_sso":false,"log_type":"token"}', '2025-09-30 00:08:58.202812+00', ''),
	('00000000-0000-0000-0000-000000000000', 'fbbada54-54db-4aab-bb53-4ae0a2296286', '{"action":"token_revoked","actor_id":"63f9d3dd-c0ab-455d-b277-e1d6ed72cb2c","actor_username":"leroy.salih@gmail.com","actor_via_sso":false,"log_type":"token"}', '2025-09-30 00:08:58.204359+00', ''),
	('00000000-0000-0000-0000-000000000000', '401d48d1-2b92-439c-84fb-7f1bf21e45a8', '{"action":"token_refreshed","actor_id":"63f9d3dd-c0ab-455d-b277-e1d6ed72cb2c","actor_username":"leroy.salih@gmail.com","actor_via_sso":false,"log_type":"token"}', '2025-09-30 00:30:07.19662+00', ''),
	('00000000-0000-0000-0000-000000000000', '763ae26f-06a1-4183-a9e1-c71e661fa801', '{"action":"token_revoked","actor_id":"63f9d3dd-c0ab-455d-b277-e1d6ed72cb2c","actor_username":"leroy.salih@gmail.com","actor_via_sso":false,"log_type":"token"}', '2025-09-30 00:30:07.19788+00', ''),
	('00000000-0000-0000-0000-000000000000', 'fdf315d0-7621-4122-9be1-e7267d7252dd', '{"action":"token_refreshed","actor_id":"50304a54-2c10-44a1-8c87-b3535a960e28","actor_username":"leroysalih@bisak.org","actor_via_sso":false,"log_type":"token"}', '2025-09-30 00:57:59.491464+00', ''),
	('00000000-0000-0000-0000-000000000000', 'cc01f131-0e1b-4c85-a1b8-870a4622e8a2', '{"action":"token_revoked","actor_id":"50304a54-2c10-44a1-8c87-b3535a960e28","actor_username":"leroysalih@bisak.org","actor_via_sso":false,"log_type":"token"}', '2025-09-30 00:57:59.492942+00', ''),
	('00000000-0000-0000-0000-000000000000', '65222464-87b1-4122-a45d-ba247dee2b4e', '{"action":"token_refreshed","actor_id":"63f9d3dd-c0ab-455d-b277-e1d6ed72cb2c","actor_username":"leroy.salih@gmail.com","actor_via_sso":false,"log_type":"token"}', '2025-09-30 01:07:05.235641+00', ''),
	('00000000-0000-0000-0000-000000000000', 'b3f43353-ce4f-469b-a36e-e36d193b059d', '{"action":"token_revoked","actor_id":"63f9d3dd-c0ab-455d-b277-e1d6ed72cb2c","actor_username":"leroy.salih@gmail.com","actor_via_sso":false,"log_type":"token"}', '2025-09-30 01:07:05.236737+00', ''),
	('00000000-0000-0000-0000-000000000000', '59410bbb-f9fe-4c2e-8cd1-44aec972510b', '{"action":"token_refreshed","actor_id":"63f9d3dd-c0ab-455d-b277-e1d6ed72cb2c","actor_username":"leroy.salih@gmail.com","actor_via_sso":false,"log_type":"token"}', '2025-09-30 01:28:09.109325+00', ''),
	('00000000-0000-0000-0000-000000000000', '2257c02e-a45b-4734-b896-b4a69cf087ab', '{"action":"token_revoked","actor_id":"63f9d3dd-c0ab-455d-b277-e1d6ed72cb2c","actor_username":"leroy.salih@gmail.com","actor_via_sso":false,"log_type":"token"}', '2025-09-30 01:28:09.111057+00', ''),
	('00000000-0000-0000-0000-000000000000', '756efa84-91b3-435d-b0da-7f9ef1b023b6', '{"action":"token_refreshed","actor_id":"63f9d3dd-c0ab-455d-b277-e1d6ed72cb2c","actor_username":"leroy.salih@gmail.com","actor_via_sso":false,"log_type":"token"}', '2025-09-30 02:19:17.072824+00', ''),
	('00000000-0000-0000-0000-000000000000', '36b5ce98-2e8e-430c-996a-3c68a5c2e3e2', '{"action":"token_revoked","actor_id":"63f9d3dd-c0ab-455d-b277-e1d6ed72cb2c","actor_username":"leroy.salih@gmail.com","actor_via_sso":false,"log_type":"token"}', '2025-09-30 02:19:17.073999+00', ''),
	('00000000-0000-0000-0000-000000000000', 'd8574986-60f8-4ae5-9426-790c29f4668a', '{"action":"token_refreshed","actor_id":"63f9d3dd-c0ab-455d-b277-e1d6ed72cb2c","actor_username":"leroy.salih@gmail.com","actor_via_sso":false,"log_type":"token"}', '2025-09-30 03:20:45.433375+00', ''),
	('00000000-0000-0000-0000-000000000000', '8096e064-4874-46b6-93b5-1ab48fa117cf', '{"action":"token_revoked","actor_id":"63f9d3dd-c0ab-455d-b277-e1d6ed72cb2c","actor_username":"leroy.salih@gmail.com","actor_via_sso":false,"log_type":"token"}', '2025-09-30 03:20:45.434552+00', ''),
	('00000000-0000-0000-0000-000000000000', 'f58b3de1-f5ea-4213-8427-f6cfbe2216dd', '{"action":"token_refreshed","actor_id":"63f9d3dd-c0ab-455d-b277-e1d6ed72cb2c","actor_username":"leroy.salih@gmail.com","actor_via_sso":false,"log_type":"token"}', '2025-09-30 03:27:22.38887+00', ''),
	('00000000-0000-0000-0000-000000000000', '40296f0b-35a6-47c6-9cc9-297702599a24', '{"action":"token_revoked","actor_id":"63f9d3dd-c0ab-455d-b277-e1d6ed72cb2c","actor_username":"leroy.salih@gmail.com","actor_via_sso":false,"log_type":"token"}', '2025-09-30 03:27:22.389958+00', ''),
	('00000000-0000-0000-0000-000000000000', 'a8d001c0-6c80-48d6-89f4-b32ed96c01ec', '{"action":"token_refreshed","actor_id":"63f9d3dd-c0ab-455d-b277-e1d6ed72cb2c","actor_username":"leroy.salih@gmail.com","actor_via_sso":false,"log_type":"token"}', '2025-09-30 13:33:19.32604+00', ''),
	('00000000-0000-0000-0000-000000000000', 'cb1bbc0b-8d9a-4f95-970e-a4565e46243c', '{"action":"token_revoked","actor_id":"63f9d3dd-c0ab-455d-b277-e1d6ed72cb2c","actor_username":"leroy.salih@gmail.com","actor_via_sso":false,"log_type":"token"}', '2025-09-30 13:33:19.327144+00', ''),
	('00000000-0000-0000-0000-000000000000', 'c24f400f-ae7a-4f23-bcea-b34f275bd09b', '{"action":"token_refreshed","actor_id":"63f9d3dd-c0ab-455d-b277-e1d6ed72cb2c","actor_username":"leroy.salih@gmail.com","actor_via_sso":false,"log_type":"token"}', '2025-09-30 14:04:25.998774+00', ''),
	('00000000-0000-0000-0000-000000000000', 'f11522ce-9fa3-4b52-89bb-bed581adf2da', '{"action":"token_revoked","actor_id":"63f9d3dd-c0ab-455d-b277-e1d6ed72cb2c","actor_username":"leroy.salih@gmail.com","actor_via_sso":false,"log_type":"token"}', '2025-09-30 14:04:26.00042+00', ''),
	('00000000-0000-0000-0000-000000000000', '69b27fc9-f195-467b-9fe0-52169ae03ed1', '{"action":"logout","actor_id":"63f9d3dd-c0ab-455d-b277-e1d6ed72cb2c","actor_username":"leroy.salih@gmail.com","actor_via_sso":false,"log_type":"account"}', '2025-09-30 14:06:09.160533+00', ''),
	('00000000-0000-0000-0000-000000000000', '03390a09-8dcd-413e-b303-5aa703c8ca5c', '{"action":"login","actor_id":"3352f5a2-3c8b-420e-90b7-d95ab6f1756c","actor_username":"p1@bisak.org","actor_via_sso":false,"log_type":"account","traits":{"provider":"email"}}', '2025-09-30 14:06:23.454029+00', ''),
	('00000000-0000-0000-0000-000000000000', 'e6f756f5-1381-468b-96ac-9baa2d7fff7a', '{"action":"logout","actor_id":"3352f5a2-3c8b-420e-90b7-d95ab6f1756c","actor_username":"p1@bisak.org","actor_via_sso":false,"log_type":"account"}', '2025-09-30 14:19:07.150171+00', ''),
	('00000000-0000-0000-0000-000000000000', 'de946d11-3045-43d1-9fe2-ee0908f8ea6f', '{"action":"login","actor_id":"3352f5a2-3c8b-420e-90b7-d95ab6f1756c","actor_username":"p1@bisak.org","actor_via_sso":false,"log_type":"account","traits":{"provider":"email"}}', '2025-09-30 14:26:04.601924+00', ''),
	('00000000-0000-0000-0000-000000000000', '86584cba-3828-4046-b2eb-ec51ddce4c2d', '{"action":"logout","actor_id":"3352f5a2-3c8b-420e-90b7-d95ab6f1756c","actor_username":"p1@bisak.org","actor_via_sso":false,"log_type":"account"}', '2025-09-30 14:26:20.428116+00', ''),
	('00000000-0000-0000-0000-000000000000', '456d5915-2eb8-4720-ae52-72761114122c', '{"action":"login","actor_id":"63f9d3dd-c0ab-455d-b277-e1d6ed72cb2c","actor_username":"leroy.salih@gmail.com","actor_via_sso":false,"log_type":"account","traits":{"provider":"email"}}', '2025-09-30 14:26:27.216897+00', ''),
	('00000000-0000-0000-0000-000000000000', '3fd1a86a-c7c2-41d3-8abf-b484b09334f2', '{"action":"token_refreshed","actor_id":"63f9d3dd-c0ab-455d-b277-e1d6ed72cb2c","actor_username":"leroy.salih@gmail.com","actor_via_sso":false,"log_type":"token"}', '2025-09-30 15:24:58.461495+00', ''),
	('00000000-0000-0000-0000-000000000000', 'a8d66d20-ee8a-4b88-bbee-b377f57b381e', '{"action":"token_revoked","actor_id":"63f9d3dd-c0ab-455d-b277-e1d6ed72cb2c","actor_username":"leroy.salih@gmail.com","actor_via_sso":false,"log_type":"token"}', '2025-09-30 15:24:58.462902+00', ''),
	('00000000-0000-0000-0000-000000000000', '4355a635-e243-49ce-8d67-cc7f5c2d8e66', '{"action":"token_refreshed","actor_id":"63f9d3dd-c0ab-455d-b277-e1d6ed72cb2c","actor_username":"leroy.salih@gmail.com","actor_via_sso":false,"log_type":"token"}', '2025-09-30 15:24:59.651995+00', ''),
	('00000000-0000-0000-0000-000000000000', 'ad36f6c0-6b5e-4d1c-8701-3a694ea0d50a', '{"action":"token_refreshed","actor_id":"63f9d3dd-c0ab-455d-b277-e1d6ed72cb2c","actor_username":"leroy.salih@gmail.com","actor_via_sso":false,"log_type":"token"}', '2025-09-30 15:25:01.131514+00', ''),
	('00000000-0000-0000-0000-000000000000', 'dafb103e-f818-4e23-aa7e-8580ec9de25d', '{"action":"token_refreshed","actor_id":"63f9d3dd-c0ab-455d-b277-e1d6ed72cb2c","actor_username":"leroy.salih@gmail.com","actor_via_sso":false,"log_type":"token"}', '2025-09-30 15:25:01.149846+00', ''),
	('00000000-0000-0000-0000-000000000000', 'e875ea04-3cce-4252-bd60-cbb524147ca3', '{"action":"token_refreshed","actor_id":"63f9d3dd-c0ab-455d-b277-e1d6ed72cb2c","actor_username":"leroy.salih@gmail.com","actor_via_sso":false,"log_type":"token"}', '2025-09-30 15:25:01.171067+00', ''),
	('00000000-0000-0000-0000-000000000000', '25fc778a-2070-4313-8ba1-5290c05c837f', '{"action":"token_refreshed","actor_id":"63f9d3dd-c0ab-455d-b277-e1d6ed72cb2c","actor_username":"leroy.salih@gmail.com","actor_via_sso":false,"log_type":"token"}', '2025-09-30 15:25:01.916862+00', ''),
	('00000000-0000-0000-0000-000000000000', 'b626a222-9bb8-46e9-a8ae-1c742ceed964', '{"action":"token_refreshed","actor_id":"63f9d3dd-c0ab-455d-b277-e1d6ed72cb2c","actor_username":"leroy.salih@gmail.com","actor_via_sso":false,"log_type":"token"}', '2025-09-30 15:25:47.155348+00', ''),
	('00000000-0000-0000-0000-000000000000', '831a0904-228f-4e86-84d9-a4a220d8e664', '{"action":"token_refreshed","actor_id":"63f9d3dd-c0ab-455d-b277-e1d6ed72cb2c","actor_username":"leroy.salih@gmail.com","actor_via_sso":false,"log_type":"token"}', '2025-09-30 15:25:48.238447+00', ''),
	('00000000-0000-0000-0000-000000000000', '67abed97-f099-4b42-942a-5efa2360a42b', '{"action":"token_refreshed","actor_id":"63f9d3dd-c0ab-455d-b277-e1d6ed72cb2c","actor_username":"leroy.salih@gmail.com","actor_via_sso":false,"log_type":"token"}', '2025-09-30 15:25:49.601815+00', ''),
	('00000000-0000-0000-0000-000000000000', 'b63eff90-0daa-4986-b317-d418a5e116ec', '{"action":"token_refreshed","actor_id":"63f9d3dd-c0ab-455d-b277-e1d6ed72cb2c","actor_username":"leroy.salih@gmail.com","actor_via_sso":false,"log_type":"token"}', '2025-09-30 15:25:49.614111+00', ''),
	('00000000-0000-0000-0000-000000000000', '7949b6ea-3c53-4d42-97a7-02cf285e19b8', '{"action":"token_refreshed","actor_id":"63f9d3dd-c0ab-455d-b277-e1d6ed72cb2c","actor_username":"leroy.salih@gmail.com","actor_via_sso":false,"log_type":"token"}', '2025-09-30 15:25:49.628064+00', ''),
	('00000000-0000-0000-0000-000000000000', '472f5d44-acde-4dcb-b91c-dca2b1d50cb8', '{"action":"token_refreshed","actor_id":"63f9d3dd-c0ab-455d-b277-e1d6ed72cb2c","actor_username":"leroy.salih@gmail.com","actor_via_sso":false,"log_type":"token"}', '2025-09-30 15:25:49.877376+00', ''),
	('00000000-0000-0000-0000-000000000000', 'cc6df97e-a3ef-45f4-852f-6d8f57d22f35', '{"action":"token_refreshed","actor_id":"63f9d3dd-c0ab-455d-b277-e1d6ed72cb2c","actor_username":"leroy.salih@gmail.com","actor_via_sso":false,"log_type":"token"}', '2025-09-30 15:27:09.49576+00', ''),
	('00000000-0000-0000-0000-000000000000', 'a3da3ba9-d0ea-41db-97a1-9cc2c9f27b94', '{"action":"token_refreshed","actor_id":"63f9d3dd-c0ab-455d-b277-e1d6ed72cb2c","actor_username":"leroy.salih@gmail.com","actor_via_sso":false,"log_type":"token"}', '2025-09-30 15:27:10.599403+00', ''),
	('00000000-0000-0000-0000-000000000000', '221e2d9f-2c18-41b3-a7ad-74b5847be765', '{"action":"token_refreshed","actor_id":"63f9d3dd-c0ab-455d-b277-e1d6ed72cb2c","actor_username":"leroy.salih@gmail.com","actor_via_sso":false,"log_type":"token"}', '2025-09-30 15:27:11.206861+00', ''),
	('00000000-0000-0000-0000-000000000000', 'c76dd8e4-afcd-49f6-98be-d8c2c8ae04b8', '{"action":"token_refreshed","actor_id":"63f9d3dd-c0ab-455d-b277-e1d6ed72cb2c","actor_username":"leroy.salih@gmail.com","actor_via_sso":false,"log_type":"token"}', '2025-09-30 15:27:11.218845+00', ''),
	('00000000-0000-0000-0000-000000000000', '2d7c2a95-7348-45e1-99b0-d70f75ebbce5', '{"action":"token_refreshed","actor_id":"63f9d3dd-c0ab-455d-b277-e1d6ed72cb2c","actor_username":"leroy.salih@gmail.com","actor_via_sso":false,"log_type":"token"}', '2025-09-30 15:27:11.535568+00', ''),
	('00000000-0000-0000-0000-000000000000', '2c9525d6-512d-493a-9d5c-e9c4f83ade3f', '{"action":"token_refreshed","actor_id":"63f9d3dd-c0ab-455d-b277-e1d6ed72cb2c","actor_username":"leroy.salih@gmail.com","actor_via_sso":false,"log_type":"token"}', '2025-09-30 15:27:11.558012+00', ''),
	('00000000-0000-0000-0000-000000000000', '6d270c6e-be5d-4c59-8177-3c6b432b74c3', '{"action":"token_refreshed","actor_id":"63f9d3dd-c0ab-455d-b277-e1d6ed72cb2c","actor_username":"leroy.salih@gmail.com","actor_via_sso":false,"log_type":"token"}', '2025-09-30 15:27:11.602272+00', ''),
	('00000000-0000-0000-0000-000000000000', '7b3dc6a9-453f-4cee-a3fa-382a92f46673', '{"action":"token_refreshed","actor_id":"63f9d3dd-c0ab-455d-b277-e1d6ed72cb2c","actor_username":"leroy.salih@gmail.com","actor_via_sso":false,"log_type":"token"}', '2025-09-30 15:27:11.641303+00', ''),
	('00000000-0000-0000-0000-000000000000', '24a6d857-f28d-481a-95ed-fc48ce54d5b1', '{"action":"token_refreshed","actor_id":"63f9d3dd-c0ab-455d-b277-e1d6ed72cb2c","actor_username":"leroy.salih@gmail.com","actor_via_sso":false,"log_type":"token"}', '2025-09-30 15:27:11.689611+00', ''),
	('00000000-0000-0000-0000-000000000000', '14a7626a-0112-4da5-8c29-cf4484a44a74', '{"action":"token_refreshed","actor_id":"63f9d3dd-c0ab-455d-b277-e1d6ed72cb2c","actor_username":"leroy.salih@gmail.com","actor_via_sso":false,"log_type":"token"}', '2025-09-30 15:27:11.746872+00', ''),
	('00000000-0000-0000-0000-000000000000', '7c4f0494-dd4d-48d3-9c0d-19ca47af0cd2', '{"action":"token_refreshed","actor_id":"63f9d3dd-c0ab-455d-b277-e1d6ed72cb2c","actor_username":"leroy.salih@gmail.com","actor_via_sso":false,"log_type":"token"}', '2025-09-30 15:27:11.78737+00', ''),
	('00000000-0000-0000-0000-000000000000', '92c68051-c210-417a-939a-b468c9813666', '{"action":"token_refreshed","actor_id":"63f9d3dd-c0ab-455d-b277-e1d6ed72cb2c","actor_username":"leroy.salih@gmail.com","actor_via_sso":false,"log_type":"token"}', '2025-09-30 15:27:11.815242+00', ''),
	('00000000-0000-0000-0000-000000000000', '40d52aaa-7123-46bb-940d-4c50514bf36d', '{"action":"token_refreshed","actor_id":"63f9d3dd-c0ab-455d-b277-e1d6ed72cb2c","actor_username":"leroy.salih@gmail.com","actor_via_sso":false,"log_type":"token"}', '2025-09-30 15:27:11.830676+00', ''),
	('00000000-0000-0000-0000-000000000000', '6a048d30-84f9-4366-9c0f-e5abf9f044b0', '{"action":"token_refreshed","actor_id":"63f9d3dd-c0ab-455d-b277-e1d6ed72cb2c","actor_username":"leroy.salih@gmail.com","actor_via_sso":false,"log_type":"token"}', '2025-09-30 15:27:11.860688+00', ''),
	('00000000-0000-0000-0000-000000000000', '3741fc6c-7dfb-48cf-9392-c40b93ad017e', '{"action":"token_refreshed","actor_id":"63f9d3dd-c0ab-455d-b277-e1d6ed72cb2c","actor_username":"leroy.salih@gmail.com","actor_via_sso":false,"log_type":"token"}', '2025-09-30 15:27:11.871755+00', ''),
	('00000000-0000-0000-0000-000000000000', '55efd4d7-099d-49bc-850c-98b329e976e7', '{"action":"token_refreshed","actor_id":"63f9d3dd-c0ab-455d-b277-e1d6ed72cb2c","actor_username":"leroy.salih@gmail.com","actor_via_sso":false,"log_type":"token"}', '2025-09-30 15:27:11.888365+00', ''),
	('00000000-0000-0000-0000-000000000000', 'a18ce00a-cb5f-473e-9e42-e18ab2f1e2f4', '{"action":"token_refreshed","actor_id":"63f9d3dd-c0ab-455d-b277-e1d6ed72cb2c","actor_username":"leroy.salih@gmail.com","actor_via_sso":false,"log_type":"token"}', '2025-09-30 15:27:11.905202+00', ''),
	('00000000-0000-0000-0000-000000000000', '293ec701-4db3-40e3-9328-9e4cba5bc019', '{"action":"token_refreshed","actor_id":"63f9d3dd-c0ab-455d-b277-e1d6ed72cb2c","actor_username":"leroy.salih@gmail.com","actor_via_sso":false,"log_type":"token"}', '2025-09-30 15:27:11.926331+00', ''),
	('00000000-0000-0000-0000-000000000000', '286f5168-1a02-400f-bf90-372e3f9af0b3', '{"action":"token_refreshed","actor_id":"63f9d3dd-c0ab-455d-b277-e1d6ed72cb2c","actor_username":"leroy.salih@gmail.com","actor_via_sso":false,"log_type":"token"}', '2025-09-30 15:27:11.939516+00', ''),
	('00000000-0000-0000-0000-000000000000', '56c5f05a-f75c-4867-a72c-321a99b5ca20', '{"action":"token_refreshed","actor_id":"63f9d3dd-c0ab-455d-b277-e1d6ed72cb2c","actor_username":"leroy.salih@gmail.com","actor_via_sso":false,"log_type":"token"}', '2025-09-30 15:27:11.95271+00', ''),
	('00000000-0000-0000-0000-000000000000', '7f2262fc-bc44-439a-afc4-f97a03e63191', '{"action":"token_refreshed","actor_id":"63f9d3dd-c0ab-455d-b277-e1d6ed72cb2c","actor_username":"leroy.salih@gmail.com","actor_via_sso":false,"log_type":"token"}', '2025-09-30 15:27:11.971754+00', ''),
	('00000000-0000-0000-0000-000000000000', 'cb399ad7-1a40-4581-a1e3-46edf9965a9d', '{"action":"token_refreshed","actor_id":"63f9d3dd-c0ab-455d-b277-e1d6ed72cb2c","actor_username":"leroy.salih@gmail.com","actor_via_sso":false,"log_type":"token"}', '2025-09-30 15:27:11.981744+00', ''),
	('00000000-0000-0000-0000-000000000000', 'bf423663-faef-4270-9272-22ffc4add1fc', '{"action":"token_refreshed","actor_id":"63f9d3dd-c0ab-455d-b277-e1d6ed72cb2c","actor_username":"leroy.salih@gmail.com","actor_via_sso":false,"log_type":"token"}', '2025-09-30 15:27:12.004893+00', ''),
	('00000000-0000-0000-0000-000000000000', '68f3d9b2-8848-4d07-88f9-3cc923a04903', '{"action":"token_refreshed","actor_id":"63f9d3dd-c0ab-455d-b277-e1d6ed72cb2c","actor_username":"leroy.salih@gmail.com","actor_via_sso":false,"log_type":"token"}', '2025-09-30 15:27:12.016949+00', ''),
	('00000000-0000-0000-0000-000000000000', 'cd5eef7a-f01d-42bb-bcfb-596257b8639d', '{"action":"token_refreshed","actor_id":"63f9d3dd-c0ab-455d-b277-e1d6ed72cb2c","actor_username":"leroy.salih@gmail.com","actor_via_sso":false,"log_type":"token"}', '2025-09-30 15:27:11.964855+00', ''),
	('00000000-0000-0000-0000-000000000000', '9fe184a3-7e40-49dd-a5fa-4855856c2ab8', '{"action":"token_refreshed","actor_id":"63f9d3dd-c0ab-455d-b277-e1d6ed72cb2c","actor_username":"leroy.salih@gmail.com","actor_via_sso":false,"log_type":"token"}', '2025-09-30 15:27:11.99174+00', ''),
	('00000000-0000-0000-0000-000000000000', '54057648-8488-441b-9d71-c76dd01e265f', '{"action":"token_refreshed","actor_id":"63f9d3dd-c0ab-455d-b277-e1d6ed72cb2c","actor_username":"leroy.salih@gmail.com","actor_via_sso":false,"log_type":"token"}', '2025-09-30 15:27:12.024761+00', ''),
	('00000000-0000-0000-0000-000000000000', '766aa611-feb3-4f94-809b-e7d03e6d61b6', '{"action":"token_refreshed","actor_id":"63f9d3dd-c0ab-455d-b277-e1d6ed72cb2c","actor_username":"leroy.salih@gmail.com","actor_via_sso":false,"log_type":"token"}', '2025-09-30 15:27:12.041351+00', ''),
	('00000000-0000-0000-0000-000000000000', '50b943ef-8b24-41e1-9200-c7a1a06552c7', '{"action":"token_refreshed","actor_id":"63f9d3dd-c0ab-455d-b277-e1d6ed72cb2c","actor_username":"leroy.salih@gmail.com","actor_via_sso":false,"log_type":"token"}', '2025-09-30 15:28:34.253399+00', ''),
	('00000000-0000-0000-0000-000000000000', '85694573-1f67-4903-a435-a12cf462f0bd', '{"action":"login","actor_id":"63f9d3dd-c0ab-455d-b277-e1d6ed72cb2c","actor_username":"leroy.salih@gmail.com","actor_via_sso":false,"log_type":"account","traits":{"provider":"email"}}', '2025-09-30 15:41:55.454818+00', ''),
	('00000000-0000-0000-0000-000000000000', '795c6946-bd3f-46e7-be1b-fa25800003f2', '{"action":"token_refreshed","actor_id":"63f9d3dd-c0ab-455d-b277-e1d6ed72cb2c","actor_username":"leroy.salih@gmail.com","actor_via_sso":false,"log_type":"token"}', '2025-09-30 16:57:36.368155+00', ''),
	('00000000-0000-0000-0000-000000000000', '73e0119d-8258-4897-b5ce-8ad87cc8d99e', '{"action":"token_revoked","actor_id":"63f9d3dd-c0ab-455d-b277-e1d6ed72cb2c","actor_username":"leroy.salih@gmail.com","actor_via_sso":false,"log_type":"token"}', '2025-09-30 16:57:36.369602+00', ''),
	('00000000-0000-0000-0000-000000000000', 'e9b971fa-2ff5-4a93-a137-de567cd859f6', '{"action":"token_refreshed","actor_id":"63f9d3dd-c0ab-455d-b277-e1d6ed72cb2c","actor_username":"leroy.salih@gmail.com","actor_via_sso":false,"log_type":"token"}', '2025-09-30 16:58:40.932497+00', ''),
	('00000000-0000-0000-0000-000000000000', '5338567e-cf6d-41be-b820-4a9b01538759', '{"action":"token_revoked","actor_id":"63f9d3dd-c0ab-455d-b277-e1d6ed72cb2c","actor_username":"leroy.salih@gmail.com","actor_via_sso":false,"log_type":"token"}', '2025-09-30 16:58:40.933704+00', ''),
	('00000000-0000-0000-0000-000000000000', 'ec1af85b-03f8-4763-92eb-5d68209fc0f3', '{"action":"token_refreshed","actor_id":"63f9d3dd-c0ab-455d-b277-e1d6ed72cb2c","actor_username":"leroy.salih@gmail.com","actor_via_sso":false,"log_type":"token"}', '2025-09-30 22:58:32.728948+00', ''),
	('00000000-0000-0000-0000-000000000000', '1686dc7e-7223-4e42-b1af-a069151450e8', '{"action":"token_revoked","actor_id":"63f9d3dd-c0ab-455d-b277-e1d6ed72cb2c","actor_username":"leroy.salih@gmail.com","actor_via_sso":false,"log_type":"token"}', '2025-09-30 22:58:32.730012+00', ''),
	('00000000-0000-0000-0000-000000000000', 'f3f2178c-ab72-432c-aef9-bd78e46c433a', '{"action":"token_refreshed","actor_id":"63f9d3dd-c0ab-455d-b277-e1d6ed72cb2c","actor_username":"leroy.salih@gmail.com","actor_via_sso":false,"log_type":"token"}', '2025-09-30 23:50:44.665765+00', ''),
	('00000000-0000-0000-0000-000000000000', '7ea2f588-a315-41c2-a74d-9db323fa6869', '{"action":"token_revoked","actor_id":"63f9d3dd-c0ab-455d-b277-e1d6ed72cb2c","actor_username":"leroy.salih@gmail.com","actor_via_sso":false,"log_type":"token"}', '2025-09-30 23:50:44.666888+00', ''),
	('00000000-0000-0000-0000-000000000000', 'bc86821f-6ae7-474c-892d-c2ae6feb3815', '{"action":"token_refreshed","actor_id":"63f9d3dd-c0ab-455d-b277-e1d6ed72cb2c","actor_username":"leroy.salih@gmail.com","actor_via_sso":false,"log_type":"token"}', '2025-09-30 23:50:45.289777+00', ''),
	('00000000-0000-0000-0000-000000000000', '918c07be-544a-4039-b15d-0251c2f8fc03', '{"action":"token_refreshed","actor_id":"63f9d3dd-c0ab-455d-b277-e1d6ed72cb2c","actor_username":"leroy.salih@gmail.com","actor_via_sso":false,"log_type":"token"}', '2025-09-30 23:50:46.201939+00', ''),
	('00000000-0000-0000-0000-000000000000', 'dc412939-12f4-4796-b091-c13ea3924a38', '{"action":"token_refreshed","actor_id":"63f9d3dd-c0ab-455d-b277-e1d6ed72cb2c","actor_username":"leroy.salih@gmail.com","actor_via_sso":false,"log_type":"token"}', '2025-09-30 23:50:46.712199+00', ''),
	('00000000-0000-0000-0000-000000000000', '8ce76a95-c947-4f79-a6fc-e7a01537779d', '{"action":"token_refreshed","actor_id":"63f9d3dd-c0ab-455d-b277-e1d6ed72cb2c","actor_username":"leroy.salih@gmail.com","actor_via_sso":false,"log_type":"token"}', '2025-09-30 23:50:46.725388+00', ''),
	('00000000-0000-0000-0000-000000000000', '4fc726cc-939f-4d31-84b9-999742027528', '{"action":"token_refreshed","actor_id":"63f9d3dd-c0ab-455d-b277-e1d6ed72cb2c","actor_username":"leroy.salih@gmail.com","actor_via_sso":false,"log_type":"token"}', '2025-09-30 23:50:50.314117+00', ''),
	('00000000-0000-0000-0000-000000000000', 'eabf4d80-d5e7-4027-b8d8-4755c69d9753', '{"action":"token_refreshed","actor_id":"63f9d3dd-c0ab-455d-b277-e1d6ed72cb2c","actor_username":"leroy.salih@gmail.com","actor_via_sso":false,"log_type":"token"}', '2025-09-30 23:57:49.066531+00', ''),
	('00000000-0000-0000-0000-000000000000', 'b72c1a77-bfa1-4f0e-9be8-86371ec6fd94', '{"action":"token_revoked","actor_id":"63f9d3dd-c0ab-455d-b277-e1d6ed72cb2c","actor_username":"leroy.salih@gmail.com","actor_via_sso":false,"log_type":"token"}', '2025-09-30 23:57:49.067704+00', ''),
	('00000000-0000-0000-0000-000000000000', '6710916e-07f9-488b-bd5a-d7fab685d215', '{"action":"token_refreshed","actor_id":"63f9d3dd-c0ab-455d-b277-e1d6ed72cb2c","actor_username":"leroy.salih@gmail.com","actor_via_sso":false,"log_type":"token"}', '2025-10-01 00:56:18.363373+00', ''),
	('00000000-0000-0000-0000-000000000000', 'b7205e7f-8587-4b6e-b982-29b43ccbee93', '{"action":"token_revoked","actor_id":"63f9d3dd-c0ab-455d-b277-e1d6ed72cb2c","actor_username":"leroy.salih@gmail.com","actor_via_sso":false,"log_type":"token"}', '2025-10-01 00:56:18.364829+00', ''),
	('00000000-0000-0000-0000-000000000000', 'ce27eeb0-ba36-4957-9fc0-d466c4d73373', '{"action":"token_refreshed","actor_id":"63f9d3dd-c0ab-455d-b277-e1d6ed72cb2c","actor_username":"leroy.salih@gmail.com","actor_via_sso":false,"log_type":"token"}', '2025-10-01 01:02:09.591262+00', ''),
	('00000000-0000-0000-0000-000000000000', '8bd0086f-f947-4652-ac3b-79b82cca47a9', '{"action":"token_revoked","actor_id":"63f9d3dd-c0ab-455d-b277-e1d6ed72cb2c","actor_username":"leroy.salih@gmail.com","actor_via_sso":false,"log_type":"token"}', '2025-10-01 01:02:09.592465+00', ''),
	('00000000-0000-0000-0000-000000000000', '6ebc2df0-708d-4c5e-b90c-18f9609de151', '{"action":"logout","actor_id":"63f9d3dd-c0ab-455d-b277-e1d6ed72cb2c","actor_username":"leroy.salih@gmail.com","actor_via_sso":false,"log_type":"account"}', '2025-10-01 01:32:03.014347+00', ''),
	('00000000-0000-0000-0000-000000000000', '23fa33ab-fa73-4f53-8686-db14f599e8d9', '{"action":"login","actor_id":"3352f5a2-3c8b-420e-90b7-d95ab6f1756c","actor_username":"p1@bisak.org","actor_via_sso":false,"log_type":"account","traits":{"provider":"email"}}', '2025-10-01 01:32:20.075139+00', ''),
	('00000000-0000-0000-0000-000000000000', 'd757d1ee-c60e-403a-bf4b-e7ab827cdd2f', '{"action":"logout","actor_id":"3352f5a2-3c8b-420e-90b7-d95ab6f1756c","actor_username":"p1@bisak.org","actor_via_sso":false,"log_type":"account"}', '2025-10-01 01:48:01.107927+00', ''),
	('00000000-0000-0000-0000-000000000000', '14375605-88b3-4e7b-b0bb-d8c3924e304f', '{"action":"login","actor_id":"63f9d3dd-c0ab-455d-b277-e1d6ed72cb2c","actor_username":"leroy.salih@gmail.com","actor_via_sso":false,"log_type":"account","traits":{"provider":"email"}}', '2025-10-01 01:48:15.105908+00', ''),
	('00000000-0000-0000-0000-000000000000', '4c7471c3-83f0-49aa-ad78-f822b3db5f3a', '{"action":"login","actor_id":"63f9d3dd-c0ab-455d-b277-e1d6ed72cb2c","actor_username":"leroy.salih@gmail.com","actor_via_sso":false,"log_type":"account","traits":{"provider":"email"}}', '2025-10-01 02:46:41.374195+00', ''),
	('00000000-0000-0000-0000-000000000000', 'cf299485-c3b2-41b3-a00b-3c2d9930859f', '{"action":"login","actor_id":"63f9d3dd-c0ab-455d-b277-e1d6ed72cb2c","actor_username":"leroy.salih@gmail.com","actor_via_sso":false,"log_type":"account","traits":{"provider":"email"}}', '2025-10-01 03:43:58.838661+00', ''),
	('00000000-0000-0000-0000-000000000000', '49f8c1ba-dd30-41d4-8ace-4e092c3da684', '{"action":"token_refreshed","actor_id":"63f9d3dd-c0ab-455d-b277-e1d6ed72cb2c","actor_username":"leroy.salih@gmail.com","actor_via_sso":false,"log_type":"token"}', '2025-10-01 13:37:36.16505+00', ''),
	('00000000-0000-0000-0000-000000000000', 'f1c3cbfb-706f-4897-bff3-d44bf01e3657', '{"action":"token_revoked","actor_id":"63f9d3dd-c0ab-455d-b277-e1d6ed72cb2c","actor_username":"leroy.salih@gmail.com","actor_via_sso":false,"log_type":"token"}', '2025-10-01 13:37:36.166134+00', ''),
	('00000000-0000-0000-0000-000000000000', '15d9a683-838d-4cf9-b9a4-1b8b2d6fb02c', '{"action":"token_refreshed","actor_id":"63f9d3dd-c0ab-455d-b277-e1d6ed72cb2c","actor_username":"leroy.salih@gmail.com","actor_via_sso":false,"log_type":"token"}', '2025-10-02 00:40:49.853077+00', ''),
	('00000000-0000-0000-0000-000000000000', '3f2d202d-d6fb-4406-9382-a806f76d75a8', '{"action":"token_revoked","actor_id":"63f9d3dd-c0ab-455d-b277-e1d6ed72cb2c","actor_username":"leroy.salih@gmail.com","actor_via_sso":false,"log_type":"token"}', '2025-10-02 00:40:49.854502+00', ''),
	('00000000-0000-0000-0000-000000000000', '92350e74-9eef-403d-9941-5878b232f4f7', '{"action":"login","actor_id":"63f9d3dd-c0ab-455d-b277-e1d6ed72cb2c","actor_username":"leroy.salih@gmail.com","actor_via_sso":false,"log_type":"account","traits":{"provider":"email"}}', '2025-10-02 04:13:41.656461+00', ''),
	('00000000-0000-0000-0000-000000000000', 'a91f5fa7-38e9-459f-9816-9b6cdb023c21', '{"action":"token_refreshed","actor_id":"63f9d3dd-c0ab-455d-b277-e1d6ed72cb2c","actor_username":"leroy.salih@gmail.com","actor_via_sso":false,"log_type":"token"}', '2025-10-02 05:11:51.049453+00', ''),
	('00000000-0000-0000-0000-000000000000', '9441014f-ed8f-456b-a25d-3ccd2ca21b89', '{"action":"token_revoked","actor_id":"63f9d3dd-c0ab-455d-b277-e1d6ed72cb2c","actor_username":"leroy.salih@gmail.com","actor_via_sso":false,"log_type":"token"}', '2025-10-02 05:11:51.050996+00', ''),
	('00000000-0000-0000-0000-000000000000', 'f3b7ca2a-025c-48c4-9ddc-539787520394', '{"action":"token_refreshed","actor_id":"63f9d3dd-c0ab-455d-b277-e1d6ed72cb2c","actor_username":"leroy.salih@gmail.com","actor_via_sso":false,"log_type":"token"}', '2025-10-02 07:34:37.566431+00', ''),
	('00000000-0000-0000-0000-000000000000', 'de43e283-b942-4c9b-99a5-63568c041947', '{"action":"token_revoked","actor_id":"63f9d3dd-c0ab-455d-b277-e1d6ed72cb2c","actor_username":"leroy.salih@gmail.com","actor_via_sso":false,"log_type":"token"}', '2025-10-02 07:34:37.567832+00', ''),
	('00000000-0000-0000-0000-000000000000', '2cc3fa42-f687-4787-9389-059c3236b47f', '{"action":"token_refreshed","actor_id":"63f9d3dd-c0ab-455d-b277-e1d6ed72cb2c","actor_username":"leroy.salih@gmail.com","actor_via_sso":false,"log_type":"token"}', '2025-10-02 08:52:26.239383+00', ''),
	('00000000-0000-0000-0000-000000000000', '1531c294-fb55-4fdd-a147-d77a23860bb7', '{"action":"token_revoked","actor_id":"63f9d3dd-c0ab-455d-b277-e1d6ed72cb2c","actor_username":"leroy.salih@gmail.com","actor_via_sso":false,"log_type":"token"}', '2025-10-02 08:52:26.240466+00', ''),
	('00000000-0000-0000-0000-000000000000', 'b35b6e44-603b-4490-987d-d930efef0c75', '{"action":"token_refreshed","actor_id":"63f9d3dd-c0ab-455d-b277-e1d6ed72cb2c","actor_username":"leroy.salih@gmail.com","actor_via_sso":false,"log_type":"token"}', '2025-10-02 15:15:42.759151+00', ''),
	('00000000-0000-0000-0000-000000000000', 'a4fdfc3f-5129-44ab-bc25-4e1ab9c0b448', '{"action":"token_revoked","actor_id":"63f9d3dd-c0ab-455d-b277-e1d6ed72cb2c","actor_username":"leroy.salih@gmail.com","actor_via_sso":false,"log_type":"token"}', '2025-10-02 15:15:42.760139+00', '');


--
-- Data for Name: flow_state; Type: TABLE DATA; Schema: auth; Owner: supabase_auth_admin
--



--
-- Data for Name: users; Type: TABLE DATA; Schema: auth; Owner: supabase_auth_admin
--

INSERT INTO "auth"."users" ("instance_id", "id", "aud", "role", "email", "encrypted_password", "email_confirmed_at", "invited_at", "confirmation_token", "confirmation_sent_at", "recovery_token", "recovery_sent_at", "email_change_token_new", "email_change", "email_change_sent_at", "last_sign_in_at", "raw_app_meta_data", "raw_user_meta_data", "is_super_admin", "created_at", "updated_at", "phone", "phone_confirmed_at", "phone_change", "phone_change_token", "phone_change_sent_at", "email_change_token_current", "email_change_confirm_status", "banned_until", "reauthentication_token", "reauthentication_sent_at", "is_sso_user", "deleted_at", "is_anonymous") VALUES
	('00000000-0000-0000-0000-000000000000', 'da365bd8-7aa5-4ffb-acf0-2afaaf7152b6', 'authenticated', 'authenticated', 'p5@bisak.org', '$2a$10$BunFkPjHAsIdAMNRiXa4iOxpx5TeMD4p2EGAHyTqP1QWQahX.8IYW', '2025-09-25 00:36:53.347268+00', NULL, '', NULL, '', NULL, '', '', NULL, NULL, '{"provider": "email", "providers": ["email"]}', '{"email_verified": true}', NULL, '2025-09-25 00:36:53.344218+00', '2025-09-25 00:36:53.34802+00', NULL, NULL, '', '', NULL, '', 0, NULL, '', NULL, false, NULL, false),
	('00000000-0000-0000-0000-000000000000', '63f9d3dd-c0ab-455d-b277-e1d6ed72cb2c', 'authenticated', 'authenticated', 'leroy.salih@gmail.com', '$2a$10$xobsprbDXkIyGv0A1NxxUe5d.b7G7DTS5ITj8g3WazYBLNVV7OhBO', '2025-09-26 05:52:38.776677+00', NULL, '', NULL, '', NULL, '', '', NULL, '2025-10-02 04:13:41.657556+00', '{"provider": "email", "providers": ["email"]}', '{"sub": "63f9d3dd-c0ab-455d-b277-e1d6ed72cb2c", "email": "leroy.salih@gmail.com", "email_verified": true, "phone_verified": false}', NULL, '2025-09-26 05:52:38.768721+00', '2025-10-02 15:15:42.762737+00', NULL, NULL, '', '', NULL, '', 0, NULL, '', NULL, false, NULL, false),
	('00000000-0000-0000-0000-000000000000', '47096e19-2f45-4b45-8e60-f9d71eef8168', 'authenticated', 'authenticated', 'p6@bisak.org', '$2a$10$OEgpj1elhpRwE5Kqh6d4lO/WzWTcYSzpeT7uGG.3CBaIghkYqPsUa', '2025-09-25 00:37:07.784783+00', NULL, '', NULL, '', NULL, '', '', NULL, NULL, '{"provider": "email", "providers": ["email"]}', '{"email_verified": true}', NULL, '2025-09-25 00:37:07.781149+00', '2025-09-25 00:37:07.785642+00', NULL, NULL, '', '', NULL, '', 0, NULL, '', NULL, false, NULL, false),
	('00000000-0000-0000-0000-000000000000', '52e2c408-4960-48c9-b3c6-9d9bb5b70835', 'authenticated', 'authenticated', 't1@bisak.org', '$2a$10$d/aL.oCKs0jiwsfn2sPjJugxZPpF14TPUUi3ve3KHMLIiZdnWJ5U.', '2025-09-24 16:16:55.237031+00', NULL, '', NULL, '', NULL, '', '', NULL, NULL, '{"provider": "email", "providers": ["email"]}', '{"email_verified": true}', NULL, '2025-09-24 16:16:55.233756+00', '2025-09-24 16:16:55.237815+00', NULL, NULL, '', '', NULL, '', 0, NULL, '', NULL, false, NULL, false),
	('00000000-0000-0000-0000-000000000000', 'e25087b7-f44d-4ea5-a469-5f9543d69bf1', 'authenticated', 'authenticated', 'p2@bisak.org', '$2a$10$GWQawIRJy1rM9bgjrfPux.T9uBN1H0yto17L6sPszbBTH4xiIP/7y', '2025-09-25 00:26:23.607025+00', NULL, '', NULL, '', NULL, '', '', NULL, NULL, '{"provider": "email", "providers": ["email"]}', '{"email_verified": true}', NULL, '2025-09-25 00:26:23.602554+00', '2025-09-25 00:26:23.608136+00', NULL, NULL, '', '', NULL, '', 0, NULL, '', NULL, false, NULL, false),
	('00000000-0000-0000-0000-000000000000', '0503adf6-4e05-4f0d-8802-660dcfbee96c', 'authenticated', 'authenticated', 'lobadawi@bisak.org', '$2a$10$VGqyqlbsNwRhb06SkmpT0.neE4CXPq9I0zYqsaPE4.OTu68xMq/Pe', '2025-09-28 05:49:48.035418+00', NULL, '', NULL, '', NULL, '', '', NULL, '2025-09-28 05:49:48.038863+00', '{"provider": "email", "providers": ["email"]}', '{"sub": "0503adf6-4e05-4f0d-8802-660dcfbee96c", "email": "lobadawi@bisak.org", "email_verified": true, "phone_verified": false}', NULL, '2025-09-28 05:49:48.029057+00', '2025-09-28 05:49:48.040964+00', NULL, NULL, '', '', NULL, '', 0, NULL, '', NULL, false, NULL, false),
	('00000000-0000-0000-0000-000000000000', 'a59a492b-cb3d-499e-9152-1b0793ce7b44', 'authenticated', 'authenticated', 'p3@bisak.org', '$2a$10$b3P3Dbuwqg0cDf6c2pIKAeK/RgvGSWkdP8fij/X9ovfkfNJx5WdVK', '2025-09-25 00:26:48.618293+00', NULL, '', NULL, '', NULL, '', '', NULL, NULL, '{"provider": "email", "providers": ["email"]}', '{"email_verified": true}', NULL, '2025-09-25 00:26:48.614437+00', '2025-09-25 00:26:48.619099+00', NULL, NULL, '', '', NULL, '', 0, NULL, '', NULL, false, NULL, false),
	('00000000-0000-0000-0000-000000000000', '1b83349c-3b8b-4ab0-aae9-470a4d085469', 'authenticated', 'authenticated', 'p4@bisak.org', '$2a$10$VNcwRzfJXDNHdzmokTEmAOCpoK2GnPocelD1LjuxUBS0X.iQ3EmgG', '2025-09-25 00:36:31.910109+00', NULL, '', NULL, '', NULL, '', '', NULL, NULL, '{"provider": "email", "providers": ["email"]}', '{"email_verified": true}', NULL, '2025-09-25 00:36:31.90567+00', '2025-09-25 00:36:31.911116+00', NULL, NULL, '', '', NULL, '', 0, NULL, '', NULL, false, NULL, false),
	('00000000-0000-0000-0000-000000000000', '24d1c27d-3365-4ceb-8909-c9c08444af9f', 'authenticated', 'authenticated', 'eakiri@bisak.org', '$2a$10$Tq0Kyl3luNJ/ONxLux98ReIn5yEpcqCMBhlWNe9iLdXmWI4UqjBnS', '2025-09-28 05:50:23.70582+00', NULL, '', NULL, '', NULL, '', '', NULL, '2025-09-28 05:50:23.709119+00', '{"provider": "email", "providers": ["email"]}', '{"sub": "24d1c27d-3365-4ceb-8909-c9c08444af9f", "email": "eakiri@bisak.org", "email_verified": true, "phone_verified": false}', NULL, '2025-09-28 05:50:23.700828+00', '2025-09-28 05:50:23.710714+00', NULL, NULL, '', '', NULL, '', 0, NULL, '', NULL, false, NULL, false),
	('00000000-0000-0000-0000-000000000000', '0c66c9e3-ad69-4a39-be10-59c48d04c65a', 'authenticated', 'authenticated', 'mmohamed@bisak.org', '$2a$10$wcz8u/F9AiIE8jlVIk6WHezWbyc0HaulxP4oBEHFeYqdavYcBS6BO', '2025-09-28 05:49:53.740562+00', NULL, '', NULL, '', NULL, '', '', NULL, '2025-09-28 05:49:53.743952+00', '{"provider": "email", "providers": ["email"]}', '{"sub": "0c66c9e3-ad69-4a39-be10-59c48d04c65a", "email": "mmohamed@bisak.org", "email_verified": true, "phone_verified": false}', NULL, '2025-09-28 05:49:53.734963+00', '2025-09-28 05:49:53.745625+00', NULL, NULL, '', '', NULL, '', 0, NULL, '', NULL, false, NULL, false),
	('00000000-0000-0000-0000-000000000000', '46340dab-faa0-4f2d-8980-bf4c98d00c6c', 'authenticated', 'authenticated', 'apeirano@bisak.org', '$2a$10$076zmBwfSjCdPjBBRCSYe.bc0pIgaE3XKVqmmnCMSx1PHmkDYEUVO', '2025-09-28 05:49:36.060004+00', NULL, '', NULL, '', NULL, '', '', NULL, '2025-09-28 05:49:36.064517+00', '{"provider": "email", "providers": ["email"]}', '{"sub": "46340dab-faa0-4f2d-8980-bf4c98d00c6c", "email": "apeirano@bisak.org", "email_verified": true, "phone_verified": false}', NULL, '2025-09-28 05:49:36.051565+00', '2025-09-28 05:49:36.067556+00', NULL, NULL, '', '', NULL, '', 0, NULL, '', NULL, false, NULL, false),
	('00000000-0000-0000-0000-000000000000', '7e3f6a84-e2ec-458c-953e-bb83bd693ecc', 'authenticated', 'authenticated', 'kpoole@bisak.org', '$2a$10$OwDAAyhi6vDE.3jnuZ53S.Totnizoo6bmgmu7OvcpiZ1s5g6Vsw3O', '2025-09-28 05:49:51.064349+00', NULL, '', NULL, '', NULL, '', '', NULL, '2025-09-28 05:49:51.068245+00', '{"provider": "email", "providers": ["email"]}', '{"sub": "7e3f6a84-e2ec-458c-953e-bb83bd693ecc", "email": "kpoole@bisak.org", "email_verified": true, "phone_verified": false}', NULL, '2025-09-28 05:49:51.057664+00', '2025-09-28 05:49:51.07049+00', NULL, NULL, '', '', NULL, '', 0, NULL, '', NULL, false, NULL, false),
	('00000000-0000-0000-0000-000000000000', '81a9b148-9ff0-4678-8178-1fe37e8afe72', 'authenticated', 'authenticated', 'rnascimento@bisak.org', '$2a$10$NYFvsP8cV5mPhF12RJ9EdOKUb.NPcgoxf5yJ72cPnVw6iq31nTDha', '2025-09-28 05:50:04.207881+00', NULL, '', NULL, '', NULL, '', '', NULL, '2025-09-28 05:50:04.211235+00', '{"provider": "email", "providers": ["email"]}', '{"sub": "81a9b148-9ff0-4678-8178-1fe37e8afe72", "email": "rnascimento@bisak.org", "email_verified": true, "phone_verified": false}', NULL, '2025-09-28 05:50:04.202423+00', '2025-09-28 05:50:04.213123+00', NULL, NULL, '', '', NULL, '', 0, NULL, '', NULL, false, NULL, false),
	('00000000-0000-0000-0000-000000000000', 'f69e0ef5-9d5b-41bf-857b-c78e20e75c1d', 'authenticated', 'authenticated', 'cjubran@bisak.org', '$2a$10$6CgfD2LZ./6PA81zsM/XsehOQkzJu1gaBQZVw6G8yklRpeZCq2BMa', '2025-09-28 05:50:24.668058+00', NULL, '', NULL, '', NULL, '', '', NULL, '2025-09-28 05:50:24.671387+00', '{"provider": "email", "providers": ["email"]}', '{"sub": "f69e0ef5-9d5b-41bf-857b-c78e20e75c1d", "email": "cjubran@bisak.org", "email_verified": true, "phone_verified": false}', NULL, '2025-09-28 05:50:24.663133+00', '2025-09-28 05:50:24.67308+00', NULL, NULL, '', '', NULL, '', 0, NULL, '', NULL, false, NULL, false),
	('00000000-0000-0000-0000-000000000000', 'c4f2521e-86c2-43a6-a680-4f5b642c3dd7', 'authenticated', 'authenticated', 'dalsaadi@bisak.org', '$2a$10$mAh9F6Y2sINsCVr.EHflJORzKhU9zPCZK./VLKerG0JkgRT8nfLQ2', '2025-09-28 05:50:12.977855+00', NULL, '', NULL, '', NULL, '', '', NULL, '2025-09-28 05:50:12.981266+00', '{"provider": "email", "providers": ["email"]}', '{"sub": "c4f2521e-86c2-43a6-a680-4f5b642c3dd7", "email": "dalsaadi@bisak.org", "email_verified": true, "phone_verified": false}', NULL, '2025-09-28 05:50:12.972828+00', '2025-09-28 05:50:12.984529+00', NULL, NULL, '', '', NULL, '', 0, NULL, '', NULL, false, NULL, false),
	('00000000-0000-0000-0000-000000000000', '3352f5a2-3c8b-420e-90b7-d95ab6f1756c', 'authenticated', 'authenticated', 'p1@bisak.org', '$2a$10$Wrxk8C2sZrefUhF/MIaoqujhmls5pNlADzFF9vlC4WOikq4PugGGW', '2025-09-24 16:16:38.967338+00', NULL, '', NULL, '', NULL, '', '', NULL, '2025-10-01 01:32:20.075868+00', '{"provider": "email", "providers": ["email"]}', '{"email_verified": true}', NULL, '2025-09-24 16:16:38.9635+00', '2025-10-01 01:32:20.078205+00', NULL, NULL, '', '', NULL, '', 0, NULL, '', NULL, false, NULL, false),
	('00000000-0000-0000-0000-000000000000', 'ece878d8-6e44-4f37-b38b-99dbd19f5518', 'authenticated', 'authenticated', 'ikamran@bisak.org', '$2a$10$StrnVghCXPk7WCk8ziSJe.HA3ouW8Bj1rKFHodT2Cb76McyB9J6Jq', '2025-09-28 05:50:25.716141+00', NULL, '', NULL, '', NULL, '', '', NULL, '2025-09-28 05:50:25.719986+00', '{"provider": "email", "providers": ["email"]}', '{"sub": "ece878d8-6e44-4f37-b38b-99dbd19f5518", "email": "ikamran@bisak.org", "email_verified": true, "phone_verified": false}', NULL, '2025-09-28 05:50:25.710979+00', '2025-09-28 05:50:25.721712+00', NULL, NULL, '', '', NULL, '', 0, NULL, '', NULL, false, NULL, false),
	('00000000-0000-0000-0000-000000000000', '71fc12a2-b572-4853-869d-a31bbc71d7b7', 'authenticated', 'authenticated', 'dsangaru@bisak.org', '$2a$10$78nTu5DUBqUjv7Fq7gf64uQLJmcL2BOF5Eee6VSy8EZezedHYTi7i', '2025-09-28 08:04:05.056635+00', NULL, '', NULL, '', NULL, '', '', NULL, '2025-09-28 08:04:05.060175+00', '{"provider": "email", "providers": ["email"]}', '{"sub": "71fc12a2-b572-4853-869d-a31bbc71d7b7", "email": "dsangaru@bisak.org", "email_verified": true, "phone_verified": false}', NULL, '2025-09-28 08:04:05.050785+00', '2025-09-28 08:04:05.061976+00', NULL, NULL, '', '', NULL, '', 0, NULL, '', NULL, false, NULL, false),
	('00000000-0000-0000-0000-000000000000', 'f6bdf187-d0bc-4c37-8034-202cfb4fb6db', 'authenticated', 'authenticated', 'cku@bisak.org', '$2a$10$WrDW9iGhLwVE8OsTV1wLauFq3Id0fSSNszcnjsHQ296qDRlF1bWi.', '2025-09-28 05:52:44.24275+00', NULL, '', NULL, '', NULL, '', '', NULL, '2025-09-28 05:52:44.24583+00', '{"provider": "email", "providers": ["email"]}', '{"sub": "f6bdf187-d0bc-4c37-8034-202cfb4fb6db", "email": "cku@bisak.org", "email_verified": true, "phone_verified": false}', NULL, '2025-09-28 05:52:44.237274+00', '2025-09-28 05:52:44.247544+00', NULL, NULL, '', '', NULL, '', 0, NULL, '', NULL, false, NULL, false),
	('00000000-0000-0000-0000-000000000000', '3bbc42b1-4ea6-48e3-84ad-6966551a3802', 'authenticated', 'authenticated', 'shenry@bisak.org', '$2a$10$XrWDOCk3Z.gKB9KQP6gczuhHemo3Qu54p/zAqu4ohbVCw3wJfAtNS', '2025-09-28 05:51:20.82714+00', NULL, '', NULL, '', NULL, '', '', NULL, '2025-09-28 05:51:20.830583+00', '{"provider": "email", "providers": ["email"]}', '{"sub": "3bbc42b1-4ea6-48e3-84ad-6966551a3802", "email": "shenry@bisak.org", "email_verified": true, "phone_verified": false}', NULL, '2025-09-28 05:51:20.821421+00', '2025-09-28 05:51:20.8323+00', NULL, NULL, '', '', NULL, '', 0, NULL, '', NULL, false, NULL, false),
	('00000000-0000-0000-0000-000000000000', '964430f8-1194-4c00-a640-b795663c24e1', 'authenticated', 'authenticated', 'fromaysequeiros@bisak.org', '$2a$10$/wpyYyYBue6dKwAvMuAxSu6ZkCiM8DzwD29C1rzcRGt2p31XKLnRu', '2025-09-28 05:50:40.474361+00', NULL, '', NULL, '', NULL, '', '', NULL, '2025-09-28 05:52:52.150929+00', '{"provider": "email", "providers": ["email"]}', '{"sub": "964430f8-1194-4c00-a640-b795663c24e1", "email": "fromaysequeiros@bisak.org", "email_verified": true, "phone_verified": false}', NULL, '2025-09-28 05:50:40.468478+00', '2025-09-28 05:52:52.152606+00', NULL, NULL, '', '', NULL, '', 0, NULL, '', NULL, false, NULL, false),
	('00000000-0000-0000-0000-000000000000', 'cbc7e991-08eb-4838-a10c-3ea2cb10e2d8', 'authenticated', 'authenticated', 'spiracha@bisak.org', '$2a$10$wP2ZmlW0nx.n3hgv7FrG1Ok/je3kZdsRHWgbtWNSm3SGtwzsOgsti', '2025-09-28 05:50:26.326008+00', NULL, '', NULL, '', NULL, '', '', NULL, '2025-09-28 05:50:26.330349+00', '{"provider": "email", "providers": ["email"]}', '{"sub": "cbc7e991-08eb-4838-a10c-3ea2cb10e2d8", "email": "spiracha@bisak.org", "email_verified": true, "phone_verified": false}', NULL, '2025-09-28 05:50:26.31529+00', '2025-09-28 05:50:26.333816+00', NULL, NULL, '', '', NULL, '', 0, NULL, '', NULL, false, NULL, false),
	('00000000-0000-0000-0000-000000000000', '346d62db-eb7a-4c5e-b798-7dec26f75302', 'authenticated', 'authenticated', 'abkhan@bisak.org', '$2a$10$ePm1uWXCiixnUdRwzcyZn.YpqygKxHkw3cJzzCeMore4/8BUIJvrK', '2025-09-28 05:51:12.603997+00', NULL, '', NULL, '', NULL, '', '', NULL, '2025-09-28 05:51:12.607716+00', '{"provider": "email", "providers": ["email"]}', '{"sub": "346d62db-eb7a-4c5e-b798-7dec26f75302", "email": "abkhan@bisak.org", "email_verified": true, "phone_verified": false}', NULL, '2025-09-28 05:51:12.598211+00', '2025-09-28 05:51:12.609458+00', NULL, NULL, '', '', NULL, '', 0, NULL, '', NULL, false, NULL, false),
	('00000000-0000-0000-0000-000000000000', 'c0f570d7-9772-4a31-b5cd-d78e702f4dcb', 'authenticated', 'authenticated', 'hna@bisak.org', '$2a$10$33MAhkGoBx.jr3xADIkp0OJviMcZkDLLFr/YF5jvPu/EK5yFO3zPC', '2025-09-28 05:50:26.33303+00', NULL, '', NULL, '', NULL, '', '', NULL, '2025-09-28 05:50:26.337622+00', '{"provider": "email", "providers": ["email"]}', '{"sub": "c0f570d7-9772-4a31-b5cd-d78e702f4dcb", "email": "hna@bisak.org", "email_verified": true, "phone_verified": false}', NULL, '2025-09-28 05:50:26.322756+00', '2025-09-28 05:50:26.340734+00', NULL, NULL, '', '', NULL, '', 0, NULL, '', NULL, false, NULL, false),
	('00000000-0000-0000-0000-000000000000', '14b19cda-dd95-4ead-bf2e-9cb53d0c9524', 'authenticated', 'authenticated', 'tbissengaliyev@bisk.org', '$2a$10$vnQTzj5FaogC8.s.Px9d9uTen3sUy4PzBXBLuWBfZ.NRQIs65YQwO', '2025-09-28 08:04:12.842799+00', NULL, '', NULL, '', NULL, '', '', NULL, '2025-09-28 08:04:12.846553+00', '{"provider": "email", "providers": ["email"]}', '{"sub": "14b19cda-dd95-4ead-bf2e-9cb53d0c9524", "email": "tbissengaliyev@bisk.org", "email_verified": true, "phone_verified": false}', NULL, '2025-09-28 08:04:12.836898+00', '2025-09-28 08:04:12.848491+00', NULL, NULL, '', '', NULL, '', 0, NULL, '', NULL, false, NULL, false),
	('00000000-0000-0000-0000-000000000000', '969dbda5-2815-41e3-84bd-d14dd102eb39', 'authenticated', 'authenticated', 'mohsyed@bisak.org', '$2a$10$lBzZtubrmemX8jwjYXvY9.DZkeDdYI11DIpOHbyYa63whUy192x.K', '2025-09-28 05:52:21.707938+00', NULL, '', NULL, '', NULL, '', '', NULL, '2025-09-28 05:52:21.712266+00', '{"provider": "email", "providers": ["email"]}', '{"sub": "969dbda5-2815-41e3-84bd-d14dd102eb39", "email": "mohsyed@bisak.org", "email_verified": true, "phone_verified": false}', NULL, '2025-09-28 05:52:21.702334+00', '2025-09-28 05:52:21.714271+00', NULL, NULL, '', '', NULL, '', 0, NULL, '', NULL, false, NULL, false),
	('00000000-0000-0000-0000-000000000000', 'd4b7fb1a-fc13-4878-ac15-2ac89009449a', 'authenticated', 'authenticated', 'amakram@bisak.org', '$2a$10$K3/fn9WcjauUQ001VAkqq.am4ehB/oM38Oe0R1zmBzrM4Y.dIMpBi', '2025-09-28 08:03:57.883761+00', NULL, '', NULL, '', NULL, '', '', NULL, '2025-09-28 08:03:57.88725+00', '{"provider": "email", "providers": ["email"]}', '{"sub": "d4b7fb1a-fc13-4878-ac15-2ac89009449a", "email": "amakram@bisak.org", "email_verified": true, "phone_verified": false}', NULL, '2025-09-28 08:03:57.877852+00', '2025-09-28 08:03:57.889108+00', NULL, NULL, '', '', NULL, '', 0, NULL, '', NULL, false, NULL, false),
	('00000000-0000-0000-0000-000000000000', 'e1ee44b9-0153-4d85-ab89-131b71189383', 'authenticated', 'authenticated', 'mnaqvi@bisak.org', '$2a$10$odMa5ntAR7Jrm7AdTh/PhOLvZXSh.eZZOdzU/HZ60ACujiyZAViX2', '2025-09-28 08:03:51.455236+00', NULL, '', NULL, '', NULL, '', '', NULL, '2025-09-28 08:03:51.459889+00', '{"provider": "email", "providers": ["email"]}', '{"sub": "e1ee44b9-0153-4d85-ab89-131b71189383", "email": "mnaqvi@bisak.org", "email_verified": true, "phone_verified": false}', NULL, '2025-09-28 08:03:51.447257+00', '2025-09-28 08:03:51.462791+00', NULL, NULL, '', '', NULL, '', 0, NULL, '', NULL, false, NULL, false),
	('00000000-0000-0000-0000-000000000000', 'a0380237-abea-4988-84c7-c9d43179d2be', 'authenticated', 'authenticated', 'agarg@bisak.org', '$2a$10$Z.D48ppsLTdsankOTaEFL.XVAmVizPAHxfDes7PuHwpMCmxD.naJG', '2025-09-28 05:51:52.119435+00', NULL, '', NULL, '', NULL, '', '', NULL, '2025-09-28 05:51:52.122972+00', '{"provider": "email", "providers": ["email"]}', '{"sub": "a0380237-abea-4988-84c7-c9d43179d2be", "email": "agarg@bisak.org", "email_verified": true, "phone_verified": false}', NULL, '2025-09-28 05:51:52.11393+00', '2025-09-28 05:51:52.124923+00', NULL, NULL, '', '', NULL, '', 0, NULL, '', NULL, false, NULL, false),
	('00000000-0000-0000-0000-000000000000', '6fd3433f-e468-4d21-b42b-36ea1ab60db7', 'authenticated', 'authenticated', 'mkearney@bisak.org', '$2a$10$d88ZEtKd3T8uldtxI8tTKeJScAwlX8bFH9ZhF/wDa7i9TV58qo0KS', '2025-09-28 08:04:02.982901+00', NULL, '', NULL, '', NULL, '', '', NULL, '2025-09-28 08:04:02.986292+00', '{"provider": "email", "providers": ["email"]}', '{"sub": "6fd3433f-e468-4d21-b42b-36ea1ab60db7", "email": "mkearney@bisak.org", "email_verified": true, "phone_verified": false}', NULL, '2025-09-28 08:04:02.977167+00', '2025-09-28 08:04:02.988386+00', NULL, NULL, '', '', NULL, '', 0, NULL, '', NULL, false, NULL, false),
	('00000000-0000-0000-0000-000000000000', '8896700d-4f9e-466f-8b1b-f3d24de12076', 'authenticated', 'authenticated', 'mufaisal@bisak.org', '$2a$10$ZWMw7hW2YDrGScPCa/gYGuzgqM6cWUDY31Hb2jTI.dykxm36T9Yee', '2025-09-28 08:04:15.516022+00', NULL, '', NULL, '', NULL, '', '', NULL, '2025-09-28 08:04:15.519604+00', '{"provider": "email", "providers": ["email"]}', '{"sub": "8896700d-4f9e-466f-8b1b-f3d24de12076", "email": "mufaisal@bisak.org", "email_verified": true, "phone_verified": false}', NULL, '2025-09-28 08:04:15.510202+00', '2025-09-28 08:04:15.521618+00', NULL, NULL, '', '', NULL, '', 0, NULL, '', NULL, false, NULL, false),
	('00000000-0000-0000-0000-000000000000', 'cb62c43b-aca7-491a-949d-fb395e5ae1e2', 'authenticated', 'authenticated', 'sjaiswal@bisak.org', '$2a$10$tyb84JJUeILAQgKeLQxDm.KDjTA1qKuNZCScubr5f4jwN0HMp5SQ2', '2025-09-28 08:04:41.375361+00', NULL, '', NULL, '', NULL, '', '', NULL, '2025-09-28 08:04:41.378754+00', '{"provider": "email", "providers": ["email"]}', '{"sub": "cb62c43b-aca7-491a-949d-fb395e5ae1e2", "email": "sjaiswal@bisak.org", "email_verified": true, "phone_verified": false}', NULL, '2025-09-28 08:04:41.370616+00', '2025-09-28 08:04:41.38051+00', NULL, NULL, '', '', NULL, '', 0, NULL, '', NULL, false, NULL, false),
	('00000000-0000-0000-0000-000000000000', '299700ea-30c7-4da4-996b-59f1ad159a19', 'authenticated', 'authenticated', 'ruddin@bisak.org', '$2a$10$WROrYAp0iVse9qtpw4F55.wU9sskwAvSz.zIwYGv7QEZlbvtz6/Xy', '2025-09-28 08:05:45.600595+00', NULL, '', NULL, '', NULL, '', '', NULL, '2025-09-28 08:05:45.603788+00', '{"provider": "email", "providers": ["email"]}', '{"sub": "299700ea-30c7-4da4-996b-59f1ad159a19", "email": "ruddin@bisak.org", "email_verified": true, "phone_verified": false}', NULL, '2025-09-28 08:05:45.595396+00', '2025-09-28 08:05:45.605466+00', NULL, NULL, '', '', NULL, '', 0, NULL, '', NULL, false, NULL, false),
	('00000000-0000-0000-0000-000000000000', '25e0ec02-c0f2-4a5b-b705-49976155939d', 'authenticated', 'authenticated', 'zsiddiqui@bisak.org', '$2a$10$DQr6rEPaq82BXivQN/w8Uu/f9LElS8QHFhhDAvXUDY7GxqONt3bFq', '2025-09-28 08:04:27.934171+00', NULL, '', NULL, '', NULL, '', '', NULL, '2025-09-28 08:04:27.937534+00', '{"provider": "email", "providers": ["email"]}', '{"sub": "25e0ec02-c0f2-4a5b-b705-49976155939d", "email": "zsiddiqui@bisak.org", "email_verified": true, "phone_verified": false}', NULL, '2025-09-28 08:04:27.929377+00', '2025-09-28 08:04:27.939253+00', NULL, NULL, '', '', NULL, '', 0, NULL, '', NULL, false, NULL, false),
	('00000000-0000-0000-0000-000000000000', '221ad246-e0a0-4f41-9fce-a245b9a857f7', 'authenticated', 'authenticated', 'rjohnson@bisak.org', '$2a$10$fVy.IZhqhmN.EPhhrZ.mKOPiecsjpxYpp6dR8DwEQH4tuyn0pJVza', '2025-09-28 08:04:44.914642+00', NULL, '', NULL, '', NULL, '', '', NULL, '2025-09-28 08:04:44.917958+00', '{"provider": "email", "providers": ["email"]}', '{"sub": "221ad246-e0a0-4f41-9fce-a245b9a857f7", "email": "rjohnson@bisak.org", "email_verified": true, "phone_verified": false}', NULL, '2025-09-28 08:04:44.909523+00', '2025-09-28 08:04:44.919568+00', NULL, NULL, '', '', NULL, '', 0, NULL, '', NULL, false, NULL, false),
	('00000000-0000-0000-0000-000000000000', 'e67e364e-6521-471f-afad-d1b2002733c7', 'authenticated', 'authenticated', 'sabouelela@bisak.org', '$2a$10$oTmFT3CMx.XEHROnLRf.neU8KGuLJ1qZfIqdDeWxOHDvXDRAPbWF2', '2025-09-28 08:04:43.876622+00', NULL, '', NULL, '', NULL, '', '', NULL, '2025-09-28 08:04:43.879927+00', '{"provider": "email", "providers": ["email"]}', '{"sub": "e67e364e-6521-471f-afad-d1b2002733c7", "email": "sabouelela@bisak.org", "email_verified": true, "phone_verified": false}', NULL, '2025-09-28 08:04:43.869248+00', '2025-09-28 08:04:43.881682+00', NULL, NULL, '', '', NULL, '', 0, NULL, '', NULL, false, NULL, false),
	('00000000-0000-0000-0000-000000000000', '2ec08e87-597a-4c62-91f5-7611d54019f7', 'authenticated', 'authenticated', 'speterson@bisak.org', '$2a$10$.iuShD8WaWh4IlWQY99er.JXWjOynLEVJCbICtZ/CvI7XF6PlXfg2', '2025-09-28 08:04:31.226332+00', NULL, '', NULL, '', NULL, '', '', NULL, '2025-09-28 08:04:31.229432+00', '{"provider": "email", "providers": ["email"]}', '{"sub": "2ec08e87-597a-4c62-91f5-7611d54019f7", "email": "speterson@bisak.org", "email_verified": true, "phone_verified": false}', NULL, '2025-09-28 08:04:31.221538+00', '2025-09-28 08:04:31.231044+00', NULL, NULL, '', '', NULL, '', 0, NULL, '', NULL, false, NULL, false),
	('00000000-0000-0000-0000-000000000000', '693e7720-4a1b-4379-993d-4a99b1ab4c15', 'authenticated', 'authenticated', 'lmahmoud@bisak.org', '$2a$10$J3C9yijxb/YTkodxkFjY6.WQDGokPTO1euBrcnSJT4Zk5G8TdfKUu', '2025-09-28 08:05:29.925555+00', NULL, '', NULL, '', NULL, '', '', NULL, '2025-09-28 08:05:29.929139+00', '{"provider": "email", "providers": ["email"]}', '{"sub": "693e7720-4a1b-4379-993d-4a99b1ab4c15", "email": "lmahmoud@bisak.org", "email_verified": true, "phone_verified": false}', NULL, '2025-09-28 08:05:29.918854+00', '2025-09-28 08:05:29.931033+00', NULL, NULL, '', '', NULL, '', 0, NULL, '', NULL, false, NULL, false),
	('00000000-0000-0000-0000-000000000000', 'dd25ed75-81f6-4275-b40a-78bb8c583b2a', 'authenticated', 'authenticated', 'eeryurt@bisak.org', '$2a$10$J2w/hhI30QuYd95/8DX8Le9yF6W7Iw6cZcOTHqVlzuc75nPLAWYlq', '2025-09-28 08:07:05.977392+00', NULL, '', NULL, '', NULL, '', '', NULL, '2025-09-28 08:07:05.980738+00', '{"provider": "email", "providers": ["email"]}', '{"sub": "dd25ed75-81f6-4275-b40a-78bb8c583b2a", "email": "eeryurt@bisak.org", "email_verified": true, "phone_verified": false}', NULL, '2025-09-28 08:07:05.972234+00', '2025-09-28 08:07:05.982924+00', NULL, NULL, '', '', NULL, '', 0, NULL, '', NULL, false, NULL, false),
	('00000000-0000-0000-0000-000000000000', '6c3bc1a2-792e-434e-9098-27065b69bacf', 'authenticated', 'authenticated', 'yma@bisak.org', '$2a$10$hKX3IYtC3XCNMyp9XxsqyOVeSnsvzuz9.3x/Kpv7YH/7ALf2gO1v6', '2025-09-28 08:06:33.066804+00', NULL, '', NULL, '', NULL, '', '', NULL, '2025-09-28 08:06:33.070149+00', '{"provider": "email", "providers": ["email"]}', '{"sub": "6c3bc1a2-792e-434e-9098-27065b69bacf", "email": "yma@bisak.org", "email_verified": true, "phone_verified": false}', NULL, '2025-09-28 08:06:33.061897+00', '2025-09-28 08:06:33.071991+00', NULL, NULL, '', '', NULL, '', 0, NULL, '', NULL, false, NULL, false),
	('00000000-0000-0000-0000-000000000000', '9bfaa2e6-87ca-423c-af3a-b29b40f5f5db', 'authenticated', 'authenticated', 'halhaddad@bisak.org', '$2a$10$HDfM7J7O0jdlwzDwlsPCg.qrhEHd96hFJuLZxRVwfe0fMLu0S5E9S', '2025-09-28 08:04:45.98081+00', NULL, '', NULL, '', NULL, '', '', NULL, '2025-09-28 08:04:45.984079+00', '{"provider": "email", "providers": ["email"]}', '{"sub": "9bfaa2e6-87ca-423c-af3a-b29b40f5f5db", "email": "halhaddad@bisak.org", "email_verified": true, "phone_verified": false}', NULL, '2025-09-28 08:04:45.976137+00', '2025-09-28 08:04:45.985686+00', NULL, NULL, '', '', NULL, '', 0, NULL, '', NULL, false, NULL, false),
	('00000000-0000-0000-0000-000000000000', '69c807fb-46f0-4f30-a711-5cdb092dd602', 'authenticated', 'authenticated', 'sleroy@bisak.org', '$2a$10$AEgGdqFCh/c0vxeI/pgj6.ROsTIW6yqlkVwiMZEClMeLcogTOFKt.', '2025-09-28 13:22:29.935547+00', NULL, '', NULL, '', NULL, '', '', NULL, '2025-09-28 16:59:55.89592+00', '{"provider": "email", "providers": ["email"]}', '{"sub": "69c807fb-46f0-4f30-a711-5cdb092dd602", "email": "sleroy@bisak.org", "email_verified": true, "phone_verified": false}', NULL, '2025-09-28 13:22:29.928221+00', '2025-09-28 16:59:55.898195+00', NULL, NULL, '', '', NULL, '', 0, NULL, '', NULL, false, NULL, false),
	('00000000-0000-0000-0000-000000000000', 'a5121160-1fcd-4a2f-86d5-e5e018b4a2a5', 'authenticated', 'authenticated', 'ptest@bisak.org', '$2a$10$guAlH2bqRcqpA1GMcI3CS.kjlfazpkvtu3m4fEUnm7LftAxLlGHWe', '2025-09-28 18:19:10.478509+00', NULL, '', NULL, '', NULL, '', '', NULL, '2025-09-28 18:19:10.483057+00', '{"provider": "email", "providers": ["email"]}', '{"sub": "a5121160-1fcd-4a2f-86d5-e5e018b4a2a5", "email": "ptest@bisak.org", "email_verified": true, "phone_verified": false}', NULL, '2025-09-28 18:19:10.470855+00', '2025-09-28 18:19:10.485003+00', NULL, NULL, '', '', NULL, '', 0, NULL, '', NULL, false, NULL, false),
	('00000000-0000-0000-0000-000000000000', '50304a54-2c10-44a1-8c87-b3535a960e28', 'authenticated', 'authenticated', 'leroysalih@bisak.org', '$2a$10$aDoEsdB1YmESpPvOE/gamOGagkpSfDiLsDOfKpg8mzR0KiExbj9t6', '2025-09-28 12:32:01.584697+00', NULL, '', NULL, '', NULL, '', '', NULL, '2025-09-28 18:19:57.210728+00', '{"provider": "email", "providers": ["email"]}', '{"sub": "50304a54-2c10-44a1-8c87-b3535a960e28", "email": "leroysalih@bisak.org", "email_verified": true, "phone_verified": false}', NULL, '2025-09-28 12:32:01.576666+00', '2025-09-30 00:57:59.495866+00', NULL, NULL, '', '', NULL, '', 0, NULL, '', NULL, false, NULL, false),
	('00000000-0000-0000-0000-000000000000', '6df706e1-deb4-4548-81cc-82d2fd481c05', 'authenticated', 'authenticated', 'melshiekh@bisak.org', '$2a$10$GFpF5W44rHpZCu/z5qJnPu6ROjI5CYSDOyphOHY1hyVXmp.VrKje.', '2025-09-29 05:48:32.449899+00', NULL, '', NULL, '', NULL, '', '', NULL, '2025-09-29 05:48:32.455455+00', '{"provider": "email", "providers": ["email"]}', '{"sub": "6df706e1-deb4-4548-81cc-82d2fd481c05", "email": "melshiekh@bisak.org", "email_verified": true, "phone_verified": false}', NULL, '2025-09-29 05:48:32.442224+00', '2025-09-29 05:48:32.457589+00', NULL, NULL, '', '', NULL, '', 0, NULL, '', NULL, false, NULL, false),
	('00000000-0000-0000-0000-000000000000', '5a2b3e7a-2276-43b0-8bde-bec7677c3ed2', 'authenticated', 'authenticated', 'hnoor@bisak.org', '$2a$10$4UcwHOYBT/9ePuz9cSYbRukUxLtKPup93OKyOMPslLp0apUW2Stv2', '2025-09-29 05:48:36.585637+00', NULL, '', NULL, '', NULL, '', '', NULL, '2025-09-29 05:48:36.589089+00', '{"provider": "email", "providers": ["email"]}', '{"sub": "5a2b3e7a-2276-43b0-8bde-bec7677c3ed2", "email": "hnoor@bisak.org", "email_verified": true, "phone_verified": false}', NULL, '2025-09-29 05:48:36.580416+00', '2025-09-29 05:48:36.590761+00', NULL, NULL, '', '', NULL, '', 0, NULL, '', NULL, false, NULL, false),
	('00000000-0000-0000-0000-000000000000', '7ce65557-6f3b-4637-b771-b903f70ab024', 'authenticated', 'authenticated', 'shaouari@bisak.org', '$2a$10$Vi5o29l.N0ga7bjs8WY3bu9Yi5NUnv1xi7apUZQxDEhkgnqjnliHO', '2025-09-29 05:48:44.219847+00', NULL, '', NULL, '', NULL, '', '', NULL, '2025-09-29 05:48:44.223169+00', '{"provider": "email", "providers": ["email"]}', '{"sub": "7ce65557-6f3b-4637-b771-b903f70ab024", "email": "shaouari@bisak.org", "email_verified": true, "phone_verified": false}', NULL, '2025-09-29 05:48:44.214914+00', '2025-09-29 05:48:44.224772+00', NULL, NULL, '', '', NULL, '', 0, NULL, '', NULL, false, NULL, false),
	('00000000-0000-0000-0000-000000000000', '5e569c2b-17ee-4b5d-af58-820b9c9882df', 'authenticated', 'authenticated', 'rawad@bisak.org', '$2a$10$QSMH5547IwxRdMVDpA9EXuzYQuPyBV8z1FT64sFPSv5oHJsvbyG5y', '2025-09-29 05:48:33.504359+00', NULL, '', NULL, '', NULL, '', '', NULL, '2025-09-29 05:48:33.507924+00', '{"provider": "email", "providers": ["email"]}', '{"sub": "5e569c2b-17ee-4b5d-af58-820b9c9882df", "email": "rawad@bisak.org", "email_verified": true, "phone_verified": false}', NULL, '2025-09-29 05:48:33.498536+00', '2025-09-29 05:48:33.509825+00', NULL, NULL, '', '', NULL, '', 0, NULL, '', NULL, false, NULL, false),
	('00000000-0000-0000-0000-000000000000', '59e6f57c-7b4e-4c5c-85c2-ae95990e692a', 'authenticated', 'authenticated', 'eehsan@bisak.org', '$2a$10$os45jl9KbenurUON2i4vT.l6LFQBS1sEOEVrrNT9g8jSTwN7QWUIa', '2025-09-29 05:48:41.031714+00', NULL, '', NULL, '', NULL, '', '', NULL, '2025-09-29 05:48:41.035681+00', '{"provider": "email", "providers": ["email"]}', '{"sub": "59e6f57c-7b4e-4c5c-85c2-ae95990e692a", "email": "eehsan@bisak.org", "email_verified": true, "phone_verified": false}', NULL, '2025-09-29 05:48:41.025008+00', '2025-09-29 05:48:41.037688+00', NULL, NULL, '', '', NULL, '', 0, NULL, '', NULL, false, NULL, false),
	('00000000-0000-0000-0000-000000000000', '1ceb90c6-1724-47a9-a8ee-b360a9640298', 'authenticated', 'authenticated', 'ejamal@bisak.org', '$2a$10$JOUqPmoUKI7Pq/ygeAZupeyAiokTYy2l13cRE2r3i98TbWBYJyn/m', '2025-09-29 05:48:51.997914+00', NULL, '', NULL, '', NULL, '', '', NULL, '2025-09-29 05:48:52.001508+00', '{"provider": "email", "providers": ["email"]}', '{"sub": "1ceb90c6-1724-47a9-a8ee-b360a9640298", "email": "ejamal@bisak.org", "email_verified": true, "phone_verified": false}', NULL, '2025-09-29 05:48:51.991806+00', '2025-09-29 05:48:52.005462+00', NULL, NULL, '', '', NULL, '', 0, NULL, '', NULL, false, NULL, false),
	('00000000-0000-0000-0000-000000000000', '2709f3c7-a488-467c-9c44-de36e1e9efda', 'authenticated', 'authenticated', 'rviola@bisak.org', '$2a$10$1nTLnaZfI33ZGbEuIqroA.kwCTKAeLIuoBDNOHfvI7JbCJCSZctVy', '2025-09-29 05:48:39.875858+00', NULL, '', NULL, '', NULL, '', '', NULL, '2025-09-29 05:48:39.8795+00', '{"provider": "email", "providers": ["email"]}', '{"sub": "2709f3c7-a488-467c-9c44-de36e1e9efda", "email": "rviola@bisak.org", "email_verified": true, "phone_verified": false}', NULL, '2025-09-29 05:48:39.870435+00', '2025-09-29 05:48:39.881665+00', NULL, NULL, '', '', NULL, '', 0, NULL, '', NULL, false, NULL, false),
	('00000000-0000-0000-0000-000000000000', 'c6502fb1-8970-456f-ab45-ff3ab0584dd3', 'authenticated', 'authenticated', 'msahli@bisak.org', '$2a$10$eZg8LpvxMhQPIP8tXGiS1ewEe0RVZk1WmuAjRxDCDfHxRdzKzU8UK', '2025-09-29 05:48:35.258592+00', NULL, '', NULL, '', NULL, '', '', NULL, '2025-09-29 05:48:35.263408+00', '{"provider": "email", "providers": ["email"]}', '{"sub": "c6502fb1-8970-456f-ab45-ff3ab0584dd3", "email": "msahli@bisak.org", "email_verified": true, "phone_verified": false}', NULL, '2025-09-29 05:48:35.252433+00', '2025-09-29 05:48:35.265394+00', NULL, NULL, '', '', NULL, '', 0, NULL, '', NULL, false, NULL, false),
	('00000000-0000-0000-0000-000000000000', 'f4edc5de-aa0a-4cf1-8590-15275633126e', 'authenticated', 'authenticated', 'nmohsen@bisak.org', '$2a$10$LdRF7f7PvlgUvn4YRBRKq.SB2YFTqpwrtYL56540Iaz7ovi/hItTq', '2025-09-29 05:48:43.113337+00', NULL, '', NULL, '', NULL, '', '', NULL, '2025-09-29 05:48:43.116906+00', '{"provider": "email", "providers": ["email"]}', '{"sub": "f4edc5de-aa0a-4cf1-8590-15275633126e", "email": "nmohsen@bisak.org", "email_verified": true, "phone_verified": false}', NULL, '2025-09-29 05:48:43.107742+00', '2025-09-29 05:48:43.11862+00', NULL, NULL, '', '', NULL, '', 0, NULL, '', NULL, false, NULL, false),
	('00000000-0000-0000-0000-000000000000', '0a976181-0665-4c8b-a843-bb4b743de561', 'authenticated', 'authenticated', 'hjinka@bisak.org', '$2a$10$8qJUoqDhtsMjEYMNXR847uTCllK.LAVbTVFFfWWeTdwYKMFw2t1IW', '2025-09-29 05:48:45.359346+00', NULL, '', NULL, '', NULL, '', '', NULL, '2025-09-29 05:48:45.365318+00', '{"provider": "email", "providers": ["email"]}', '{"sub": "0a976181-0665-4c8b-a843-bb4b743de561", "email": "hjinka@bisak.org", "email_verified": true, "phone_verified": false}', NULL, '2025-09-29 05:48:45.350665+00', '2025-09-29 05:48:45.368167+00', NULL, NULL, '', '', NULL, '', 0, NULL, '', NULL, false, NULL, false),
	('00000000-0000-0000-0000-000000000000', 'e19a785b-0e0f-40b4-b839-c6ba381f5351', 'authenticated', 'authenticated', 'chparone@bisak.org', '$2a$10$rbAKUrMzuMeutWSHhjbd8.46QQ12VfjUxtdXL0lz2PqWIn/fbtviy', '2025-09-29 05:48:41.569166+00', NULL, '', NULL, '', NULL, '', '', NULL, '2025-09-29 05:48:41.572428+00', '{"provider": "email", "providers": ["email"]}', '{"sub": "e19a785b-0e0f-40b4-b839-c6ba381f5351", "email": "chparone@bisak.org", "email_verified": true, "phone_verified": false}', NULL, '2025-09-29 05:48:41.564164+00', '2025-09-29 05:48:41.574042+00', NULL, NULL, '', '', NULL, '', 0, NULL, '', NULL, false, NULL, false),
	('00000000-0000-0000-0000-000000000000', 'b2b6227a-0371-48be-8a6a-1ca741597953', 'authenticated', 'authenticated', 'ibhat@bisak.org', '$2a$10$zTPszd9HeSyIXhXyi96d6ercXIX4/DNvL4do47a720EsZc1/pQeFS', '2025-09-29 05:48:56.664328+00', NULL, '', NULL, '', NULL, '', '', NULL, '2025-09-29 05:48:56.667761+00', '{"provider": "email", "providers": ["email"]}', '{"sub": "b2b6227a-0371-48be-8a6a-1ca741597953", "email": "ibhat@bisak.org", "email_verified": true, "phone_verified": false}', NULL, '2025-09-29 05:48:56.658657+00', '2025-09-29 05:48:56.670018+00', NULL, NULL, '', '', NULL, '', 0, NULL, '', NULL, false, NULL, false),
	('00000000-0000-0000-0000-000000000000', 'baa7c664-9065-4cb9-9baa-69d385e7bcbe', 'authenticated', 'authenticated', 'hzaman@bisak.org', '$2a$10$gKf.RfN06vNIr6zCI8wrk.beirc3FEg/hdmxkn7u1//moo7d0C49C', '2025-09-29 05:48:47.894652+00', NULL, '', NULL, '', NULL, '', '', NULL, '2025-09-29 05:48:47.89837+00', '{"provider": "email", "providers": ["email"]}', '{"sub": "baa7c664-9065-4cb9-9baa-69d385e7bcbe", "email": "hzaman@bisak.org", "email_verified": true, "phone_verified": false}', NULL, '2025-09-29 05:48:47.888432+00', '2025-09-29 05:48:47.900316+00', NULL, NULL, '', '', NULL, '', 0, NULL, '', NULL, false, NULL, false),
	('00000000-0000-0000-0000-000000000000', 'a743e51a-3552-4915-8d77-edc57715a677', 'authenticated', 'authenticated', 'rfola-fatola@bisak.org', '$2a$10$GzCBTfsROELSFbUMiQmrxOy80MYBE1MPkMQKINENX9F1MhHOx/HwO', '2025-09-29 05:48:45.159328+00', NULL, '', NULL, '', NULL, '', '', NULL, '2025-09-29 06:00:22.974239+00', '{"provider": "email", "providers": ["email"]}', '{"sub": "a743e51a-3552-4915-8d77-edc57715a677", "email": "rfola-fatola@bisak.org", "email_verified": true, "phone_verified": false}', NULL, '2025-09-29 05:48:45.150187+00', '2025-09-29 06:00:22.97678+00', NULL, NULL, '', '', NULL, '', 0, NULL, '', NULL, false, NULL, false),
	('00000000-0000-0000-0000-000000000000', 'a8bb99b2-5bf9-4b92-9e54-2c1843b7300b', 'authenticated', 'authenticated', 'baziz@bisak.og', '$2a$10$9IEYxEZt7ayBCvD9WWMa6utu3i62msNsLgAMHrLNZ578EFCEbQ1AG', '2025-09-29 05:48:56.967499+00', NULL, '', NULL, '', NULL, '', '', NULL, '2025-09-29 05:48:56.971106+00', '{"provider": "email", "providers": ["email"]}', '{"sub": "a8bb99b2-5bf9-4b92-9e54-2c1843b7300b", "email": "baziz@bisak.og", "email_verified": true, "phone_verified": false}', NULL, '2025-09-29 05:48:56.961632+00', '2025-09-29 05:48:56.972912+00', NULL, NULL, '', '', NULL, '', 0, NULL, '', NULL, false, NULL, false),
	('00000000-0000-0000-0000-000000000000', '0624a38a-8a1a-45f7-93a7-cba3b6c78794', 'authenticated', 'authenticated', 'jkhan@bisak.org', '$2a$10$e21hn7AfPO2jP4oxD0XN1e/PuT36wqcwVyYaY83K5NQNFZLN49Wuy', '2025-09-29 05:54:02.628617+00', NULL, '', NULL, '', NULL, '', '', NULL, '2025-09-29 05:54:02.63317+00', '{"provider": "email", "providers": ["email"]}', '{"sub": "0624a38a-8a1a-45f7-93a7-cba3b6c78794", "email": "jkhan@bisak.org", "email_verified": true, "phone_verified": false}', NULL, '2025-09-29 05:54:02.620476+00', '2025-09-29 05:54:02.635729+00', NULL, NULL, '', '', NULL, '', 0, NULL, '', NULL, false, NULL, false),
	('00000000-0000-0000-0000-000000000000', 'fc6f7281-baf1-4c72-81fe-b91e78dfc685', 'authenticated', 'authenticated', 'ldindial@bisak.org', '$2a$10$8LEkfEk54RcdDFFPqFYz/uZPC49pWvP1h79x3pvUtrwOqP24EjYMC', '2025-09-29 05:49:03.470039+00', NULL, '', NULL, '', NULL, '', '', NULL, '2025-09-29 05:49:03.473661+00', '{"provider": "email", "providers": ["email"]}', '{"sub": "fc6f7281-baf1-4c72-81fe-b91e78dfc685", "email": "ldindial@bisak.org", "email_verified": true, "phone_verified": false}', NULL, '2025-09-29 05:49:03.462776+00', '2025-09-29 05:49:03.475472+00', NULL, NULL, '', '', NULL, '', 0, NULL, '', NULL, false, NULL, false),
	('00000000-0000-0000-0000-000000000000', 'bb07d668-59ac-4ce9-a11f-64193b347cf4', 'authenticated', 'authenticated', 'bmahgoub@bisak.org', '$2a$10$gz3NadfIEc8aAhcJ.ka4FuEf6VtritqCNa1B044yb6Khrsk/B6NiC', '2025-09-29 06:01:59.667229+00', NULL, '', NULL, '', NULL, '', '', NULL, '2025-09-29 06:01:59.672144+00', '{"provider": "email", "providers": ["email"]}', '{"sub": "bb07d668-59ac-4ce9-a11f-64193b347cf4", "email": "bmahgoub@bisak.org", "email_verified": true, "phone_verified": false}', NULL, '2025-09-29 06:01:59.658968+00', '2025-09-29 06:01:59.675185+00', NULL, NULL, '', '', NULL, '', 0, NULL, '', NULL, false, NULL, false),
	('00000000-0000-0000-0000-000000000000', '41be1008-67a4-4e15-95fb-36f5c333f13f', 'authenticated', 'authenticated', 'sohenry@bisak.org', '$2a$10$Hi8K40jeNTJ35MUdKCOFZuzfhRqT6SGT/C/yto1.e0Cbt6wcotX1a', '2025-09-29 05:50:01.582564+00', NULL, '', NULL, '', NULL, '', '', NULL, '2025-09-29 05:50:01.586177+00', '{"provider": "email", "providers": ["email"]}', '{"sub": "41be1008-67a4-4e15-95fb-36f5c333f13f", "email": "sohenry@bisak.org", "email_verified": true, "phone_verified": false}', NULL, '2025-09-29 05:50:01.577272+00', '2025-09-29 05:50:01.58839+00', NULL, NULL, '', '', NULL, '', 0, NULL, '', NULL, false, NULL, false);


--
-- Data for Name: identities; Type: TABLE DATA; Schema: auth; Owner: supabase_auth_admin
--

INSERT INTO "auth"."identities" ("provider_id", "user_id", "identity_data", "provider", "last_sign_in_at", "created_at", "updated_at", "id") VALUES
	('3352f5a2-3c8b-420e-90b7-d95ab6f1756c', '3352f5a2-3c8b-420e-90b7-d95ab6f1756c', '{"sub": "3352f5a2-3c8b-420e-90b7-d95ab6f1756c", "email": "p1@bisak.org", "email_verified": false, "phone_verified": false}', 'email', '2025-09-24 16:16:38.964654+00', '2025-09-24 16:16:38.96472+00', '2025-09-24 16:16:38.96472+00', '83fe2719-4879-48d7-b225-2a388b8b4c5e'),
	('52e2c408-4960-48c9-b3c6-9d9bb5b70835', '52e2c408-4960-48c9-b3c6-9d9bb5b70835', '{"sub": "52e2c408-4960-48c9-b3c6-9d9bb5b70835", "email": "t1@bisak.org", "email_verified": false, "phone_verified": false}', 'email', '2025-09-24 16:16:55.234898+00', '2025-09-24 16:16:55.234948+00', '2025-09-24 16:16:55.234948+00', 'fdb523f4-61ce-4c5d-a05a-b8754d24c56d'),
	('e25087b7-f44d-4ea5-a469-5f9543d69bf1', 'e25087b7-f44d-4ea5-a469-5f9543d69bf1', '{"sub": "e25087b7-f44d-4ea5-a469-5f9543d69bf1", "email": "p2@bisak.org", "email_verified": false, "phone_verified": false}', 'email', '2025-09-25 00:26:23.604105+00', '2025-09-25 00:26:23.604158+00', '2025-09-25 00:26:23.604158+00', '07d94913-0da2-4789-a84a-3867cfec0f43'),
	('a59a492b-cb3d-499e-9152-1b0793ce7b44', 'a59a492b-cb3d-499e-9152-1b0793ce7b44', '{"sub": "a59a492b-cb3d-499e-9152-1b0793ce7b44", "email": "p3@bisak.org", "email_verified": false, "phone_verified": false}', 'email', '2025-09-25 00:26:48.615623+00', '2025-09-25 00:26:48.615678+00', '2025-09-25 00:26:48.615678+00', '45d9c3af-e0b9-4bbc-892f-6e089013a74c'),
	('1b83349c-3b8b-4ab0-aae9-470a4d085469', '1b83349c-3b8b-4ab0-aae9-470a4d085469', '{"sub": "1b83349c-3b8b-4ab0-aae9-470a4d085469", "email": "p4@bisak.org", "email_verified": false, "phone_verified": false}', 'email', '2025-09-25 00:36:31.907239+00', '2025-09-25 00:36:31.907293+00', '2025-09-25 00:36:31.907293+00', '488ba51e-0bfa-4aa4-9f58-eee52175a7dc'),
	('da365bd8-7aa5-4ffb-acf0-2afaaf7152b6', 'da365bd8-7aa5-4ffb-acf0-2afaaf7152b6', '{"sub": "da365bd8-7aa5-4ffb-acf0-2afaaf7152b6", "email": "p5@bisak.org", "email_verified": false, "phone_verified": false}', 'email', '2025-09-25 00:36:53.345294+00', '2025-09-25 00:36:53.345347+00', '2025-09-25 00:36:53.345347+00', '13c0eb82-7cb8-4333-8b1d-b25e7fc8dca3'),
	('47096e19-2f45-4b45-8e60-f9d71eef8168', '47096e19-2f45-4b45-8e60-f9d71eef8168', '{"sub": "47096e19-2f45-4b45-8e60-f9d71eef8168", "email": "p6@bisak.org", "email_verified": false, "phone_verified": false}', 'email', '2025-09-25 00:37:07.782364+00', '2025-09-25 00:37:07.782418+00', '2025-09-25 00:37:07.782418+00', '73b0b5ed-9c65-45a6-b254-181470809e8d'),
	('63f9d3dd-c0ab-455d-b277-e1d6ed72cb2c', '63f9d3dd-c0ab-455d-b277-e1d6ed72cb2c', '{"sub": "63f9d3dd-c0ab-455d-b277-e1d6ed72cb2c", "email": "leroy.salih@gmail.com", "email_verified": false, "phone_verified": false}', 'email', '2025-09-26 05:52:38.772561+00', '2025-09-26 05:52:38.772628+00', '2025-09-26 05:52:38.772628+00', 'f50229be-3b1a-41f2-9b1d-8581c397ee0a'),
	('46340dab-faa0-4f2d-8980-bf4c98d00c6c', '46340dab-faa0-4f2d-8980-bf4c98d00c6c', '{"sub": "46340dab-faa0-4f2d-8980-bf4c98d00c6c", "email": "apeirano@bisak.org", "email_verified": false, "phone_verified": false}', 'email', '2025-09-28 05:49:36.055801+00', '2025-09-28 05:49:36.055855+00', '2025-09-28 05:49:36.055855+00', '17670e31-cf41-4db3-9804-739cc34c9916'),
	('0503adf6-4e05-4f0d-8802-660dcfbee96c', '0503adf6-4e05-4f0d-8802-660dcfbee96c', '{"sub": "0503adf6-4e05-4f0d-8802-660dcfbee96c", "email": "lobadawi@bisak.org", "email_verified": false, "phone_verified": false}', 'email', '2025-09-28 05:49:48.032024+00', '2025-09-28 05:49:48.032075+00', '2025-09-28 05:49:48.032075+00', '61866306-baf5-4338-beb4-f407ad67956a'),
	('7e3f6a84-e2ec-458c-953e-bb83bd693ecc', '7e3f6a84-e2ec-458c-953e-bb83bd693ecc', '{"sub": "7e3f6a84-e2ec-458c-953e-bb83bd693ecc", "email": "kpoole@bisak.org", "email_verified": false, "phone_verified": false}', 'email', '2025-09-28 05:49:51.060953+00', '2025-09-28 05:49:51.061005+00', '2025-09-28 05:49:51.061005+00', '75864413-cc94-406e-9308-588325b5a809'),
	('0c66c9e3-ad69-4a39-be10-59c48d04c65a', '0c66c9e3-ad69-4a39-be10-59c48d04c65a', '{"sub": "0c66c9e3-ad69-4a39-be10-59c48d04c65a", "email": "mmohamed@bisak.org", "email_verified": false, "phone_verified": false}', 'email', '2025-09-28 05:49:53.737529+00', '2025-09-28 05:49:53.7376+00', '2025-09-28 05:49:53.7376+00', 'c517bfb4-5ec6-4ef4-b367-1bac9f6291e5'),
	('81a9b148-9ff0-4678-8178-1fe37e8afe72', '81a9b148-9ff0-4678-8178-1fe37e8afe72', '{"sub": "81a9b148-9ff0-4678-8178-1fe37e8afe72", "email": "rnascimento@bisak.org", "email_verified": false, "phone_verified": false}', 'email', '2025-09-28 05:50:04.20493+00', '2025-09-28 05:50:04.204978+00', '2025-09-28 05:50:04.204978+00', '9781e968-2e74-4d90-a945-a0cac60cd532'),
	('c4f2521e-86c2-43a6-a680-4f5b642c3dd7', 'c4f2521e-86c2-43a6-a680-4f5b642c3dd7', '{"sub": "c4f2521e-86c2-43a6-a680-4f5b642c3dd7", "email": "dalsaadi@bisak.org", "email_verified": false, "phone_verified": false}', 'email', '2025-09-28 05:50:12.975212+00', '2025-09-28 05:50:12.975257+00', '2025-09-28 05:50:12.975257+00', '979641a7-ea23-4dd1-bcf9-042359fa529d'),
	('24d1c27d-3365-4ceb-8909-c9c08444af9f', '24d1c27d-3365-4ceb-8909-c9c08444af9f', '{"sub": "24d1c27d-3365-4ceb-8909-c9c08444af9f", "email": "eakiri@bisak.org", "email_verified": false, "phone_verified": false}', 'email', '2025-09-28 05:50:23.703163+00', '2025-09-28 05:50:23.703222+00', '2025-09-28 05:50:23.703222+00', 'ecefafbb-694e-4aac-ad21-bf150cc65b05'),
	('f69e0ef5-9d5b-41bf-857b-c78e20e75c1d', 'f69e0ef5-9d5b-41bf-857b-c78e20e75c1d', '{"sub": "f69e0ef5-9d5b-41bf-857b-c78e20e75c1d", "email": "cjubran@bisak.org", "email_verified": false, "phone_verified": false}', 'email', '2025-09-28 05:50:24.665385+00', '2025-09-28 05:50:24.665433+00', '2025-09-28 05:50:24.665433+00', '0bbbf45e-4b15-4fa8-9b45-f006d5b99382'),
	('ece878d8-6e44-4f37-b38b-99dbd19f5518', 'ece878d8-6e44-4f37-b38b-99dbd19f5518', '{"sub": "ece878d8-6e44-4f37-b38b-99dbd19f5518", "email": "ikamran@bisak.org", "email_verified": false, "phone_verified": false}', 'email', '2025-09-28 05:50:25.713288+00', '2025-09-28 05:50:25.713379+00', '2025-09-28 05:50:25.713379+00', '900df8a1-f869-4f40-98bd-84a509e70416'),
	('cbc7e991-08eb-4838-a10c-3ea2cb10e2d8', 'cbc7e991-08eb-4838-a10c-3ea2cb10e2d8', '{"sub": "cbc7e991-08eb-4838-a10c-3ea2cb10e2d8", "email": "spiracha@bisak.org", "email_verified": false, "phone_verified": false}', 'email', '2025-09-28 05:50:26.321425+00', '2025-09-28 05:50:26.321475+00', '2025-09-28 05:50:26.321475+00', 'b806f86c-5486-465b-b423-3514a534dac7'),
	('c0f570d7-9772-4a31-b5cd-d78e702f4dcb', 'c0f570d7-9772-4a31-b5cd-d78e702f4dcb', '{"sub": "c0f570d7-9772-4a31-b5cd-d78e702f4dcb", "email": "hna@bisak.org", "email_verified": false, "phone_verified": false}', 'email', '2025-09-28 05:50:26.328525+00', '2025-09-28 05:50:26.328585+00', '2025-09-28 05:50:26.328585+00', '25b38254-902c-4763-a576-a879260364aa'),
	('964430f8-1194-4c00-a640-b795663c24e1', '964430f8-1194-4c00-a640-b795663c24e1', '{"sub": "964430f8-1194-4c00-a640-b795663c24e1", "email": "fromaysequeiros@bisak.org", "email_verified": false, "phone_verified": false}', 'email', '2025-09-28 05:50:40.471237+00', '2025-09-28 05:50:40.471286+00', '2025-09-28 05:50:40.471286+00', '217828dd-3576-45b9-a5ab-49069cd713f0'),
	('346d62db-eb7a-4c5e-b798-7dec26f75302', '346d62db-eb7a-4c5e-b798-7dec26f75302', '{"sub": "346d62db-eb7a-4c5e-b798-7dec26f75302", "email": "abkhan@bisak.org", "email_verified": false, "phone_verified": false}', 'email', '2025-09-28 05:51:12.600932+00', '2025-09-28 05:51:12.600986+00', '2025-09-28 05:51:12.600986+00', '07c59f42-9a5a-4b8f-a144-bfa7cf463dd6'),
	('3bbc42b1-4ea6-48e3-84ad-6966551a3802', '3bbc42b1-4ea6-48e3-84ad-6966551a3802', '{"sub": "3bbc42b1-4ea6-48e3-84ad-6966551a3802", "email": "shenry@bisak.org", "email_verified": false, "phone_verified": false}', 'email', '2025-09-28 05:51:20.823942+00', '2025-09-28 05:51:20.823991+00', '2025-09-28 05:51:20.823991+00', '5fab907b-4615-4405-98cd-ae509becd0d4'),
	('a0380237-abea-4988-84c7-c9d43179d2be', 'a0380237-abea-4988-84c7-c9d43179d2be', '{"sub": "a0380237-abea-4988-84c7-c9d43179d2be", "email": "agarg@bisak.org", "email_verified": false, "phone_verified": false}', 'email', '2025-09-28 05:51:52.116454+00', '2025-09-28 05:51:52.1165+00', '2025-09-28 05:51:52.1165+00', 'ff2eebca-ae76-4456-84f5-a52aecb046fb'),
	('969dbda5-2815-41e3-84bd-d14dd102eb39', '969dbda5-2815-41e3-84bd-d14dd102eb39', '{"sub": "969dbda5-2815-41e3-84bd-d14dd102eb39", "email": "mohsyed@bisak.org", "email_verified": false, "phone_verified": false}', 'email', '2025-09-28 05:52:21.704746+00', '2025-09-28 05:52:21.704794+00', '2025-09-28 05:52:21.704794+00', 'dc7eb083-9a12-4f92-a41d-c3b41b007418'),
	('f6bdf187-d0bc-4c37-8034-202cfb4fb6db', 'f6bdf187-d0bc-4c37-8034-202cfb4fb6db', '{"sub": "f6bdf187-d0bc-4c37-8034-202cfb4fb6db", "email": "cku@bisak.org", "email_verified": false, "phone_verified": false}', 'email', '2025-09-28 05:52:44.23972+00', '2025-09-28 05:52:44.239768+00', '2025-09-28 05:52:44.239768+00', '73a6ab59-f6f3-47b6-85aa-4c52f3c326ff'),
	('e1ee44b9-0153-4d85-ab89-131b71189383', 'e1ee44b9-0153-4d85-ab89-131b71189383', '{"sub": "e1ee44b9-0153-4d85-ab89-131b71189383", "email": "mnaqvi@bisak.org", "email_verified": false, "phone_verified": false}', 'email', '2025-09-28 08:03:51.451144+00', '2025-09-28 08:03:51.451198+00', '2025-09-28 08:03:51.451198+00', '3b64281d-1aea-4605-be1e-13412d7772fa'),
	('d4b7fb1a-fc13-4878-ac15-2ac89009449a', 'd4b7fb1a-fc13-4878-ac15-2ac89009449a', '{"sub": "d4b7fb1a-fc13-4878-ac15-2ac89009449a", "email": "amakram@bisak.org", "email_verified": false, "phone_verified": false}', 'email', '2025-09-28 08:03:57.880473+00', '2025-09-28 08:03:57.880521+00', '2025-09-28 08:03:57.880521+00', 'c1e00053-5507-4708-b932-0bd3b14e0e0b'),
	('6fd3433f-e468-4d21-b42b-36ea1ab60db7', '6fd3433f-e468-4d21-b42b-36ea1ab60db7', '{"sub": "6fd3433f-e468-4d21-b42b-36ea1ab60db7", "email": "mkearney@bisak.org", "email_verified": false, "phone_verified": false}', 'email', '2025-09-28 08:04:02.97979+00', '2025-09-28 08:04:02.979837+00', '2025-09-28 08:04:02.979837+00', '6c1529cd-e975-4ffe-961d-1db3fa8dfe15'),
	('71fc12a2-b572-4853-869d-a31bbc71d7b7', '71fc12a2-b572-4853-869d-a31bbc71d7b7', '{"sub": "71fc12a2-b572-4853-869d-a31bbc71d7b7", "email": "dsangaru@bisak.org", "email_verified": false, "phone_verified": false}', 'email', '2025-09-28 08:04:05.053391+00', '2025-09-28 08:04:05.05345+00', '2025-09-28 08:04:05.05345+00', '503c31fa-368b-4cba-9fef-119f650a653b'),
	('14b19cda-dd95-4ead-bf2e-9cb53d0c9524', '14b19cda-dd95-4ead-bf2e-9cb53d0c9524', '{"sub": "14b19cda-dd95-4ead-bf2e-9cb53d0c9524", "email": "tbissengaliyev@bisk.org", "email_verified": false, "phone_verified": false}', 'email', '2025-09-28 08:04:12.83946+00', '2025-09-28 08:04:12.839508+00', '2025-09-28 08:04:12.839508+00', '1468861c-7874-44b0-a2ea-f7ba4ffd1488'),
	('8896700d-4f9e-466f-8b1b-f3d24de12076', '8896700d-4f9e-466f-8b1b-f3d24de12076', '{"sub": "8896700d-4f9e-466f-8b1b-f3d24de12076", "email": "mufaisal@bisak.org", "email_verified": false, "phone_verified": false}', 'email', '2025-09-28 08:04:15.51298+00', '2025-09-28 08:04:15.51303+00', '2025-09-28 08:04:15.51303+00', 'dc310b98-1a84-4d3b-bb86-1d7354c165bd'),
	('25e0ec02-c0f2-4a5b-b705-49976155939d', '25e0ec02-c0f2-4a5b-b705-49976155939d', '{"sub": "25e0ec02-c0f2-4a5b-b705-49976155939d", "email": "zsiddiqui@bisak.org", "email_verified": false, "phone_verified": false}', 'email', '2025-09-28 08:04:27.931585+00', '2025-09-28 08:04:27.931635+00', '2025-09-28 08:04:27.931635+00', 'c4658475-5736-4acf-ab12-8e95344d527b'),
	('2ec08e87-597a-4c62-91f5-7611d54019f7', '2ec08e87-597a-4c62-91f5-7611d54019f7', '{"sub": "2ec08e87-597a-4c62-91f5-7611d54019f7", "email": "speterson@bisak.org", "email_verified": false, "phone_verified": false}', 'email', '2025-09-28 08:04:31.223784+00', '2025-09-28 08:04:31.22383+00', '2025-09-28 08:04:31.22383+00', 'd6b04bc0-9974-4b31-bda7-d317ee46d91c'),
	('cb62c43b-aca7-491a-949d-fb395e5ae1e2', 'cb62c43b-aca7-491a-949d-fb395e5ae1e2', '{"sub": "cb62c43b-aca7-491a-949d-fb395e5ae1e2", "email": "sjaiswal@bisak.org", "email_verified": false, "phone_verified": false}', 'email', '2025-09-28 08:04:41.372747+00', '2025-09-28 08:04:41.372794+00', '2025-09-28 08:04:41.372794+00', 'ea396035-3195-4679-9ae1-cb1d83090258'),
	('e67e364e-6521-471f-afad-d1b2002733c7', 'e67e364e-6521-471f-afad-d1b2002733c7', '{"sub": "e67e364e-6521-471f-afad-d1b2002733c7", "email": "sabouelela@bisak.org", "email_verified": false, "phone_verified": false}', 'email', '2025-09-28 08:04:43.872787+00', '2025-09-28 08:04:43.872835+00', '2025-09-28 08:04:43.872835+00', 'bd941f57-a100-4255-b2ae-e1b406c62a31'),
	('221ad246-e0a0-4f41-9fce-a245b9a857f7', '221ad246-e0a0-4f41-9fce-a245b9a857f7', '{"sub": "221ad246-e0a0-4f41-9fce-a245b9a857f7", "email": "rjohnson@bisak.org", "email_verified": false, "phone_verified": false}', 'email', '2025-09-28 08:04:44.91167+00', '2025-09-28 08:04:44.911716+00', '2025-09-28 08:04:44.911716+00', '7711d865-0ba1-4263-9b05-6baf75e28003'),
	('9bfaa2e6-87ca-423c-af3a-b29b40f5f5db', '9bfaa2e6-87ca-423c-af3a-b29b40f5f5db', '{"sub": "9bfaa2e6-87ca-423c-af3a-b29b40f5f5db", "email": "halhaddad@bisak.org", "email_verified": false, "phone_verified": false}', 'email', '2025-09-28 08:04:45.978266+00', '2025-09-28 08:04:45.978314+00', '2025-09-28 08:04:45.978314+00', 'dd761a6b-04ef-4d0d-8e99-73fe896f1325'),
	('693e7720-4a1b-4379-993d-4a99b1ab4c15', '693e7720-4a1b-4379-993d-4a99b1ab4c15', '{"sub": "693e7720-4a1b-4379-993d-4a99b1ab4c15", "email": "lmahmoud@bisak.org", "email_verified": false, "phone_verified": false}', 'email', '2025-09-28 08:05:29.921474+00', '2025-09-28 08:05:29.921524+00', '2025-09-28 08:05:29.921524+00', 'c0789f2e-387e-4b68-b936-ab8dc2f193d7'),
	('299700ea-30c7-4da4-996b-59f1ad159a19', '299700ea-30c7-4da4-996b-59f1ad159a19', '{"sub": "299700ea-30c7-4da4-996b-59f1ad159a19", "email": "ruddin@bisak.org", "email_verified": false, "phone_verified": false}', 'email', '2025-09-28 08:05:45.597654+00', '2025-09-28 08:05:45.597702+00', '2025-09-28 08:05:45.597702+00', 'b380e0ee-e7a8-4412-8a8d-f2107b0292e2'),
	('6c3bc1a2-792e-434e-9098-27065b69bacf', '6c3bc1a2-792e-434e-9098-27065b69bacf', '{"sub": "6c3bc1a2-792e-434e-9098-27065b69bacf", "email": "yma@bisak.org", "email_verified": false, "phone_verified": false}', 'email', '2025-09-28 08:06:33.064127+00', '2025-09-28 08:06:33.064179+00', '2025-09-28 08:06:33.064179+00', 'f33cd6d0-81f9-4fe3-a634-0a5b0b531c20'),
	('dd25ed75-81f6-4275-b40a-78bb8c583b2a', 'dd25ed75-81f6-4275-b40a-78bb8c583b2a', '{"sub": "dd25ed75-81f6-4275-b40a-78bb8c583b2a", "email": "eeryurt@bisak.org", "email_verified": false, "phone_verified": false}', 'email', '2025-09-28 08:07:05.974483+00', '2025-09-28 08:07:05.974567+00', '2025-09-28 08:07:05.974567+00', '96f0e468-3913-4c40-9f48-99abc22fad49'),
	('50304a54-2c10-44a1-8c87-b3535a960e28', '50304a54-2c10-44a1-8c87-b3535a960e28', '{"sub": "50304a54-2c10-44a1-8c87-b3535a960e28", "email": "leroysalih@bisak.org", "email_verified": false, "phone_verified": false}', 'email', '2025-09-28 12:32:01.580567+00', '2025-09-28 12:32:01.580642+00', '2025-09-28 12:32:01.580642+00', 'ce379504-56e4-4be6-a8c1-cde3b90c3c34'),
	('69c807fb-46f0-4f30-a711-5cdb092dd602', '69c807fb-46f0-4f30-a711-5cdb092dd602', '{"sub": "69c807fb-46f0-4f30-a711-5cdb092dd602", "email": "sleroy@bisak.org", "email_verified": false, "phone_verified": false}', 'email', '2025-09-28 13:22:29.931689+00', '2025-09-28 13:22:29.931738+00', '2025-09-28 13:22:29.931738+00', '88e5e3b7-8ff4-4a0a-8072-3f4df9a9706c'),
	('a5121160-1fcd-4a2f-86d5-e5e018b4a2a5', 'a5121160-1fcd-4a2f-86d5-e5e018b4a2a5', '{"sub": "a5121160-1fcd-4a2f-86d5-e5e018b4a2a5", "email": "ptest@bisak.org", "email_verified": false, "phone_verified": false}', 'email', '2025-09-28 18:19:10.474333+00', '2025-09-28 18:19:10.474388+00', '2025-09-28 18:19:10.474388+00', '5cfb1491-7e44-4b67-9260-43ec33652d86'),
	('6df706e1-deb4-4548-81cc-82d2fd481c05', '6df706e1-deb4-4548-81cc-82d2fd481c05', '{"sub": "6df706e1-deb4-4548-81cc-82d2fd481c05", "email": "melshiekh@bisak.org", "email_verified": false, "phone_verified": false}', 'email', '2025-09-29 05:48:32.446031+00', '2025-09-29 05:48:32.446086+00', '2025-09-29 05:48:32.446086+00', 'c7e87b85-5906-414d-82f3-ae46a53afe26'),
	('5e569c2b-17ee-4b5d-af58-820b9c9882df', '5e569c2b-17ee-4b5d-af58-820b9c9882df', '{"sub": "5e569c2b-17ee-4b5d-af58-820b9c9882df", "email": "rawad@bisak.org", "email_verified": false, "phone_verified": false}', 'email', '2025-09-29 05:48:33.50125+00', '2025-09-29 05:48:33.501298+00', '2025-09-29 05:48:33.501298+00', 'ff443c59-f0a7-4a6e-8c7d-0896b31f0213'),
	('c6502fb1-8970-456f-ab45-ff3ab0584dd3', 'c6502fb1-8970-456f-ab45-ff3ab0584dd3', '{"sub": "c6502fb1-8970-456f-ab45-ff3ab0584dd3", "email": "msahli@bisak.org", "email_verified": false, "phone_verified": false}', 'email', '2025-09-29 05:48:35.255653+00', '2025-09-29 05:48:35.255731+00', '2025-09-29 05:48:35.255731+00', '22c70c6d-988a-4a6d-9c1e-c2f60943acc1'),
	('5a2b3e7a-2276-43b0-8bde-bec7677c3ed2', '5a2b3e7a-2276-43b0-8bde-bec7677c3ed2', '{"sub": "5a2b3e7a-2276-43b0-8bde-bec7677c3ed2", "email": "hnoor@bisak.org", "email_verified": false, "phone_verified": false}', 'email', '2025-09-29 05:48:36.582941+00', '2025-09-29 05:48:36.583002+00', '2025-09-29 05:48:36.583002+00', '67e5c913-95a6-4184-b8dc-401b512ea37b'),
	('2709f3c7-a488-467c-9c44-de36e1e9efda', '2709f3c7-a488-467c-9c44-de36e1e9efda', '{"sub": "2709f3c7-a488-467c-9c44-de36e1e9efda", "email": "rviola@bisak.org", "email_verified": false, "phone_verified": false}', 'email', '2025-09-29 05:48:39.872944+00', '2025-09-29 05:48:39.872994+00', '2025-09-29 05:48:39.872994+00', '522aa517-b975-49e9-9bab-1f4abc20bb3a'),
	('59e6f57c-7b4e-4c5c-85c2-ae95990e692a', '59e6f57c-7b4e-4c5c-85c2-ae95990e692a', '{"sub": "59e6f57c-7b4e-4c5c-85c2-ae95990e692a", "email": "eehsan@bisak.org", "email_verified": false, "phone_verified": false}', 'email', '2025-09-29 05:48:41.027758+00', '2025-09-29 05:48:41.027811+00', '2025-09-29 05:48:41.027811+00', '82a531a7-e3f8-4a9d-a38e-f0b8ef508221'),
	('e19a785b-0e0f-40b4-b839-c6ba381f5351', 'e19a785b-0e0f-40b4-b839-c6ba381f5351', '{"sub": "e19a785b-0e0f-40b4-b839-c6ba381f5351", "email": "chparone@bisak.org", "email_verified": false, "phone_verified": false}', 'email', '2025-09-29 05:48:41.566451+00', '2025-09-29 05:48:41.5665+00', '2025-09-29 05:48:41.5665+00', '0978376a-d43b-4e77-82b2-17bea2949475'),
	('f4edc5de-aa0a-4cf1-8590-15275633126e', 'f4edc5de-aa0a-4cf1-8590-15275633126e', '{"sub": "f4edc5de-aa0a-4cf1-8590-15275633126e", "email": "nmohsen@bisak.org", "email_verified": false, "phone_verified": false}', 'email', '2025-09-29 05:48:43.110093+00', '2025-09-29 05:48:43.110147+00', '2025-09-29 05:48:43.110147+00', '06dab7be-5ba2-4b58-be7f-b2e4601fe501'),
	('7ce65557-6f3b-4637-b771-b903f70ab024', '7ce65557-6f3b-4637-b771-b903f70ab024', '{"sub": "7ce65557-6f3b-4637-b771-b903f70ab024", "email": "shaouari@bisak.org", "email_verified": false, "phone_verified": false}', 'email', '2025-09-29 05:48:44.217117+00', '2025-09-29 05:48:44.217172+00', '2025-09-29 05:48:44.217172+00', '7bceefdb-0d57-4506-9d78-025c6329419d'),
	('a743e51a-3552-4915-8d77-edc57715a677', 'a743e51a-3552-4915-8d77-edc57715a677', '{"sub": "a743e51a-3552-4915-8d77-edc57715a677", "email": "rfola-fatola@bisak.org", "email_verified": false, "phone_verified": false}', 'email', '2025-09-29 05:48:45.155661+00', '2025-09-29 05:48:45.155727+00', '2025-09-29 05:48:45.155727+00', 'b3cba7de-938c-4706-be5c-9fceccbb52e5'),
	('0a976181-0665-4c8b-a843-bb4b743de561', '0a976181-0665-4c8b-a843-bb4b743de561', '{"sub": "0a976181-0665-4c8b-a843-bb4b743de561", "email": "hjinka@bisak.org", "email_verified": false, "phone_verified": false}', 'email', '2025-09-29 05:48:45.354626+00', '2025-09-29 05:48:45.354677+00', '2025-09-29 05:48:45.354677+00', 'd9bf0173-b156-4293-94fa-bdc0ab196d47'),
	('baa7c664-9065-4cb9-9baa-69d385e7bcbe', 'baa7c664-9065-4cb9-9baa-69d385e7bcbe', '{"sub": "baa7c664-9065-4cb9-9baa-69d385e7bcbe", "email": "hzaman@bisak.org", "email_verified": false, "phone_verified": false}', 'email', '2025-09-29 05:48:47.891296+00', '2025-09-29 05:48:47.89135+00', '2025-09-29 05:48:47.89135+00', '5a003a4d-3e78-409e-8431-7962c8a3b24c'),
	('1ceb90c6-1724-47a9-a8ee-b360a9640298', '1ceb90c6-1724-47a9-a8ee-b360a9640298', '{"sub": "1ceb90c6-1724-47a9-a8ee-b360a9640298", "email": "ejamal@bisak.org", "email_verified": false, "phone_verified": false}', 'email', '2025-09-29 05:48:51.994254+00', '2025-09-29 05:48:51.99431+00', '2025-09-29 05:48:51.99431+00', 'f53bd0fb-d8a3-4f17-a904-27f43cee5dd0'),
	('b2b6227a-0371-48be-8a6a-1ca741597953', 'b2b6227a-0371-48be-8a6a-1ca741597953', '{"sub": "b2b6227a-0371-48be-8a6a-1ca741597953", "email": "ibhat@bisak.org", "email_verified": false, "phone_verified": false}', 'email', '2025-09-29 05:48:56.661407+00', '2025-09-29 05:48:56.661457+00', '2025-09-29 05:48:56.661457+00', '8ddf38b7-e4d1-4bf5-8d67-598634652cf2'),
	('a8bb99b2-5bf9-4b92-9e54-2c1843b7300b', 'a8bb99b2-5bf9-4b92-9e54-2c1843b7300b', '{"sub": "a8bb99b2-5bf9-4b92-9e54-2c1843b7300b", "email": "baziz@bisak.og", "email_verified": false, "phone_verified": false}', 'email', '2025-09-29 05:48:56.964309+00', '2025-09-29 05:48:56.964359+00', '2025-09-29 05:48:56.964359+00', 'f5c4f775-303c-4897-8518-9d33c7d34487'),
	('fc6f7281-baf1-4c72-81fe-b91e78dfc685', 'fc6f7281-baf1-4c72-81fe-b91e78dfc685', '{"sub": "fc6f7281-baf1-4c72-81fe-b91e78dfc685", "email": "ldindial@bisak.org", "email_verified": false, "phone_verified": false}', 'email', '2025-09-29 05:49:03.466681+00', '2025-09-29 05:49:03.466733+00', '2025-09-29 05:49:03.466733+00', 'acc1286a-47a0-4419-ba43-2f162c70f70b'),
	('41be1008-67a4-4e15-95fb-36f5c333f13f', '41be1008-67a4-4e15-95fb-36f5c333f13f', '{"sub": "41be1008-67a4-4e15-95fb-36f5c333f13f", "email": "sohenry@bisak.org", "email_verified": false, "phone_verified": false}', 'email', '2025-09-29 05:50:01.579787+00', '2025-09-29 05:50:01.579839+00', '2025-09-29 05:50:01.579839+00', 'c1e76b18-db4e-4224-ae57-8d19effc2c1d'),
	('0624a38a-8a1a-45f7-93a7-cba3b6c78794', '0624a38a-8a1a-45f7-93a7-cba3b6c78794', '{"sub": "0624a38a-8a1a-45f7-93a7-cba3b6c78794", "email": "jkhan@bisak.org", "email_verified": false, "phone_verified": false}', 'email', '2025-09-29 05:54:02.624302+00', '2025-09-29 05:54:02.624351+00', '2025-09-29 05:54:02.624351+00', 'b36b3d99-c957-469c-8850-329427afc499'),
	('bb07d668-59ac-4ce9-a11f-64193b347cf4', 'bb07d668-59ac-4ce9-a11f-64193b347cf4', '{"sub": "bb07d668-59ac-4ce9-a11f-64193b347cf4", "email": "bmahgoub@bisak.org", "email_verified": false, "phone_verified": false}', 'email', '2025-09-29 06:01:59.662766+00', '2025-09-29 06:01:59.662828+00', '2025-09-29 06:01:59.662828+00', 'd13f0090-8609-429a-8d2e-6397c5ed4399');


--
-- Data for Name: instances; Type: TABLE DATA; Schema: auth; Owner: supabase_auth_admin
--



--
-- Data for Name: sessions; Type: TABLE DATA; Schema: auth; Owner: supabase_auth_admin
--

INSERT INTO "auth"."sessions" ("id", "user_id", "created_at", "updated_at", "factor_id", "aal", "not_after", "refreshed_at", "user_agent", "ip", "tag") VALUES
	('13bedba3-8de5-4187-920e-1724da7f334c', '2ec08e87-597a-4c62-91f5-7611d54019f7', '2025-09-28 08:04:31.229507+00', '2025-09-28 08:04:31.229507+00', NULL, 'aal1', NULL, NULL, 'Mozilla/5.0 (Windows NT 10.0; Win64; x64) AppleWebKit/537.36 (KHTML, like Gecko) Chrome/140.0.0.0 Safari/537.36', '145.82.61.221', NULL),
	('d6b62b80-1bae-4618-b584-d201ac53ef9a', '63f9d3dd-c0ab-455d-b277-e1d6ed72cb2c', '2025-10-01 02:46:41.375392+00', '2025-10-02 15:15:42.764199+00', NULL, 'aal1', NULL, '2025-10-02 15:15:42.764127', 'Mozilla/5.0 (Macintosh; Intel Mac OS X 10_15_7) AppleWebKit/537.36 (KHTML, like Gecko) Chrome/140.0.0.0 Safari/537.36', '128.234.121.248', NULL),
	('dc57412c-001a-4d6b-934d-d6d52c56c706', 'b2b6227a-0371-48be-8a6a-1ca741597953', '2025-09-29 05:48:56.667833+00', '2025-09-29 05:48:56.667833+00', NULL, 'aal1', NULL, NULL, 'Mozilla/5.0 (Windows NT 10.0; Win64; x64) AppleWebKit/537.36 (KHTML, like Gecko) Chrome/137.0.0.0 Safari/537.36', '178.80.3.252', NULL),
	('49f3c142-2f90-4503-9f3c-e8d002874135', '5e569c2b-17ee-4b5d-af58-820b9c9882df', '2025-09-29 05:48:33.508013+00', '2025-09-29 05:48:33.508013+00', NULL, 'aal1', NULL, NULL, 'Mozilla/5.0 (Windows NT 10.0; Win64; x64) AppleWebKit/537.36 (KHTML, like Gecko) Chrome/140.0.0.0 Safari/537.36', '178.80.3.252', NULL),
	('3c4e7687-ed6c-4530-8e34-70c3ac376e79', 'c6502fb1-8970-456f-ab45-ff3ab0584dd3', '2025-09-29 05:48:35.263687+00', '2025-09-29 05:48:35.263687+00', NULL, 'aal1', NULL, NULL, 'Mozilla/5.0 (Windows NT 10.0; Win64; x64) AppleWebKit/537.36 (KHTML, like Gecko) Chrome/140.0.0.0 Safari/537.36', '167.100.235.88', NULL),
	('3ead06ec-2680-4199-bb6a-e29642d29ec0', '59e6f57c-7b4e-4c5c-85c2-ae95990e692a', '2025-09-29 05:48:41.035759+00', '2025-09-29 05:48:41.035759+00', NULL, 'aal1', NULL, NULL, 'Mozilla/5.0 (Windows NT 10.0; Win64; x64) AppleWebKit/537.36 (KHTML, like Gecko) Chrome/140.0.0.0 Safari/537.36 Edg/140.0.0.0', '178.80.3.252', NULL),
	('26ee2de4-d2f0-45ac-9c7d-1b8d653880c5', 'cbc7e991-08eb-4838-a10c-3ea2cb10e2d8', '2025-09-28 05:50:26.330426+00', '2025-09-28 05:50:26.330426+00', NULL, 'aal1', NULL, NULL, 'Mozilla/5.0 (Windows NT 10.0; Win64; x64) AppleWebKit/537.36 (KHTML, like Gecko) Chrome/140.0.0.0 Safari/537.36 Edg/140.0.0.0', '145.82.61.221', NULL),
	('db1e2620-c65c-4413-a856-77f7893c5a5c', 'fc6f7281-baf1-4c72-81fe-b91e78dfc685', '2025-09-29 05:49:03.473737+00', '2025-09-29 05:49:03.473737+00', NULL, 'aal1', NULL, NULL, 'Mozilla/5.0 (Windows NT 10.0; Win64; x64) AppleWebKit/537.36 (KHTML, like Gecko) Chrome/140.0.0.0 Safari/537.36', '167.100.235.88', NULL),
	('434abae8-561f-4cf8-b997-b04e672f3ddc', 'cb62c43b-aca7-491a-949d-fb395e5ae1e2', '2025-09-28 08:04:41.378851+00', '2025-09-28 08:04:41.378851+00', NULL, 'aal1', NULL, NULL, 'Mozilla/5.0 (Windows NT 10.0; Win64; x64) AppleWebKit/537.36 (KHTML, like Gecko) Chrome/140.0.0.0 Safari/537.36 Edg/140.0.0.0', '167.100.235.88', NULL),
	('d00bb7d4-3707-4745-83a9-793f73874fe0', 'e67e364e-6521-471f-afad-d1b2002733c7', '2025-09-28 08:04:43.880009+00', '2025-09-28 08:04:43.880009+00', NULL, 'aal1', NULL, NULL, 'Mozilla/5.0 (Windows NT 10.0; Win64; x64) AppleWebKit/537.36 (KHTML, like Gecko) Chrome/140.0.0.0 Safari/537.36', '178.81.8.157', NULL),
	('67e5f71d-8df3-456f-a5d2-05d5c85b377e', '221ad246-e0a0-4f41-9fce-a245b9a857f7', '2025-09-28 08:04:44.918039+00', '2025-09-28 08:04:44.918039+00', NULL, 'aal1', NULL, NULL, 'Mozilla/5.0 (Windows NT 10.0; Win64; x64) AppleWebKit/537.36 (KHTML, like Gecko) Chrome/140.0.0.0 Safari/537.36', '143.92.224.248', NULL),
	('5f966bda-35f3-4e5b-aed8-dae44b140e34', '0624a38a-8a1a-45f7-93a7-cba3b6c78794', '2025-09-29 05:54:02.633266+00', '2025-09-29 05:54:02.633266+00', NULL, 'aal1', NULL, NULL, 'Mozilla/5.0 (X11; Ubuntu; Linux x86_64; rv:139.0) Gecko/20100101 Firefox/139.0', '145.82.61.221', NULL),
	('be9e078c-6a01-4292-a8c8-77b7ebd1f0f0', '9bfaa2e6-87ca-423c-af3a-b29b40f5f5db', '2025-09-28 08:04:45.984151+00', '2025-09-28 08:04:45.984151+00', NULL, 'aal1', NULL, NULL, 'Mozilla/5.0 (Windows NT 10.0; Win64; x64) AppleWebKit/537.36 (KHTML, like Gecko) Chrome/140.0.0.0 Safari/537.36', '167.100.235.88', NULL),
	('4b1ecfee-f270-4d99-97b9-22032fae1899', 'a743e51a-3552-4915-8d77-edc57715a677', '2025-09-29 06:00:22.974318+00', '2025-09-29 06:00:22.974318+00', NULL, 'aal1', NULL, NULL, 'Mozilla/5.0 (Windows NT 10.0; Win64; x64) AppleWebKit/537.36 (KHTML, like Gecko) Chrome/140.0.0.0 Safari/537.36', '178.80.3.252', NULL),
	('0622aa88-2d8a-49ae-9d60-ec489a2aed52', 'e1ee44b9-0153-4d85-ab89-131b71189383', '2025-09-28 08:03:51.459969+00', '2025-09-28 08:03:51.459969+00', NULL, 'aal1', NULL, NULL, 'Mozilla/5.0 (Windows NT 10.0; Win64; x64) AppleWebKit/537.36 (KHTML, like Gecko) Chrome/140.0.0.0 Safari/537.36', '178.80.3.252', NULL),
	('23f68cd3-8e7e-4658-b677-f1c216d491f9', 'd4b7fb1a-fc13-4878-ac15-2ac89009449a', '2025-09-28 08:03:57.887341+00', '2025-09-28 08:03:57.887341+00', NULL, 'aal1', NULL, NULL, 'Mozilla/5.0 (Windows NT 10.0; Win64; x64) AppleWebKit/537.36 (KHTML, like Gecko) Chrome/140.0.0.0 Safari/537.36', '145.82.61.221', NULL),
	('36140398-e3b1-41b0-84d3-4c0d47ac6753', '6fd3433f-e468-4d21-b42b-36ea1ab60db7', '2025-09-28 08:04:02.986375+00', '2025-09-28 08:04:02.986375+00', NULL, 'aal1', NULL, NULL, 'Mozilla/5.0 (Windows NT 10.0; Win64; x64) AppleWebKit/537.36 (KHTML, like Gecko) Chrome/140.0.0.0 Safari/537.36', '178.80.3.252', NULL),
	('7986c9c7-3cf6-459f-b242-4c440110b570', '71fc12a2-b572-4853-869d-a31bbc71d7b7', '2025-09-28 08:04:05.060249+00', '2025-09-28 08:04:05.060249+00', NULL, 'aal1', NULL, NULL, 'Mozilla/5.0 (Windows NT 10.0; Win64; x64) AppleWebKit/537.36 (KHTML, like Gecko) Chrome/140.0.0.0 Safari/537.36 Edg/140.0.0.0', '143.92.224.248', NULL),
	('7032936c-d871-4d35-b783-9a45f6963bf5', '14b19cda-dd95-4ead-bf2e-9cb53d0c9524', '2025-09-28 08:04:12.846667+00', '2025-09-28 08:04:12.846667+00', NULL, 'aal1', NULL, NULL, 'Mozilla/5.0 (Windows NT 10.0; Win64; x64) AppleWebKit/537.36 (KHTML, like Gecko) Chrome/140.0.0.0 Safari/537.36', '178.80.3.252', NULL),
	('659b2b0a-dbe6-4cf9-a81a-219374799bdb', '8896700d-4f9e-466f-8b1b-f3d24de12076', '2025-09-28 08:04:15.519687+00', '2025-09-28 08:04:15.519687+00', NULL, 'aal1', NULL, NULL, 'Mozilla/5.0 (Windows NT 10.0; Win64; x64) AppleWebKit/537.36 (KHTML, like Gecko) Chrome/140.0.0.0 Safari/537.36', '178.80.3.252', NULL),
	('eecc3762-1c40-43f5-b261-8a85a4e8d9fe', '25e0ec02-c0f2-4a5b-b705-49976155939d', '2025-09-28 08:04:27.937629+00', '2025-09-28 08:04:27.937629+00', NULL, 'aal1', NULL, NULL, 'Mozilla/5.0 (Windows NT 10.0; Win64; x64) AppleWebKit/537.36 (KHTML, like Gecko) Chrome/140.0.0.0 Safari/537.36', '143.92.224.248', NULL),
	('4e924e53-6530-434e-880c-95ff510189b2', '693e7720-4a1b-4379-993d-4a99b1ab4c15', '2025-09-28 08:05:29.929225+00', '2025-09-28 08:05:29.929225+00', NULL, 'aal1', NULL, NULL, 'Mozilla/5.0 (Windows NT 10.0; Win64; x64) AppleWebKit/537.36 (KHTML, like Gecko) Chrome/140.0.0.0 Safari/537.36 Edg/140.0.0.0', '145.82.61.221', NULL),
	('6e231d62-29e0-41df-91ef-0b51fa7332a5', '299700ea-30c7-4da4-996b-59f1ad159a19', '2025-09-28 08:05:45.603867+00', '2025-09-28 08:05:45.603867+00', NULL, 'aal1', NULL, NULL, 'Mozilla/5.0 (Windows NT 10.0; Win64; x64) AppleWebKit/537.36 (KHTML, like Gecko) Chrome/140.0.0.0 Safari/537.36 Edg/140.0.0.0', '178.80.3.252', NULL),
	('68e7e169-c16f-41be-b11b-f11823a128c8', '6c3bc1a2-792e-434e-9098-27065b69bacf', '2025-09-28 08:06:33.070231+00', '2025-09-28 08:06:33.070231+00', NULL, 'aal1', NULL, NULL, 'Mozilla/5.0 (Windows NT 10.0; Win64; x64) AppleWebKit/537.36 (KHTML, like Gecko) Chrome/140.0.0.0 Safari/537.36', '167.100.235.88', NULL),
	('8893f3c3-20ff-4777-8ddc-5f292352a386', 'dd25ed75-81f6-4275-b40a-78bb8c583b2a', '2025-09-28 08:07:05.980832+00', '2025-09-28 08:07:05.980832+00', NULL, 'aal1', NULL, NULL, 'Mozilla/5.0 (Windows NT 10.0; Win64; x64) AppleWebKit/537.36 (KHTML, like Gecko) Chrome/140.0.0.0 Safari/537.36', '167.100.235.88', NULL),
	('912143b9-5cb1-42e9-a290-e29e16cf7210', '50304a54-2c10-44a1-8c87-b3535a960e28', '2025-09-28 18:19:57.210816+00', '2025-09-30 00:57:59.497874+00', NULL, 'aal1', NULL, '2025-09-30 00:57:59.497785', 'Mozilla/5.0 (Macintosh; Intel Mac OS X 10_15_7) AppleWebKit/537.36 (KHTML, like Gecko) Chrome/139.0.0.0 Safari/537.36', '51.235.99.31', NULL),
	('6b3b3d1c-9a4d-4950-ac02-995d80bbe259', '63f9d3dd-c0ab-455d-b277-e1d6ed72cb2c', '2025-10-01 01:48:15.1072+00', '2025-10-01 01:48:15.1072+00', NULL, 'aal1', NULL, NULL, 'Mozilla/5.0 (Macintosh; Intel Mac OS X 10_15_7) AppleWebKit/537.36 (KHTML, like Gecko) Chrome/139.0.0.0 Safari/537.36', '51.235.99.31', NULL),
	('b8c731ad-fb42-4cc0-8c7e-20b46a159d0d', '63f9d3dd-c0ab-455d-b277-e1d6ed72cb2c', '2025-10-01 03:43:58.83993+00', '2025-10-01 03:43:58.83993+00', NULL, 'aal1', NULL, NULL, 'Mozilla/5.0 (Windows NT 10.0; Win64; x64) AppleWebKit/537.36 (KHTML, like Gecko) Chrome/140.0.0.0 Safari/537.36', '178.80.43.35', NULL),
	('e9574b66-6956-4bf0-b2df-8e8d05e2af87', '63f9d3dd-c0ab-455d-b277-e1d6ed72cb2c', '2025-10-02 04:13:41.65765+00', '2025-10-02 08:52:26.245118+00', NULL, 'aal1', NULL, '2025-10-02 08:52:26.245045', 'Mozilla/5.0 (Windows NT 10.0; Win64; x64) AppleWebKit/537.36 (KHTML, like Gecko) Chrome/140.0.0.0 Safari/537.36', '178.80.43.35', NULL);


--
-- Data for Name: mfa_amr_claims; Type: TABLE DATA; Schema: auth; Owner: supabase_auth_admin
--

INSERT INTO "auth"."mfa_amr_claims" ("session_id", "created_at", "updated_at", "authentication_method", "id") VALUES
	('912143b9-5cb1-42e9-a290-e29e16cf7210', '2025-09-28 18:19:57.214322+00', '2025-09-28 18:19:57.214322+00', 'password', '712036c2-6c61-4e94-8b69-a23af3bb1d1c'),
	('49f3c142-2f90-4503-9f3c-e8d002874135', '2025-09-29 05:48:33.510185+00', '2025-09-29 05:48:33.510185+00', 'password', 'c392e106-5b7b-4b5a-9f77-a68ac94cd2f4'),
	('3c4e7687-ed6c-4530-8e34-70c3ac376e79', '2025-09-29 05:48:35.265721+00', '2025-09-29 05:48:35.265721+00', 'password', 'fb8d570c-34aa-444b-9b5c-626fc240465f'),
	('3ead06ec-2680-4199-bb6a-e29642d29ec0', '2025-09-29 05:48:41.037997+00', '2025-09-29 05:48:41.037997+00', 'password', 'b61c1f37-c36c-4eca-b58b-aef3213582b4'),
	('26ee2de4-d2f0-45ac-9c7d-1b8d653880c5', '2025-09-28 05:50:26.334246+00', '2025-09-28 05:50:26.334246+00', 'password', '98677c58-af11-4b44-a74c-31c657ede94e'),
	('dc57412c-001a-4d6b-934d-d6d52c56c706', '2025-09-29 05:48:56.670403+00', '2025-09-29 05:48:56.670403+00', 'password', 'df1da77a-6512-4e20-9c64-e021e8a2fd3d'),
	('db1e2620-c65c-4413-a856-77f7893c5a5c', '2025-09-29 05:49:03.475843+00', '2025-09-29 05:49:03.475843+00', 'password', '97d03327-b1a7-4535-95d6-cc82f595ed4c'),
	('5f966bda-35f3-4e5b-aed8-dae44b140e34', '2025-09-29 05:54:02.636236+00', '2025-09-29 05:54:02.636236+00', 'password', '2f40bc4c-743c-432f-832a-d7bed9109384'),
	('0622aa88-2d8a-49ae-9d60-ec489a2aed52', '2025-09-28 08:03:51.463383+00', '2025-09-28 08:03:51.463383+00', 'password', 'c6d65ea8-1b4b-4085-8cd3-bce38500acdb'),
	('23f68cd3-8e7e-4658-b677-f1c216d491f9', '2025-09-28 08:03:57.88948+00', '2025-09-28 08:03:57.88948+00', 'password', '01c8bda6-6198-4d2a-a93e-556ab016fc81'),
	('36140398-e3b1-41b0-84d3-4c0d47ac6753', '2025-09-28 08:04:02.989815+00', '2025-09-28 08:04:02.989815+00', 'password', '2a85ea77-1f68-4b20-9910-8d14e7b663ae'),
	('7986c9c7-3cf6-459f-b242-4c440110b570', '2025-09-28 08:04:05.062314+00', '2025-09-28 08:04:05.062314+00', 'password', '6a613a40-16ab-43a9-a41e-734f0f04bebe'),
	('7032936c-d871-4d35-b783-9a45f6963bf5', '2025-09-28 08:04:12.848868+00', '2025-09-28 08:04:12.848868+00', 'password', '0d4ac10a-38e8-4f1c-9646-b93def31ae43'),
	('659b2b0a-dbe6-4cf9-a81a-219374799bdb', '2025-09-28 08:04:15.52196+00', '2025-09-28 08:04:15.52196+00', 'password', '5723133b-9030-4c6c-94e2-5abbd087f810'),
	('eecc3762-1c40-43f5-b261-8a85a4e8d9fe', '2025-09-28 08:04:27.939515+00', '2025-09-28 08:04:27.939515+00', 'password', 'e36a61cd-8cf5-4776-9b2e-02012274ee85'),
	('13bedba3-8de5-4187-920e-1724da7f334c', '2025-09-28 08:04:31.231297+00', '2025-09-28 08:04:31.231297+00', 'password', '4841f7f3-1fa7-4985-8b33-2281941caf05'),
	('434abae8-561f-4cf8-b997-b04e672f3ddc', '2025-09-28 08:04:41.380818+00', '2025-09-28 08:04:41.380818+00', 'password', '74a65ce6-816c-4ee6-be6a-ee20c6278969'),
	('d00bb7d4-3707-4745-83a9-793f73874fe0', '2025-09-28 08:04:43.88198+00', '2025-09-28 08:04:43.88198+00', 'password', '3c758f6c-efa4-4f0c-8950-11bdff73060d'),
	('67e5f71d-8df3-456f-a5d2-05d5c85b377e', '2025-09-28 08:04:44.919849+00', '2025-09-28 08:04:44.919849+00', 'password', '6741293b-1cfd-4ef5-bd65-bcfd4558bc93'),
	('be9e078c-6a01-4292-a8c8-77b7ebd1f0f0', '2025-09-28 08:04:45.985962+00', '2025-09-28 08:04:45.985962+00', 'password', '689cd11d-7a5a-4cd0-bcdd-dd396504852d'),
	('4e924e53-6530-434e-880c-95ff510189b2', '2025-09-28 08:05:29.931436+00', '2025-09-28 08:05:29.931436+00', 'password', '057b4308-5f6a-4991-bd34-87ca0a103616'),
	('6e231d62-29e0-41df-91ef-0b51fa7332a5', '2025-09-28 08:05:45.605721+00', '2025-09-28 08:05:45.605721+00', 'password', '2b598806-47d5-4d2f-9012-97dc117b641b'),
	('68e7e169-c16f-41be-b11b-f11823a128c8', '2025-09-28 08:06:33.072263+00', '2025-09-28 08:06:33.072263+00', 'password', '3a20a48e-ea93-4ffc-9faf-6a4ec72edd5d'),
	('8893f3c3-20ff-4777-8ddc-5f292352a386', '2025-09-28 08:07:05.983628+00', '2025-09-28 08:07:05.983628+00', 'password', 'a885a4ad-82a5-4d3f-92f2-b4cd0aa303d9'),
	('4b1ecfee-f270-4d99-97b9-22032fae1899', '2025-09-29 06:00:22.97748+00', '2025-09-29 06:00:22.97748+00', 'password', '21e59852-8da6-4f79-b94e-7c72a7d82d33'),
	('6b3b3d1c-9a4d-4950-ac02-995d80bbe259', '2025-10-01 01:48:15.110394+00', '2025-10-01 01:48:15.110394+00', 'password', '1d0adf2a-05af-4ac9-8007-49182e3e1d29'),
	('d6b62b80-1bae-4618-b584-d201ac53ef9a', '2025-10-01 02:46:41.37921+00', '2025-10-01 02:46:41.37921+00', 'password', '29242ecd-7b65-40af-9be2-ad965d045a43'),
	('b8c731ad-fb42-4cc0-8c7e-20b46a159d0d', '2025-10-01 03:43:58.843597+00', '2025-10-01 03:43:58.843597+00', 'password', '74ad0c4e-e06e-4e86-8d2e-0aba7a527296'),
	('e9574b66-6956-4bf0-b2df-8e8d05e2af87', '2025-10-02 04:13:41.661279+00', '2025-10-02 04:13:41.661279+00', 'password', '95407494-763e-430e-99c6-87e4e46313ab');


--
-- Data for Name: mfa_factors; Type: TABLE DATA; Schema: auth; Owner: supabase_auth_admin
--



--
-- Data for Name: mfa_challenges; Type: TABLE DATA; Schema: auth; Owner: supabase_auth_admin
--



--
-- Data for Name: oauth_clients; Type: TABLE DATA; Schema: auth; Owner: supabase_auth_admin
--



--
-- Data for Name: one_time_tokens; Type: TABLE DATA; Schema: auth; Owner: supabase_auth_admin
--



--
-- Data for Name: refresh_tokens; Type: TABLE DATA; Schema: auth; Owner: supabase_auth_admin
--

INSERT INTO "auth"."refresh_tokens" ("instance_id", "id", "token", "user_id", "revoked", "created_at", "updated_at", "parent", "session_id") VALUES
	('00000000-0000-0000-0000-000000000000', 47, '5in3u3j26enp', 'cbc7e991-08eb-4838-a10c-3ea2cb10e2d8', false, '2025-09-28 05:50:26.331866+00', '2025-09-28 05:50:26.331866+00', NULL, '26ee2de4-d2f0-45ac-9c7d-1b8d653880c5'),
	('00000000-0000-0000-0000-000000000000', 112, 'd7vokxpxym6c', '50304a54-2c10-44a1-8c87-b3535a960e28', true, '2025-09-28 18:19:57.211672+00', '2025-09-29 00:22:41.452941+00', NULL, '912143b9-5cb1-42e9-a290-e29e16cf7210'),
	('00000000-0000-0000-0000-000000000000', 114, 'z2ooejfg3oft', '50304a54-2c10-44a1-8c87-b3535a960e28', true, '2025-09-29 00:22:41.453672+00', '2025-09-29 02:28:33.721878+00', 'd7vokxpxym6c', '912143b9-5cb1-42e9-a290-e29e16cf7210'),
	('00000000-0000-0000-0000-000000000000', 58, 'qrdzdh3o7r26', 'e1ee44b9-0153-4d85-ab89-131b71189383', false, '2025-09-28 08:03:51.461157+00', '2025-09-28 08:03:51.461157+00', NULL, '0622aa88-2d8a-49ae-9d60-ec489a2aed52'),
	('00000000-0000-0000-0000-000000000000', 59, 'a43tlt3q6ete', 'd4b7fb1a-fc13-4878-ac15-2ac89009449a', false, '2025-09-28 08:03:57.888135+00', '2025-09-28 08:03:57.888135+00', NULL, '23f68cd3-8e7e-4658-b677-f1c216d491f9'),
	('00000000-0000-0000-0000-000000000000', 60, 'lwcfi6rleu4c', '6fd3433f-e468-4d21-b42b-36ea1ab60db7', false, '2025-09-28 08:04:02.987199+00', '2025-09-28 08:04:02.987199+00', NULL, '36140398-e3b1-41b0-84d3-4c0d47ac6753'),
	('00000000-0000-0000-0000-000000000000', 61, 'nqayosd6hysc', '71fc12a2-b572-4853-869d-a31bbc71d7b7', false, '2025-09-28 08:04:05.061022+00', '2025-09-28 08:04:05.061022+00', NULL, '7986c9c7-3cf6-459f-b242-4c440110b570'),
	('00000000-0000-0000-0000-000000000000', 62, 'y23k3nxbfsx5', '14b19cda-dd95-4ead-bf2e-9cb53d0c9524', false, '2025-09-28 08:04:12.847479+00', '2025-09-28 08:04:12.847479+00', NULL, '7032936c-d871-4d35-b783-9a45f6963bf5'),
	('00000000-0000-0000-0000-000000000000', 63, 'spzqnjqan73m', '8896700d-4f9e-466f-8b1b-f3d24de12076', false, '2025-09-28 08:04:15.52053+00', '2025-09-28 08:04:15.52053+00', NULL, '659b2b0a-dbe6-4cf9-a81a-219374799bdb'),
	('00000000-0000-0000-0000-000000000000', 64, 'wnujkx4o7wov', '25e0ec02-c0f2-4a5b-b705-49976155939d', false, '2025-09-28 08:04:27.938338+00', '2025-09-28 08:04:27.938338+00', NULL, 'eecc3762-1c40-43f5-b261-8a85a4e8d9fe'),
	('00000000-0000-0000-0000-000000000000', 65, 'ktg5qig2qood', '2ec08e87-597a-4c62-91f5-7611d54019f7', false, '2025-09-28 08:04:31.23016+00', '2025-09-28 08:04:31.23016+00', NULL, '13bedba3-8de5-4187-920e-1724da7f334c'),
	('00000000-0000-0000-0000-000000000000', 66, 'vsfaj6b57zuz', 'cb62c43b-aca7-491a-949d-fb395e5ae1e2', false, '2025-09-28 08:04:41.37961+00', '2025-09-28 08:04:41.37961+00', NULL, '434abae8-561f-4cf8-b997-b04e672f3ddc'),
	('00000000-0000-0000-0000-000000000000', 67, 'd75tayb2zzv3', 'e67e364e-6521-471f-afad-d1b2002733c7', false, '2025-09-28 08:04:43.880722+00', '2025-09-28 08:04:43.880722+00', NULL, 'd00bb7d4-3707-4745-83a9-793f73874fe0'),
	('00000000-0000-0000-0000-000000000000', 68, 'g326ytfpebhp', '221ad246-e0a0-4f41-9fce-a245b9a857f7', false, '2025-09-28 08:04:44.918689+00', '2025-09-28 08:04:44.918689+00', NULL, '67e5f71d-8df3-456f-a5d2-05d5c85b377e'),
	('00000000-0000-0000-0000-000000000000', 69, 'niuula6ggr4u', '9bfaa2e6-87ca-423c-af3a-b29b40f5f5db', false, '2025-09-28 08:04:45.984789+00', '2025-09-28 08:04:45.984789+00', NULL, 'be9e078c-6a01-4292-a8c8-77b7ebd1f0f0'),
	('00000000-0000-0000-0000-000000000000', 70, 'f2bjnhqnknys', '693e7720-4a1b-4379-993d-4a99b1ab4c15', false, '2025-09-28 08:05:29.930085+00', '2025-09-28 08:05:29.930085+00', NULL, '4e924e53-6530-434e-880c-95ff510189b2'),
	('00000000-0000-0000-0000-000000000000', 71, 'vpt273m4pjti', '299700ea-30c7-4da4-996b-59f1ad159a19', false, '2025-09-28 08:05:45.604621+00', '2025-09-28 08:05:45.604621+00', NULL, '6e231d62-29e0-41df-91ef-0b51fa7332a5'),
	('00000000-0000-0000-0000-000000000000', 72, '4svp4wzc5dmf', '6c3bc1a2-792e-434e-9098-27065b69bacf', false, '2025-09-28 08:06:33.071049+00', '2025-09-28 08:06:33.071049+00', NULL, '68e7e169-c16f-41be-b11b-f11823a128c8'),
	('00000000-0000-0000-0000-000000000000', 73, 'pdckbohzqdjg', 'dd25ed75-81f6-4275-b40a-78bb8c583b2a', false, '2025-09-28 08:07:05.981663+00', '2025-09-28 08:07:05.981663+00', NULL, '8893f3c3-20ff-4777-8ddc-5f292352a386'),
	('00000000-0000-0000-0000-000000000000', 121, 'zor3mv35obe3', '5e569c2b-17ee-4b5d-af58-820b9c9882df', false, '2025-09-29 05:48:33.508781+00', '2025-09-29 05:48:33.508781+00', NULL, '49f3c142-2f90-4503-9f3c-e8d002874135'),
	('00000000-0000-0000-0000-000000000000', 122, 'zkf3gukg2xu5', 'c6502fb1-8970-456f-ab45-ff3ab0584dd3', false, '2025-09-29 05:48:35.264474+00', '2025-09-29 05:48:35.264474+00', NULL, '3c4e7687-ed6c-4530-8e34-70c3ac376e79'),
	('00000000-0000-0000-0000-000000000000', 183, 'szaugow37a4z', '63f9d3dd-c0ab-455d-b277-e1d6ed72cb2c', true, '2025-10-01 02:46:41.37682+00', '2025-10-01 13:37:36.166789+00', NULL, 'd6b62b80-1bae-4618-b584-d201ac53ef9a'),
	('00000000-0000-0000-0000-000000000000', 125, 'fqwo73llgzjk', '59e6f57c-7b4e-4c5c-85c2-ae95990e692a', false, '2025-09-29 05:48:41.036657+00', '2025-09-29 05:48:41.036657+00', NULL, '3ead06ec-2680-4199-bb6a-e29642d29ec0'),
	('00000000-0000-0000-0000-000000000000', 185, '6h3tzfkywtyv', '63f9d3dd-c0ab-455d-b277-e1d6ed72cb2c', true, '2025-10-01 13:37:36.167659+00', '2025-10-02 00:40:49.855249+00', 'szaugow37a4z', 'd6b62b80-1bae-4618-b584-d201ac53ef9a'),
	('00000000-0000-0000-0000-000000000000', 187, 'vqkzhxf4zbvx', '63f9d3dd-c0ab-455d-b277-e1d6ed72cb2c', true, '2025-10-02 04:13:41.658963+00', '2025-10-02 05:11:51.051773+00', NULL, 'e9574b66-6956-4bf0-b2df-8e8d05e2af87'),
	('00000000-0000-0000-0000-000000000000', 117, 'fxapi36q2wt7', '50304a54-2c10-44a1-8c87-b3535a960e28', true, '2025-09-29 02:28:33.722763+00', '2025-09-29 12:45:47.799864+00', 'z2ooejfg3oft', '912143b9-5cb1-42e9-a290-e29e16cf7210'),
	('00000000-0000-0000-0000-000000000000', 189, 'qwrc3buoum6j', '63f9d3dd-c0ab-455d-b277-e1d6ed72cb2c', true, '2025-10-02 07:34:37.569342+00', '2025-10-02 08:52:26.241114+00', 'xgz4dcdlvpqt', 'e9574b66-6956-4bf0-b2df-8e8d05e2af87'),
	('00000000-0000-0000-0000-000000000000', 191, 'f5bfthis2rr5', '63f9d3dd-c0ab-455d-b277-e1d6ed72cb2c', false, '2025-10-02 15:15:42.761546+00', '2025-10-02 15:15:42.761546+00', 'phuam6tfa7lr', 'd6b62b80-1bae-4618-b584-d201ac53ef9a'),
	('00000000-0000-0000-0000-000000000000', 133, '43nzf4yz35mz', 'b2b6227a-0371-48be-8a6a-1ca741597953', false, '2025-09-29 05:48:56.66872+00', '2025-09-29 05:48:56.66872+00', NULL, 'dc57412c-001a-4d6b-934d-d6d52c56c706'),
	('00000000-0000-0000-0000-000000000000', 135, 'dqnzvny42c7m', 'fc6f7281-baf1-4c72-81fe-b91e78dfc685', false, '2025-09-29 05:49:03.474498+00', '2025-09-29 05:49:03.474498+00', NULL, 'db1e2620-c65c-4413-a856-77f7893c5a5c'),
	('00000000-0000-0000-0000-000000000000', 151, 'o5th67qezlle', '50304a54-2c10-44a1-8c87-b3535a960e28', true, '2025-09-29 16:05:11.562696+00', '2025-09-30 00:57:59.493733+00', 'k2eg3m4tfoow', '912143b9-5cb1-42e9-a290-e29e16cf7210'),
	('00000000-0000-0000-0000-000000000000', 138, 'upn3bzavypug', '0624a38a-8a1a-45f7-93a7-cba3b6c78794', false, '2025-09-29 05:54:02.634174+00', '2025-09-29 05:54:02.634174+00', NULL, '5f966bda-35f3-4e5b-aed8-dae44b140e34'),
	('00000000-0000-0000-0000-000000000000', 139, 'jx4iqqvkv2k6', 'a743e51a-3552-4915-8d77-edc57715a677', false, '2025-09-29 06:00:22.975369+00', '2025-09-29 06:00:22.975369+00', NULL, '4b1ecfee-f270-4d99-97b9-22032fae1899'),
	('00000000-0000-0000-0000-000000000000', 161, 'qw3mcepj6nsb', '50304a54-2c10-44a1-8c87-b3535a960e28', false, '2025-09-30 00:57:59.494543+00', '2025-09-30 00:57:59.494543+00', 'o5th67qezlle', '912143b9-5cb1-42e9-a290-e29e16cf7210'),
	('00000000-0000-0000-0000-000000000000', 182, 'ezpzjcdlvsbm', '63f9d3dd-c0ab-455d-b277-e1d6ed72cb2c', false, '2025-10-01 01:48:15.108259+00', '2025-10-01 01:48:15.108259+00', NULL, '6b3b3d1c-9a4d-4950-ac02-995d80bbe259'),
	('00000000-0000-0000-0000-000000000000', 184, '6ozr4fcp37vn', '63f9d3dd-c0ab-455d-b277-e1d6ed72cb2c', false, '2025-10-01 03:43:58.841283+00', '2025-10-01 03:43:58.841283+00', NULL, 'b8c731ad-fb42-4cc0-8c7e-20b46a159d0d'),
	('00000000-0000-0000-0000-000000000000', 146, 'k2eg3m4tfoow', '50304a54-2c10-44a1-8c87-b3535a960e28', true, '2025-09-29 12:45:47.80077+00', '2025-09-29 16:05:11.561789+00', 'fxapi36q2wt7', '912143b9-5cb1-42e9-a290-e29e16cf7210'),
	('00000000-0000-0000-0000-000000000000', 188, 'xgz4dcdlvpqt', '63f9d3dd-c0ab-455d-b277-e1d6ed72cb2c', true, '2025-10-02 05:11:51.052642+00', '2025-10-02 07:34:37.568502+00', 'vqkzhxf4zbvx', 'e9574b66-6956-4bf0-b2df-8e8d05e2af87'),
	('00000000-0000-0000-0000-000000000000', 190, 'nkfzm3eht22c', '63f9d3dd-c0ab-455d-b277-e1d6ed72cb2c', false, '2025-10-02 08:52:26.24203+00', '2025-10-02 08:52:26.24203+00', 'qwrc3buoum6j', 'e9574b66-6956-4bf0-b2df-8e8d05e2af87'),
	('00000000-0000-0000-0000-000000000000', 186, 'phuam6tfa7lr', '63f9d3dd-c0ab-455d-b277-e1d6ed72cb2c', true, '2025-10-02 00:40:49.856054+00', '2025-10-02 15:15:42.760811+00', '6h3tzfkywtyv', 'd6b62b80-1bae-4618-b584-d201ac53ef9a');


--
-- Data for Name: sso_providers; Type: TABLE DATA; Schema: auth; Owner: supabase_auth_admin
--



--
-- Data for Name: saml_providers; Type: TABLE DATA; Schema: auth; Owner: supabase_auth_admin
--



--
-- Data for Name: saml_relay_states; Type: TABLE DATA; Schema: auth; Owner: supabase_auth_admin
--



--
-- Data for Name: sso_domains; Type: TABLE DATA; Schema: auth; Owner: supabase_auth_admin
--



--
-- Data for Name: subjects; Type: TABLE DATA; Schema: public; Owner: postgres
--

INSERT INTO "public"."subjects" ("subject", "active") VALUES
	('Mathematics', true),
	('Science', true),
	('History', true),
	('English', true),
	('Art', true),
	('Design Technology', true),
	('Computing', true),
	('ICT', true),
	('Computer Science', true);


--
-- Data for Name: units; Type: TABLE DATA; Schema: public; Owner: postgres
--

INSERT INTO "public"."units" ("unit_id", "title", "subject", "active", "description", "year") VALUES
	('UNIT003', 'World War II Overview (ME)', 'History', false, 'No description provided', 7),
	('TEST1', 'test1', 'Mathematics', false, NULL, 7),
	('UNIT001', 'Algebra Basics (qwe)', 'Mathematics', false, 'No description provided', 7),
	('UNIT002', 'Introduction to Biology1', 'Science', false, 'No description provided', 7),
	('NEW-UNIT', 'new unit', 'Design Technology', false, NULL, 7),
	('701-ISOMETRIC-SKETCHING', '0701-Isometric Sketching', 'Design Technology', true, 'Pupils will learn to sketch designs in an Isometric perspective.', 7),
	('801-CANDLE-HOLDER', '0801-Candle Holder', 'Design Technology', true, 'A unit that allows pupils to practice their design process skills while becoming familiar with producing 3D products.', 7),
	('INDUCTION', 'Induction - Computing', 'Computing', true, 'This unit of work will introduce pupisl to the basics of working in the lab, along with the software and processes that are used in Senior School.', 7),
	('CATS', 'CATS', 'Computing', true, 'During this unit, the pupisl will sit their CATS test.', 7),
	('DT-INDUCTION-KS4', 'DT Induction (KS4)', 'Design Technology', true, NULL, 10),
	('10-2-ONSHAPE-BASIC-SKILLS', '1002 Onshape Basic Skills', 'Design Technology', true, NULL, 10),
	('DT-INDUCTION', '0700 - DT Induction - KS3', 'Design Technology', true, 'This unitserves as a welcome to Design and Technology.  Pupils cover the basic rules of how to enter, exit and move around the class. Pupils also discuss the reason for DT and the design process.', 7),
	('UNIT004', '0901-Automata - Steam Punk', 'Design Technology', true, 'Learn about Automata with a steampunk style', 9),
	('1001-CORE-1', '1001-Core 1', 'Design Technology', true, NULL, 10);


--
-- Data for Name: lessons; Type: TABLE DATA; Schema: public; Owner: postgres
--

INSERT INTO "public"."lessons" ("lesson_id", "unit_id", "title", "active", "order_by") VALUES
	('0a8d6d77-4479-4998-9a41-98e674ead134', '701-ISOMETRIC-SKETCHING', 'Practice Lesson', true, 1),
	('fb2eb631-0dda-4b84-b5b2-5c5d7afeae2e', '701-ISOMETRIC-SKETCHING', '3  Solids: Prisms and Pyramids', true, 3),
	('5b4f0a5e-d001-443d-a141-1605d5f5d831', '701-ISOMETRIC-SKETCHING', '2  Adding and Subtracting Shapes', true, 2),
	('db7a9daa-f08a-4776-b60e-21cb06a25333', '10-2-ONSHAPE-BASIC-SKILLS', 'Onshape Introduction', true, 12),
	('8265e3e2-cd36-49dd-ba4f-66e6a95cdef5', '10-2-ONSHAPE-BASIC-SKILLS', 'OnShape 2D Basic Sketches', true, 13),
	('894d0db3-8267-419c-b809-7d602f4837ae', '10-2-ONSHAPE-BASIC-SKILLS', 'OnShape Extrusions', true, 14),
	('b576b985-26c9-4f86-a465-b683d657f5d7', 'CATS', 'CATS Session 2', true, 16),
	('1250315e-5053-4f99-804c-40561ecbc346', 'UNIT001', 'l2', true, 1),
	('2b797faf-8639-4551-a3ad-bad3a8c2799c', 'UNIT001', 'L3', true, 2),
	('33c2b85f-3ce2-4f21-b21b-377cf20b2a21', 'CATS', 'CATS Session 1', true, 15),
	('d59fd538-dab0-4f25-9466-9c1d13b56964', 'UNIT001', 'L3', true, 4),
	('01962eaa-7a98-46b2-a273-ef716f12bd54', 'UNIT001', 'l5', true, 5),
	('ae878164-e454-40bb-b52a-6f799c00b039', 'UNIT001', 'l1', true, 3),
	('cedd9f2e-34c0-46ed-88a5-a3fdfd9fc7cf', 'INDUCTION', 'Induction 1', true, 17),
	('0c60fa60-a7ed-47f5-822e-94b3a02dc3a2', 'INDUCTION', 'Induction 2', true, 18),
	('ca8445e2-364b-410d-922f-57c1c2f9bf44', '701-ISOMETRIC-SKETCHING', '1  Cubes and Cuboids', true, 0),
	('a433c9cb-aee5-4280-9b25-62a43ae4a53e', 'UNIT004', 'Investigate History', true, 0),
	('9d3dd129-0a25-4f9e-a793-7a6edb45518e', 'UNIT004', 'Investigate Cams, Followers and Rockers', true, 1),
	('e6e4e70d-8fcf-4e7b-bbfe-8b37b5712886', '10-2-ONSHAPE-BASIC-SKILLS', 'OnShape 3D tools', true, 15),
	('85bf23e8-0031-46dc-948e-cb5c6a9143d4', '1001-CORE-1', 'Energy Generation Assessment', true, 20),
	('60dcabc1-89b4-4e0c-a3cc-db96a05caca5', '1001-CORE-1', 'Energy Generation and Comparison', true, 19),
	('8ba04ee3-0983-470d-9524-a32584f4820e', '1001-CORE-1', 'Production Scales', true, 21),
	('726e9467-3e08-4e30-b06c-ac603a576e3d', '801-CANDLE-HOLDER', 'Evaluate', true, 8),
	('7b7d9425-e54b-4fa9-95ac-dc71b7ec46c3', '1001-CORE-1', 'Emerging Technology', true, 22),
	('26d09acd-24fd-40d5-b631-457ae13dded3', '1001-CORE-1', 'Emerging Technology Assessment', true, 23),
	('4c6ae118-4296-4830-a82a-aba00760e314', 'UNIT004', 'L3', true, 2),
	('65871063-5469-4da7-bf88-dc3af13a522c', '801-CANDLE-HOLDER', 'Writing a Design Specification', false, 11),
	('bde9f1d5-c81b-4639-9efe-18d05a3a132f', '10-2-ONSHAPE-BASIC-SKILLS', 'OnShape Boolean Tools', true, 16),
	('467a1b3c-20a4-4960-8d2e-7b163c0821d4', '10-2-ONSHAPE-BASIC-SKILLS', 'OnShape Variables', true, 17),
	('07bf233b-a07f-426b-948d-486cbb43b204', '801-CANDLE-HOLDER', 'Des: Ideation - Initial Ideas', true, 3),
	('3a5487f9-7e76-4d97-b452-094b4409d560', '10-2-ONSHAPE-BASIC-SKILLS', 'OnShape Planes', true, 18),
	('513d5ef7-b6a4-4c2c-b5c1-3cca7aef38cc', '801-CANDLE-HOLDER', 'Inv: Structures in Design: Slots, Tabs & Stability', true, 0),
	('f525bbed-179b-4ec0-a60b-1d8e9ec8c575', 'NEW-UNIT', 'Test', true, 7),
	('abccd308-abc1-4433-ac35-207d0c2a3dbc', '1001-CORE-1', 'Smart & Composite materials and technical textiles - Overview.', true, 24),
	('a6f08b0a-115e-4b3a-97e8-7a0a4533d017', 'DT-INDUCTION', 'DT Induction', false, 10),
	('a95b9992-5eab-4720-850c-164062a036a5', '1001-CORE-1', 'Smart Materials', true, 25),
	('8d96130b-2336-46a1-a214-73ec4e7e980d', 'DT-INDUCTION', 'DT Induction Lesson', true, 9),
	('879a4c7f-9a62-41d5-ac4f-5d8dbfc59d94', 'DT-INDUCTION-KS4', 'DT Induction to KS4', true, 11),
	('79315679-c71e-4998-a121-3464829aaff1', '801-CANDLE-HOLDER', 'Inv: Investigating existing designs', true, 1),
	('a1cad678-35ea-4a5b-b799-12ac2eb7c51f', '701-ISOMETRIC-SKETCHING', '6-Assessment', true, 6),
	('a2aa2eb2-c7e4-4359-9801-fb2c8680584d', '701-ISOMETRIC-SKETCHING', '4  Circles, Curves and Ellipses', true, 4),
	('4c13b48b-3af1-48cc-952e-428097c13686', '701-ISOMETRIC-SKETCHING', '5  Details (Chamfers, Fillets, Holes and Ridges)', true, 5),
	('84ef0aee-3207-49fa-8049-49ce868d2b61', '1001-CORE-1', 'Composite Matererials', true, 26),
	('42dbd5b1-162c-4c27-9547-79eb39b34b4d', '1001-CORE-1', 'Technical Textiles', true, 27),
	('645bd8e1-2b8d-45a8-b7b3-30def0008dd1', '1001-CORE-1', 'SCT - Assessment', true, 28),
	('20404875-be5c-42c9-9023-ed4539b45f1c', '10-2-ONSHAPE-BASIC-SKILLS', 'Make a Box', true, 19),
	('69da46b7-19db-47e0-93db-5b6fd95eef5e', '701-ISOMETRIC-SKETCHING', 'Challenge: Draw a Toy Plane', true, 7),
	('bb677055-41fb-4522-839e-741bd4376f85', '801-CANDLE-HOLDER', 'Inv: Write a simple Design Specification', true, 2),
	('ba6232e8-d343-4583-9f6a-3cf3c8602de2', '801-CANDLE-HOLDER', 'Des: Prototype Candle Handle', true, 4),
	('57f6e550-c3a0-40ab-a655-b04d9d957b43', '801-CANDLE-HOLDER', 'Make: Using Lightburn', true, 5),
	('a4b64a59-c06d-46af-ba54-d225fe038340', '801-CANDLE-HOLDER', 'Make: Assemble', true, 6),
	('0fb3433e-c64c-425f-b1e3-02d3eac7336c', '801-CANDLE-HOLDER', 'Make: Finishing', true, 7);


--
-- Data for Name: activities; Type: TABLE DATA; Schema: public; Owner: postgres
--

INSERT INTO "public"."activities" ("activity_id", "lesson_id", "title", "type", "body_data", "is_homework", "order_by", "active", "is_summative", "notes") VALUES
	('bb550561-9a11-4d79-8736-b86374add18f', 'ca8445e2-364b-410d-922f-57c1c2f9bf44', 'Starter', 'show-video', '{"fileUrl": "https://www.youtube.com/watch?v=oqgk6fdjnno"}', false, 0, true, false, NULL),
	('4a4fe697-3bf4-46d9-abea-4b19008d94cd', 'ca8445e2-364b-410d-922f-57c1c2f9bf44', 'Test activity', 'file-download', NULL, false, 4, true, false, NULL),
	('65ef1c0f-cf6c-45a6-bff4-8cf9df8f3342', 'a433c9cb-aee5-4280-9b25-62a43ae4a53e', 'Example Automate - School Class', 'show-video', '{"fileUrl": "https://youtu.be/VUc2y4RpJtk?si=U4DiJsfYsMVgo0gu"}', false, 0, true, false, NULL),
	('776d3a9d-df1e-4010-ac30-9e470e2b5d7d', 'a433c9cb-aee5-4280-9b25-62a43ae4a53e', 'Example Automata - Seagulls', 'show-video', '{"fileUrl": "https://youtu.be/8NCCWeMjqhg?si=_DioAUeG9YBEAdvQ"}', false, 1, true, false, NULL),
	('7c11e0f0-11e2-44c4-a311-7e2b5d70444b', 'a433c9cb-aee5-4280-9b25-62a43ae4a53e', 'Example Automata - School Class', 'show-video', '{"fileUrl": "https://youtu.be/VUc2y4RpJtk?si=BHp6ZdKxgrBpPP4l"}', false, 2, true, false, NULL),
	('f144af23-9ee1-41d7-ad8f-e5e364096c23', 'a433c9cb-aee5-4280-9b25-62a43ae4a53e', 'Example Automata - School Class', 'show-video', '{"fileUrl": "https://www.youtube.com/watch?v=h5EWrFqXJYM"}', false, 3, true, false, NULL),
	('022f848f-633f-4eb3-a5bd-8fc68f27ea56', '60dcabc1-89b4-4e0c-a3cc-db96a05caca5', 'Test Activities', 'text', '{"text": ""}', false, 0, true, false, NULL),
	('57373ec3-327b-495f-9243-0b0ff3dcd3a9', 'abccd308-abc1-4433-ac35-207d0c2a3dbc', 'Adobe Smart Dress', 'show-video', '{"fileUrl": "https://youtube.com/shorts/JLXzte8lwHw?si=Nw14MRgyyRslrQyl"}', false, 0, true, false, NULL),
	('f2601c2e-7665-4ec0-b499-1fcf2687ebaa', 'abccd308-abc1-4433-ac35-207d0c2a3dbc', 'Shape Memory Metals', 'show-video', '{"fileUrl": "https://youtu.be/EctisdaJv8I?si=J3yeX6mzscdw_uaV"}', false, 1, true, false, NULL),
	('d54f8064-12cf-453c-bb9e-294c4552b38e', 'abccd308-abc1-4433-ac35-207d0c2a3dbc', 'Shape memory Alloys', 'show-video', '{"fileUrl": "https://youtube.com/shorts/Lq3zr2wo7dM?si=ZQ_WR-aHBaMbEO1O"}', false, 2, true, false, NULL),
	('2f2ca823-815c-4597-a095-bac4a89f0ac3', 'abccd308-abc1-4433-ac35-207d0c2a3dbc', 'Flame Blanket', 'show-video', '{"fileUrl": "https://youtube.com/shorts/bvNiyEtYawc?si=pyqzWjh96n_8wai_"}', false, 3, true, false, NULL),
	('e0493be4-ec66-4465-80e4-154712b8849d', '513d5ef7-b6a4-4c2c-b5c1-3cca7aef38cc', 'Test Activity', 'text', '{"text": "Hello, this is a test activity!"}', false, 0, true, false, NULL),
	('f7169062-49ff-4cc3-8cc0-ade1c351b419', 'fb2eb631-0dda-4b84-b5b2-5c5d7afeae2e', 'Demo: Walkthrough Pyramid', 'text', '{"text": ""}', false, 1, true, false, NULL),
	('e5d1135b-3875-4de3-9d0f-96771aa9267d', 'fb2eb631-0dda-4b84-b5b2-5c5d7afeae2e', 'Demo: Walkthrough Prism', 'text', '{"text": ""}', false, 0, true, false, NULL),
	('cc9011a4-e74f-4f84-9187-873d76dbdac7', 'ca8445e2-364b-410d-922f-57c1c2f9bf44', 'Download This File', 'file-download', NULL, false, 3, true, false, NULL),
	('578f8c15-1a95-4b39-881d-28b8afb542e2', 'ca8445e2-364b-410d-922f-57c1c2f9bf44', 'Listen', 'voice', '{"size": 11753, "duration": 5.012, "mimeType": "audio/webm;codecs=opus", "audioFile": "voice-1759276350915.webm"}', false, 2, true, false, NULL),
	('9e342d8f-3888-4355-8628-3a1676fe97ba', 'ca8445e2-364b-410d-922f-57c1c2f9bf44', 'New Video.....', 'show-video', '{"fileUrl": "https://www.youtube.com/watch?v=uvuymfuJx9Y"}', false, 1, true, false, NULL);


--
-- Data for Name: curricula; Type: TABLE DATA; Schema: public; Owner: postgres
--

INSERT INTO "public"."curricula" ("curriculum_id", "subject", "title", "description", "active") VALUES
	('30d9619d-f29e-419a-862b-e8e57eb2f68e', 'Design Technology', 'Design and Technology - KS3', NULL, true),
	('cee8b443-bf65-46f2-89d2-2f27c00ba031', 'Computing', 'Computing - KS3', NULL, true),
	('68d46181-9b4e-49a9-8a19-6d2c4c919269', 'Design Technology', 'Learn Onshape', NULL, true),
	('f197406b-d309-436f-9063-46bb8f3c2d89', 'Design Technology', 'Design and Technology - KS4', NULL, true),
	('7cf0c187-c196-49df-98dc-22d68c216ea2', 'Design Technology', 'Test Curriculum - TBD', NULL, false),
	('cb26ccd4-e21d-4284-adee-2cf4279d6540', 'Design Technology', 'Test Curriculum 2', NULL, false);


--
-- Data for Name: assessment_objectives; Type: TABLE DATA; Schema: public; Owner: postgres
--

INSERT INTO "public"."assessment_objectives" ("assessment_objective_id", "curriculum_id", "unit_id", "code", "title", "order_index") VALUES
	('0c718c20-dd56-4057-8303-d66e94f4876a', '30d9619d-f29e-419a-862b-e8e57eb2f68e', NULL, 'AO1', 'Investigate', 0),
	('30b7bd6c-a557-4742-8a86-305e73e51405', '30d9619d-f29e-419a-862b-e8e57eb2f68e', NULL, 'AO2', 'Design and Make', 1),
	('4a95a07c-f16e-4e00-af9c-1de772281ccd', '30d9619d-f29e-419a-862b-e8e57eb2f68e', NULL, 'AO3', 'Evaluate', 2),
	('bdde6eb2-c4c1-45cd-aca5-bc12f5cff3da', '30d9619d-f29e-419a-862b-e8e57eb2f68e', NULL, 'AO4', 'Knowledge', 3),
	('0093f351-651b-4596-8ebf-2fb4ece3d69d', '68d46181-9b4e-49a9-8a19-6d2c4c919269', NULL, 'AO1', 'Produce 3D Solid Models for Production.', 0),
	('0adc9fbc-0e55-40a9-a171-724900002ae2', 'cee8b443-bf65-46f2-89d2-2f27c00ba031', NULL, 'AO1', 'Knowledge', 0),
	('068e78c6-f10f-415f-bd92-5911863de95d', 'cee8b443-bf65-46f2-89d2-2f27c00ba031', NULL, 'AO2', 'Application', 1),
	('2d75e3d1-b9df-4a00-a98d-4125bf621c84', 'cee8b443-bf65-46f2-89d2-2f27c00ba031', NULL, 'AO3', 'Analysis', 2),
	('628c4da2-9e81-4418-a09d-35ef15d60664', 'f197406b-d309-436f-9063-46bb8f3c2d89', NULL, 'AO1', 'Demonstrate knowledge and understanding of design and technology, including principles, processes, and materials.', 0),
	('3553266c-30e4-4d62-8d50-8df7c4405e5f', 'f197406b-d309-436f-9063-46bb8f3c2d89', NULL, 'AO2', 'Apply knowledge and understanding of design and technology when designing and making products.', 1),
	('8cc414a8-97b2-4c86-8c9b-59281de29e06', 'f197406b-d309-436f-9063-46bb8f3c2d89', NULL, 'AO3', 'Analyse and evaluate design decisions and outcomes, including for prototypes and products made by themselves and others.', 2),
	('796657b2-5194-4791-9a57-30913527ff55', 'f197406b-d309-436f-9063-46bb8f3c2d89', NULL, 'AO4', 'Demonstrate and apply technical skills in making, testing, and refining design ideas and products.', 3),
	('0ef6384a-70f8-4870-8fdb-9515226feb8d', '68d46181-9b4e-49a9-8a19-6d2c4c919269', NULL, 'AO2', 'New assessment objective', 1),
	('51008e73-7d49-406c-82ce-a47574ab0466', '7cf0c187-c196-49df-98dc-22d68c216ea2', NULL, 'AO1', 'Investigate', 0),
	('5e7c520a-8fae-4335-a038-8a13836440b7', '7cf0c187-c196-49df-98dc-22d68c216ea2', NULL, 'AO4', 'Knowledge', 1),
	('40dfd5c1-b40d-434c-a2b9-be5b46b0806e', 'cb26ccd4-e21d-4284-adee-2cf4279d6540', NULL, 'AO1', 'Investigate', 0),
	('70eff390-4af4-4468-98dd-b9c72a921da8', 'cb26ccd4-e21d-4284-adee-2cf4279d6540', NULL, 'AO4', 'Knowledge', 1);


--
-- Data for Name: assignments; Type: TABLE DATA; Schema: public; Owner: postgres
--

INSERT INTO "public"."assignments" ("group_id", "unit_id", "start_date", "end_date", "active") VALUES
	('25-10-MA', 'UNIT001', '2023-10-01', '2023-10-31', true),
	('25-11-SC', 'UNIT002', '2023-10-01', '2023-10-31', true),
	('25-10-HI', 'UNIT003', '2025-09-28', '2025-10-04', false),
	('25-10-HI', 'UNIT003', '2025-09-21', '2025-10-04', true),
	('25-10-DT', 'UNIT004', '2025-09-14', '2025-09-20', false),
	('25-11-DT', 'UNIT004', '2025-09-14', '2025-09-20', false),
	('25-7A-DT', '701-ISOMETRIC-SKETCHING', '2025-09-21', '2025-11-15', true),
	('25-7B-DT', '701-ISOMETRIC-SKETCHING', '2025-09-21', '2025-11-15', true),
	('25-7C-DT', '701-ISOMETRIC-SKETCHING', '2025-09-21', '2025-11-15', true),
	('25-7D-DT', '701-ISOMETRIC-SKETCHING', '2025-09-21', '2025-11-15', true),
	('25-8A-DT', '801-CANDLE-HOLDER', '2025-09-21', '2025-12-11', true),
	('25-8B-DT', '801-CANDLE-HOLDER', '2025-09-21', '2025-12-11', true),
	('25-8C-DT', '801-CANDLE-HOLDER', '2025-09-21', '2025-12-11', true),
	('25-8D-DT', '801-CANDLE-HOLDER', '2025-09-21', '2025-12-11', true),
	('25-7A-IT', 'INDUCTION', '2025-09-08', '2025-09-27', true),
	('25-7B-IT', 'INDUCTION', '2025-09-08', '2025-09-27', true),
	('25-7C-IT', 'INDUCTION', '2025-09-08', '2025-09-27', true),
	('25-7D-IT', 'INDUCTION', '2025-09-08', '2025-09-27', true),
	('25-7A-IT', 'CATS', '2025-09-21', '2025-10-04', true),
	('25-7C-IT', 'CATS', '2025-09-21', '2025-10-04', true),
	('25-7D-IT', 'CATS', '2025-09-21', '2025-10-04', true),
	('25-7B-IT', 'CATS', '2025-09-21', '2025-10-04', true),
	('25-10-DT', '10-2-ONSHAPE-BASIC-SKILLS', '2025-09-14', '2025-10-25', true),
	('25-7A-DT', 'DT-INDUCTION', '2025-09-07', '2025-09-20', true),
	('25-9A-DT', 'UNIT004', '2025-09-21', '2025-12-20', true),
	('25-9B-DT', 'UNIT004', '2025-09-21', '2025-12-20', true),
	('25-9C-DT', 'UNIT004', '2025-09-21', '2025-12-20', true),
	('25-9D-DT', 'UNIT004', '2025-09-21', '2025-12-20', true),
	('25-8A-DT', 'INDUCTION', '2025-09-21', '2025-09-27', false),
	('25-8B-DT', 'INDUCTION', '2025-09-21', '2025-09-27', false),
	('25-8D-DT', 'INDUCTION', '2025-09-21', '2025-09-27', false),
	('25-8C-DT', 'INDUCTION', '2025-09-21', '2025-09-27', false),
	('25-8A-IT', 'INDUCTION', '2025-09-21', '2025-09-27', false),
	('25-10-DT', '1001-CORE-1', '2025-09-07', '2025-12-20', true),
	('25-7B-DT', 'DT-INDUCTION', '2025-09-07', '2025-09-20', true),
	('25-7C-DT', 'DT-INDUCTION', '2025-09-07', '2025-09-20', true),
	('25-7D-DT', 'DT-INDUCTION', '2025-09-07', '2025-09-20', true),
	('25-8B-DT', 'DT-INDUCTION', '2025-09-07', '2025-09-20', true),
	('25-8A-DT', 'DT-INDUCTION', '2025-09-07', '2025-09-20', true),
	('25-8D-DT', 'DT-INDUCTION', '2025-09-07', '2025-09-20', true),
	('25-11-DT', '701-ISOMETRIC-SKETCHING', '2025-09-21', '2025-10-11', false),
	('25-11-DT', '1001-CORE-1', '2025-09-14', '2025-10-25', true);


--
-- Data for Name: feedback; Type: TABLE DATA; Schema: public; Owner: postgres
--

INSERT INTO "public"."feedback" ("id", "user_id", "lesson_id", "success_criteria_id", "rating") VALUES
	(126, 'e25087b7-f44d-4ea5-a469-5f9543d69bf1', 'a1cad678-35ea-4a5b-b799-12ac2eb7c51f', 'f53315cb-f3b0-4328-8133-1f2c91f91bfe', 1),
	(149, 'da365bd8-7aa5-4ffb-acf0-2afaaf7152b6', 'a1cad678-35ea-4a5b-b799-12ac2eb7c51f', 'b59cca57-9e74-4a95-ad37-5db8c3383ebc', 1),
	(150, 'da365bd8-7aa5-4ffb-acf0-2afaaf7152b6', 'a1cad678-35ea-4a5b-b799-12ac2eb7c51f', 'f53315cb-f3b0-4328-8133-1f2c91f91bfe', 1),
	(1, '3352f5a2-3c8b-420e-90b7-d95ab6f1756c', 'a1cad678-35ea-4a5b-b799-12ac2eb7c51f', 'b59cca57-9e74-4a95-ad37-5db8c3383ebc', 1),
	(152, 'da365bd8-7aa5-4ffb-acf0-2afaaf7152b6', 'a1cad678-35ea-4a5b-b799-12ac2eb7c51f', '37fccff6-414c-463c-8d20-68489df1e0f3', 1),
	(153, 'da365bd8-7aa5-4ffb-acf0-2afaaf7152b6', 'a1cad678-35ea-4a5b-b799-12ac2eb7c51f', 'be239da2-aad5-4b97-951c-2ef1548752c1', -1),
	(171, 'da365bd8-7aa5-4ffb-acf0-2afaaf7152b6', 'a1cad678-35ea-4a5b-b799-12ac2eb7c51f', 'c6027ce2-2cb1-427e-8130-81ed9fac5d93', 1),
	(172, '63f9d3dd-c0ab-455d-b277-e1d6ed72cb2c', 'a1cad678-35ea-4a5b-b799-12ac2eb7c51f', 'b59cca57-9e74-4a95-ad37-5db8c3383ebc', 1),
	(55, '3352f5a2-3c8b-420e-90b7-d95ab6f1756c', 'a1cad678-35ea-4a5b-b799-12ac2eb7c51f', 'f53315cb-f3b0-4328-8133-1f2c91f91bfe', 1),
	(156, 'e25087b7-f44d-4ea5-a469-5f9543d69bf1', 'a1cad678-35ea-4a5b-b799-12ac2eb7c51f', 'f9966d00-d4a0-43b1-add4-6e4201ffe96b', 1),
	(176, '63f9d3dd-c0ab-455d-b277-e1d6ed72cb2c', 'a1cad678-35ea-4a5b-b799-12ac2eb7c51f', 'be239da2-aad5-4b97-951c-2ef1548752c1', -1),
	(537, 'e25087b7-f44d-4ea5-a469-5f9543d69bf1', '8d96130b-2336-46a1-a214-73ec4e7e980d', '54b4e504-7bd3-4133-8d20-39b1ee29181d', -1),
	(117, '3352f5a2-3c8b-420e-90b7-d95ab6f1756c', 'a1cad678-35ea-4a5b-b799-12ac2eb7c51f', 'c6027ce2-2cb1-427e-8130-81ed9fac5d93', 1),
	(110, '3352f5a2-3c8b-420e-90b7-d95ab6f1756c', 'a1cad678-35ea-4a5b-b799-12ac2eb7c51f', '37fccff6-414c-463c-8d20-68489df1e0f3', 1),
	(173, '63f9d3dd-c0ab-455d-b277-e1d6ed72cb2c', 'a1cad678-35ea-4a5b-b799-12ac2eb7c51f', 'f53315cb-f3b0-4328-8133-1f2c91f91bfe', 1),
	(174, '63f9d3dd-c0ab-455d-b277-e1d6ed72cb2c', 'a1cad678-35ea-4a5b-b799-12ac2eb7c51f', 'c6027ce2-2cb1-427e-8130-81ed9fac5d93', 1),
	(175, '63f9d3dd-c0ab-455d-b277-e1d6ed72cb2c', 'a1cad678-35ea-4a5b-b799-12ac2eb7c51f', '37fccff6-414c-463c-8d20-68489df1e0f3', 1),
	(123, 'a59a492b-cb3d-499e-9152-1b0793ce7b44', 'a1cad678-35ea-4a5b-b799-12ac2eb7c51f', 'b59cca57-9e74-4a95-ad37-5db8c3383ebc', 1),
	(124, 'e25087b7-f44d-4ea5-a469-5f9543d69bf1', 'a1cad678-35ea-4a5b-b799-12ac2eb7c51f', 'b59cca57-9e74-4a95-ad37-5db8c3383ebc', 1),
	(125, 'a59a492b-cb3d-499e-9152-1b0793ce7b44', 'a1cad678-35ea-4a5b-b799-12ac2eb7c51f', 'f53315cb-f3b0-4328-8133-1f2c91f91bfe', 1),
	(127, 'a59a492b-cb3d-499e-9152-1b0793ce7b44', 'a1cad678-35ea-4a5b-b799-12ac2eb7c51f', 'c6027ce2-2cb1-427e-8130-81ed9fac5d93', 1),
	(128, 'e25087b7-f44d-4ea5-a469-5f9543d69bf1', 'a1cad678-35ea-4a5b-b799-12ac2eb7c51f', '37fccff6-414c-463c-8d20-68489df1e0f3', 1),
	(129, 'e25087b7-f44d-4ea5-a469-5f9543d69bf1', 'a1cad678-35ea-4a5b-b799-12ac2eb7c51f', 'c6027ce2-2cb1-427e-8130-81ed9fac5d93', 1),
	(130, '1b83349c-3b8b-4ab0-aae9-470a4d085469', 'a1cad678-35ea-4a5b-b799-12ac2eb7c51f', '37fccff6-414c-463c-8d20-68489df1e0f3', 1),
	(131, '1b83349c-3b8b-4ab0-aae9-470a4d085469', 'a1cad678-35ea-4a5b-b799-12ac2eb7c51f', 'b59cca57-9e74-4a95-ad37-5db8c3383ebc', 1),
	(132, '1b83349c-3b8b-4ab0-aae9-470a4d085469', 'a1cad678-35ea-4a5b-b799-12ac2eb7c51f', 'f53315cb-f3b0-4328-8133-1f2c91f91bfe', 1),
	(134, 'a59a492b-cb3d-499e-9152-1b0793ce7b44', 'a1cad678-35ea-4a5b-b799-12ac2eb7c51f', '37fccff6-414c-463c-8d20-68489df1e0f3', 1),
	(136, '1b83349c-3b8b-4ab0-aae9-470a4d085469', 'a1cad678-35ea-4a5b-b799-12ac2eb7c51f', 'c6027ce2-2cb1-427e-8130-81ed9fac5d93', 1),
	(137, '1b83349c-3b8b-4ab0-aae9-470a4d085469', 'a1cad678-35ea-4a5b-b799-12ac2eb7c51f', '83b146f2-718e-4bc7-bbbc-73382cb05575', -1),
	(133, '1b83349c-3b8b-4ab0-aae9-470a4d085469', 'a1cad678-35ea-4a5b-b799-12ac2eb7c51f', 'be239da2-aad5-4b97-951c-2ef1548752c1', -1),
	(139, 'e25087b7-f44d-4ea5-a469-5f9543d69bf1', 'a1cad678-35ea-4a5b-b799-12ac2eb7c51f', 'be239da2-aad5-4b97-951c-2ef1548752c1', -1),
	(135, 'a59a492b-cb3d-499e-9152-1b0793ce7b44', 'a1cad678-35ea-4a5b-b799-12ac2eb7c51f', 'be239da2-aad5-4b97-951c-2ef1548752c1', -1),
	(141, 'e25087b7-f44d-4ea5-a469-5f9543d69bf1', 'a1cad678-35ea-4a5b-b799-12ac2eb7c51f', '83b146f2-718e-4bc7-bbbc-73382cb05575', -1),
	(142, 'a59a492b-cb3d-499e-9152-1b0793ce7b44', 'a1cad678-35ea-4a5b-b799-12ac2eb7c51f', '83b146f2-718e-4bc7-bbbc-73382cb05575', -1),
	(144, 'a59a492b-cb3d-499e-9152-1b0793ce7b44', 'a1cad678-35ea-4a5b-b799-12ac2eb7c51f', 'f9966d00-d4a0-43b1-add4-6e4201ffe96b', -1),
	(159, '3352f5a2-3c8b-420e-90b7-d95ab6f1756c', 'a1cad678-35ea-4a5b-b799-12ac2eb7c51f', 'f9966d00-d4a0-43b1-add4-6e4201ffe96b', 1),
	(145, '1b83349c-3b8b-4ab0-aae9-470a4d085469', 'a1cad678-35ea-4a5b-b799-12ac2eb7c51f', 'f9966d00-d4a0-43b1-add4-6e4201ffe96b', -1),
	(177, '63f9d3dd-c0ab-455d-b277-e1d6ed72cb2c', 'a1cad678-35ea-4a5b-b799-12ac2eb7c51f', '83b146f2-718e-4bc7-bbbc-73382cb05575', 1),
	(178, '63f9d3dd-c0ab-455d-b277-e1d6ed72cb2c', 'a1cad678-35ea-4a5b-b799-12ac2eb7c51f', 'f9966d00-d4a0-43b1-add4-6e4201ffe96b', 1),
	(182, '63f9d3dd-c0ab-455d-b277-e1d6ed72cb2c', '0c60fa60-a7ed-47f5-822e-94b3a02dc3a2', '32c9e025-e8ad-4d50-b25c-c59d2524b0cd', 1),
	(183, '63f9d3dd-c0ab-455d-b277-e1d6ed72cb2c', '0c60fa60-a7ed-47f5-822e-94b3a02dc3a2', '6bfdf9bd-d381-4313-b4b3-d0c6d1968a48', 1),
	(184, '63f9d3dd-c0ab-455d-b277-e1d6ed72cb2c', '0c60fa60-a7ed-47f5-822e-94b3a02dc3a2', 'fa9fc3d7-d789-4aef-b4d9-afc48fa628e3', 1),
	(536, 'e25087b7-f44d-4ea5-a469-5f9543d69bf1', '8d96130b-2336-46a1-a214-73ec4e7e980d', '5f2b7707-db53-4b6f-9890-fa65f9154e6d', 1),
	(488, '63f9d3dd-c0ab-455d-b277-e1d6ed72cb2c', 'fb2eb631-0dda-4b84-b5b2-5c5d7afeae2e', 'be239da2-aad5-4b97-951c-2ef1548752c1', 1),
	(492, 'e25087b7-f44d-4ea5-a469-5f9543d69bf1', 'fb2eb631-0dda-4b84-b5b2-5c5d7afeae2e', 'be239da2-aad5-4b97-951c-2ef1548752c1', 1),
	(496, '1b83349c-3b8b-4ab0-aae9-470a4d085469', 'fb2eb631-0dda-4b84-b5b2-5c5d7afeae2e', 'be239da2-aad5-4b97-951c-2ef1548752c1', 1),
	(538, '63f9d3dd-c0ab-455d-b277-e1d6ed72cb2c', '8d96130b-2336-46a1-a214-73ec4e7e980d', '5f2b7707-db53-4b6f-9890-fa65f9154e6d', 1),
	(202, 'd4b7fb1a-fc13-4878-ac15-2ac89009449a', '513d5ef7-b6a4-4c2c-b5c1-3cca7aef38cc', '5ce786a4-2aff-475d-9d50-e06ebc06a94a', 1),
	(203, '71fc12a2-b572-4853-869d-a31bbc71d7b7', '513d5ef7-b6a4-4c2c-b5c1-3cca7aef38cc', '5ce786a4-2aff-475d-9d50-e06ebc06a94a', 1),
	(204, 'dd25ed75-81f6-4275-b40a-78bb8c583b2a', '513d5ef7-b6a4-4c2c-b5c1-3cca7aef38cc', '5ce786a4-2aff-475d-9d50-e06ebc06a94a', 1),
	(205, '9bfaa2e6-87ca-423c-af3a-b29b40f5f5db', '513d5ef7-b6a4-4c2c-b5c1-3cca7aef38cc', '5ce786a4-2aff-475d-9d50-e06ebc06a94a', 1),
	(206, '693e7720-4a1b-4379-993d-4a99b1ab4c15', '513d5ef7-b6a4-4c2c-b5c1-3cca7aef38cc', '5ce786a4-2aff-475d-9d50-e06ebc06a94a', 1),
	(207, '6fd3433f-e468-4d21-b42b-36ea1ab60db7', '513d5ef7-b6a4-4c2c-b5c1-3cca7aef38cc', '5ce786a4-2aff-475d-9d50-e06ebc06a94a', 1),
	(209, '221ad246-e0a0-4f41-9fce-a245b9a857f7', '513d5ef7-b6a4-4c2c-b5c1-3cca7aef38cc', '5ce786a4-2aff-475d-9d50-e06ebc06a94a', 1),
	(210, '299700ea-30c7-4da4-996b-59f1ad159a19', '513d5ef7-b6a4-4c2c-b5c1-3cca7aef38cc', '5ce786a4-2aff-475d-9d50-e06ebc06a94a', 1),
	(211, '8896700d-4f9e-466f-8b1b-f3d24de12076', '513d5ef7-b6a4-4c2c-b5c1-3cca7aef38cc', '5ce786a4-2aff-475d-9d50-e06ebc06a94a', 1),
	(212, 'cb62c43b-aca7-491a-949d-fb395e5ae1e2', '513d5ef7-b6a4-4c2c-b5c1-3cca7aef38cc', '5ce786a4-2aff-475d-9d50-e06ebc06a94a', 1),
	(213, '2ec08e87-597a-4c62-91f5-7611d54019f7', '513d5ef7-b6a4-4c2c-b5c1-3cca7aef38cc', '5ce786a4-2aff-475d-9d50-e06ebc06a94a', 1),
	(214, '14b19cda-dd95-4ead-bf2e-9cb53d0c9524', '513d5ef7-b6a4-4c2c-b5c1-3cca7aef38cc', '5ce786a4-2aff-475d-9d50-e06ebc06a94a', 1),
	(215, '6c3bc1a2-792e-434e-9098-27065b69bacf', '513d5ef7-b6a4-4c2c-b5c1-3cca7aef38cc', '5ce786a4-2aff-475d-9d50-e06ebc06a94a', 1),
	(216, '25e0ec02-c0f2-4a5b-b705-49976155939d', '513d5ef7-b6a4-4c2c-b5c1-3cca7aef38cc', '5ce786a4-2aff-475d-9d50-e06ebc06a94a', 1),
	(208, 'e1ee44b9-0153-4d85-ab89-131b71189383', '513d5ef7-b6a4-4c2c-b5c1-3cca7aef38cc', '5ce786a4-2aff-475d-9d50-e06ebc06a94a', -1),
	(218, 'e67e364e-6521-471f-afad-d1b2002733c7', '513d5ef7-b6a4-4c2c-b5c1-3cca7aef38cc', '5ce786a4-2aff-475d-9d50-e06ebc06a94a', -1),
	(265, '0624a38a-8a1a-45f7-93a7-cba3b6c78794', '513d5ef7-b6a4-4c2c-b5c1-3cca7aef38cc', '5ce786a4-2aff-475d-9d50-e06ebc06a94a', 1),
	(266, 'fc6f7281-baf1-4c72-81fe-b91e78dfc685', '513d5ef7-b6a4-4c2c-b5c1-3cca7aef38cc', '5ce786a4-2aff-475d-9d50-e06ebc06a94a', 1),
	(267, 'c6502fb1-8970-456f-ab45-ff3ab0584dd3', '513d5ef7-b6a4-4c2c-b5c1-3cca7aef38cc', '5ce786a4-2aff-475d-9d50-e06ebc06a94a', 1),
	(268, '6df706e1-deb4-4548-81cc-82d2fd481c05', '513d5ef7-b6a4-4c2c-b5c1-3cca7aef38cc', '5ce786a4-2aff-475d-9d50-e06ebc06a94a', 1),
	(269, 'f4edc5de-aa0a-4cf1-8590-15275633126e', '513d5ef7-b6a4-4c2c-b5c1-3cca7aef38cc', '5ce786a4-2aff-475d-9d50-e06ebc06a94a', 1),
	(489, '63f9d3dd-c0ab-455d-b277-e1d6ed72cb2c', 'fb2eb631-0dda-4b84-b5b2-5c5d7afeae2e', 'f9966d00-d4a0-43b1-add4-6e4201ffe96b', 1),
	(271, '2709f3c7-a488-467c-9c44-de36e1e9efda', '513d5ef7-b6a4-4c2c-b5c1-3cca7aef38cc', '5ce786a4-2aff-475d-9d50-e06ebc06a94a', 1),
	(272, '5e569c2b-17ee-4b5d-af58-820b9c9882df', '513d5ef7-b6a4-4c2c-b5c1-3cca7aef38cc', '5ce786a4-2aff-475d-9d50-e06ebc06a94a', 1),
	(273, '7ce65557-6f3b-4637-b771-b903f70ab024', '513d5ef7-b6a4-4c2c-b5c1-3cca7aef38cc', '5ce786a4-2aff-475d-9d50-e06ebc06a94a', 1),
	(274, '41be1008-67a4-4e15-95fb-36f5c333f13f', '513d5ef7-b6a4-4c2c-b5c1-3cca7aef38cc', '5ce786a4-2aff-475d-9d50-e06ebc06a94a', 1),
	(258, 'e19a785b-0e0f-40b4-b839-c6ba381f5351', '513d5ef7-b6a4-4c2c-b5c1-3cca7aef38cc', '5ce786a4-2aff-475d-9d50-e06ebc06a94a', -1),
	(270, 'a743e51a-3552-4915-8d77-edc57715a677', '513d5ef7-b6a4-4c2c-b5c1-3cca7aef38cc', '5ce786a4-2aff-475d-9d50-e06ebc06a94a', -1),
	(313, '63f9d3dd-c0ab-455d-b277-e1d6ed72cb2c', 'cedd9f2e-34c0-46ed-88a5-a3fdfd9fc7cf', '32c9e025-e8ad-4d50-b25c-c59d2524b0cd', 1),
	(314, '63f9d3dd-c0ab-455d-b277-e1d6ed72cb2c', 'cedd9f2e-34c0-46ed-88a5-a3fdfd9fc7cf', '6bfdf9bd-d381-4313-b4b3-d0c6d1968a48', 1),
	(315, '63f9d3dd-c0ab-455d-b277-e1d6ed72cb2c', 'cedd9f2e-34c0-46ed-88a5-a3fdfd9fc7cf', 'fa9fc3d7-d789-4aef-b4d9-afc48fa628e3', 1),
	(316, 'd4b7fb1a-fc13-4878-ac15-2ac89009449a', '8d96130b-2336-46a1-a214-73ec4e7e980d', '5f2b7707-db53-4b6f-9890-fa65f9154e6d', 1),
	(493, 'e25087b7-f44d-4ea5-a469-5f9543d69bf1', 'fb2eb631-0dda-4b84-b5b2-5c5d7afeae2e', 'f9966d00-d4a0-43b1-add4-6e4201ffe96b', 1),
	(257, 'a8bb99b2-5bf9-4b92-9e54-2c1843b7300b', '513d5ef7-b6a4-4c2c-b5c1-3cca7aef38cc', '5ce786a4-2aff-475d-9d50-e06ebc06a94a', 1),
	(259, '59e6f57c-7b4e-4c5c-85c2-ae95990e692a', '513d5ef7-b6a4-4c2c-b5c1-3cca7aef38cc', '5ce786a4-2aff-475d-9d50-e06ebc06a94a', 1),
	(260, '1ceb90c6-1724-47a9-a8ee-b360a9640298', '513d5ef7-b6a4-4c2c-b5c1-3cca7aef38cc', '5ce786a4-2aff-475d-9d50-e06ebc06a94a', 1),
	(261, 'baa7c664-9065-4cb9-9baa-69d385e7bcbe', '513d5ef7-b6a4-4c2c-b5c1-3cca7aef38cc', '5ce786a4-2aff-475d-9d50-e06ebc06a94a', 1),
	(262, '5a2b3e7a-2276-43b0-8bde-bec7677c3ed2', '513d5ef7-b6a4-4c2c-b5c1-3cca7aef38cc', '5ce786a4-2aff-475d-9d50-e06ebc06a94a', 1),
	(263, '0a976181-0665-4c8b-a843-bb4b743de561', '513d5ef7-b6a4-4c2c-b5c1-3cca7aef38cc', '5ce786a4-2aff-475d-9d50-e06ebc06a94a', 1),
	(264, 'b2b6227a-0371-48be-8a6a-1ca741597953', '513d5ef7-b6a4-4c2c-b5c1-3cca7aef38cc', '5ce786a4-2aff-475d-9d50-e06ebc06a94a', 1),
	(317, 'd4b7fb1a-fc13-4878-ac15-2ac89009449a', '8d96130b-2336-46a1-a214-73ec4e7e980d', '54b4e504-7bd3-4133-8d20-39b1ee29181d', 1),
	(318, '71fc12a2-b572-4853-869d-a31bbc71d7b7', '8d96130b-2336-46a1-a214-73ec4e7e980d', '5f2b7707-db53-4b6f-9890-fa65f9154e6d', 1),
	(319, '71fc12a2-b572-4853-869d-a31bbc71d7b7', '8d96130b-2336-46a1-a214-73ec4e7e980d', '54b4e504-7bd3-4133-8d20-39b1ee29181d', 1),
	(320, 'dd25ed75-81f6-4275-b40a-78bb8c583b2a', '8d96130b-2336-46a1-a214-73ec4e7e980d', '5f2b7707-db53-4b6f-9890-fa65f9154e6d', 1),
	(321, 'dd25ed75-81f6-4275-b40a-78bb8c583b2a', '8d96130b-2336-46a1-a214-73ec4e7e980d', '54b4e504-7bd3-4133-8d20-39b1ee29181d', 1),
	(322, '9bfaa2e6-87ca-423c-af3a-b29b40f5f5db', '8d96130b-2336-46a1-a214-73ec4e7e980d', '5f2b7707-db53-4b6f-9890-fa65f9154e6d', 1),
	(325, '693e7720-4a1b-4379-993d-4a99b1ab4c15', '8d96130b-2336-46a1-a214-73ec4e7e980d', '54b4e504-7bd3-4133-8d20-39b1ee29181d', 1),
	(328, 'e1ee44b9-0153-4d85-ab89-131b71189383', '8d96130b-2336-46a1-a214-73ec4e7e980d', '5f2b7707-db53-4b6f-9890-fa65f9154e6d', 1),
	(331, '221ad246-e0a0-4f41-9fce-a245b9a857f7', '8d96130b-2336-46a1-a214-73ec4e7e980d', '54b4e504-7bd3-4133-8d20-39b1ee29181d', 1),
	(334, '2ec08e87-597a-4c62-91f5-7611d54019f7', '8d96130b-2336-46a1-a214-73ec4e7e980d', '5f2b7707-db53-4b6f-9890-fa65f9154e6d', 1),
	(337, 'cb62c43b-aca7-491a-949d-fb395e5ae1e2', '8d96130b-2336-46a1-a214-73ec4e7e980d', '54b4e504-7bd3-4133-8d20-39b1ee29181d', 1),
	(340, 'e67e364e-6521-471f-afad-d1b2002733c7', '8d96130b-2336-46a1-a214-73ec4e7e980d', '5f2b7707-db53-4b6f-9890-fa65f9154e6d', 1),
	(343, '14b19cda-dd95-4ead-bf2e-9cb53d0c9524', '8d96130b-2336-46a1-a214-73ec4e7e980d', '54b4e504-7bd3-4133-8d20-39b1ee29181d', 1),
	(347, '25e0ec02-c0f2-4a5b-b705-49976155939d', '8d96130b-2336-46a1-a214-73ec4e7e980d', '54b4e504-7bd3-4133-8d20-39b1ee29181d', 1),
	(348, 'bb07d668-59ac-4ce9-a11f-64193b347cf4', '8d96130b-2336-46a1-a214-73ec4e7e980d', '5f2b7707-db53-4b6f-9890-fa65f9154e6d', 1),
	(351, 'a8bb99b2-5bf9-4b92-9e54-2c1843b7300b', '8d96130b-2336-46a1-a214-73ec4e7e980d', '54b4e504-7bd3-4133-8d20-39b1ee29181d', 1),
	(354, '59e6f57c-7b4e-4c5c-85c2-ae95990e692a', '8d96130b-2336-46a1-a214-73ec4e7e980d', '5f2b7707-db53-4b6f-9890-fa65f9154e6d', 1),
	(357, '1ceb90c6-1724-47a9-a8ee-b360a9640298', '8d96130b-2336-46a1-a214-73ec4e7e980d', '54b4e504-7bd3-4133-8d20-39b1ee29181d', 1),
	(360, '5a2b3e7a-2276-43b0-8bde-bec7677c3ed2', '8d96130b-2336-46a1-a214-73ec4e7e980d', '5f2b7707-db53-4b6f-9890-fa65f9154e6d', 1),
	(490, '3352f5a2-3c8b-420e-90b7-d95ab6f1756c', 'fb2eb631-0dda-4b84-b5b2-5c5d7afeae2e', 'be239da2-aad5-4b97-951c-2ef1548752c1', 1),
	(494, 'a59a492b-cb3d-499e-9152-1b0793ce7b44', 'fb2eb631-0dda-4b84-b5b2-5c5d7afeae2e', 'be239da2-aad5-4b97-951c-2ef1548752c1', 1),
	(498, 'da365bd8-7aa5-4ffb-acf0-2afaaf7152b6', 'fb2eb631-0dda-4b84-b5b2-5c5d7afeae2e', 'be239da2-aad5-4b97-951c-2ef1548752c1', 1),
	(497, '1b83349c-3b8b-4ab0-aae9-470a4d085469', 'fb2eb631-0dda-4b84-b5b2-5c5d7afeae2e', 'f9966d00-d4a0-43b1-add4-6e4201ffe96b', -1),
	(323, '9bfaa2e6-87ca-423c-af3a-b29b40f5f5db', '8d96130b-2336-46a1-a214-73ec4e7e980d', '54b4e504-7bd3-4133-8d20-39b1ee29181d', 1),
	(326, '6fd3433f-e468-4d21-b42b-36ea1ab60db7', '8d96130b-2336-46a1-a214-73ec4e7e980d', '5f2b7707-db53-4b6f-9890-fa65f9154e6d', 1),
	(329, 'e1ee44b9-0153-4d85-ab89-131b71189383', '8d96130b-2336-46a1-a214-73ec4e7e980d', '54b4e504-7bd3-4133-8d20-39b1ee29181d', 1),
	(332, '299700ea-30c7-4da4-996b-59f1ad159a19', '8d96130b-2336-46a1-a214-73ec4e7e980d', '5f2b7707-db53-4b6f-9890-fa65f9154e6d', 1),
	(335, '2ec08e87-597a-4c62-91f5-7611d54019f7', '8d96130b-2336-46a1-a214-73ec4e7e980d', '54b4e504-7bd3-4133-8d20-39b1ee29181d', 1),
	(338, '8896700d-4f9e-466f-8b1b-f3d24de12076', '8d96130b-2336-46a1-a214-73ec4e7e980d', '5f2b7707-db53-4b6f-9890-fa65f9154e6d', 1),
	(341, 'e67e364e-6521-471f-afad-d1b2002733c7', '8d96130b-2336-46a1-a214-73ec4e7e980d', '54b4e504-7bd3-4133-8d20-39b1ee29181d', 1),
	(344, '6c3bc1a2-792e-434e-9098-27065b69bacf', '8d96130b-2336-46a1-a214-73ec4e7e980d', '5f2b7707-db53-4b6f-9890-fa65f9154e6d', 1),
	(345, '6c3bc1a2-792e-434e-9098-27065b69bacf', '8d96130b-2336-46a1-a214-73ec4e7e980d', '54b4e504-7bd3-4133-8d20-39b1ee29181d', 1),
	(349, 'bb07d668-59ac-4ce9-a11f-64193b347cf4', '8d96130b-2336-46a1-a214-73ec4e7e980d', '54b4e504-7bd3-4133-8d20-39b1ee29181d', 1),
	(352, 'e19a785b-0e0f-40b4-b839-c6ba381f5351', '8d96130b-2336-46a1-a214-73ec4e7e980d', '5f2b7707-db53-4b6f-9890-fa65f9154e6d', 1),
	(355, '59e6f57c-7b4e-4c5c-85c2-ae95990e692a', '8d96130b-2336-46a1-a214-73ec4e7e980d', '54b4e504-7bd3-4133-8d20-39b1ee29181d', 1),
	(358, 'baa7c664-9065-4cb9-9baa-69d385e7bcbe', '8d96130b-2336-46a1-a214-73ec4e7e980d', '5f2b7707-db53-4b6f-9890-fa65f9154e6d', 1),
	(491, '3352f5a2-3c8b-420e-90b7-d95ab6f1756c', 'fb2eb631-0dda-4b84-b5b2-5c5d7afeae2e', 'f9966d00-d4a0-43b1-add4-6e4201ffe96b', 1),
	(495, 'a59a492b-cb3d-499e-9152-1b0793ce7b44', 'fb2eb631-0dda-4b84-b5b2-5c5d7afeae2e', 'f9966d00-d4a0-43b1-add4-6e4201ffe96b', 1),
	(499, 'da365bd8-7aa5-4ffb-acf0-2afaaf7152b6', 'fb2eb631-0dda-4b84-b5b2-5c5d7afeae2e', 'f9966d00-d4a0-43b1-add4-6e4201ffe96b', -1),
	(324, '693e7720-4a1b-4379-993d-4a99b1ab4c15', '8d96130b-2336-46a1-a214-73ec4e7e980d', '5f2b7707-db53-4b6f-9890-fa65f9154e6d', 1),
	(327, '6fd3433f-e468-4d21-b42b-36ea1ab60db7', '8d96130b-2336-46a1-a214-73ec4e7e980d', '54b4e504-7bd3-4133-8d20-39b1ee29181d', 1),
	(330, '221ad246-e0a0-4f41-9fce-a245b9a857f7', '8d96130b-2336-46a1-a214-73ec4e7e980d', '5f2b7707-db53-4b6f-9890-fa65f9154e6d', 1),
	(333, '299700ea-30c7-4da4-996b-59f1ad159a19', '8d96130b-2336-46a1-a214-73ec4e7e980d', '54b4e504-7bd3-4133-8d20-39b1ee29181d', 1),
	(336, 'cb62c43b-aca7-491a-949d-fb395e5ae1e2', '8d96130b-2336-46a1-a214-73ec4e7e980d', '5f2b7707-db53-4b6f-9890-fa65f9154e6d', 1),
	(339, '8896700d-4f9e-466f-8b1b-f3d24de12076', '8d96130b-2336-46a1-a214-73ec4e7e980d', '54b4e504-7bd3-4133-8d20-39b1ee29181d', 1),
	(342, '14b19cda-dd95-4ead-bf2e-9cb53d0c9524', '8d96130b-2336-46a1-a214-73ec4e7e980d', '5f2b7707-db53-4b6f-9890-fa65f9154e6d', 1),
	(346, '25e0ec02-c0f2-4a5b-b705-49976155939d', '8d96130b-2336-46a1-a214-73ec4e7e980d', '5f2b7707-db53-4b6f-9890-fa65f9154e6d', 1),
	(350, 'a8bb99b2-5bf9-4b92-9e54-2c1843b7300b', '8d96130b-2336-46a1-a214-73ec4e7e980d', '5f2b7707-db53-4b6f-9890-fa65f9154e6d', 1),
	(353, 'e19a785b-0e0f-40b4-b839-c6ba381f5351', '8d96130b-2336-46a1-a214-73ec4e7e980d', '54b4e504-7bd3-4133-8d20-39b1ee29181d', 1),
	(356, '1ceb90c6-1724-47a9-a8ee-b360a9640298', '8d96130b-2336-46a1-a214-73ec4e7e980d', '5f2b7707-db53-4b6f-9890-fa65f9154e6d', 1),
	(359, 'baa7c664-9065-4cb9-9baa-69d385e7bcbe', '8d96130b-2336-46a1-a214-73ec4e7e980d', '54b4e504-7bd3-4133-8d20-39b1ee29181d', 1),
	(361, '5a2b3e7a-2276-43b0-8bde-bec7677c3ed2', '8d96130b-2336-46a1-a214-73ec4e7e980d', '54b4e504-7bd3-4133-8d20-39b1ee29181d', 1),
	(362, '0a976181-0665-4c8b-a843-bb4b743de561', '8d96130b-2336-46a1-a214-73ec4e7e980d', '5f2b7707-db53-4b6f-9890-fa65f9154e6d', 1),
	(363, '0a976181-0665-4c8b-a843-bb4b743de561', '8d96130b-2336-46a1-a214-73ec4e7e980d', '54b4e504-7bd3-4133-8d20-39b1ee29181d', 1),
	(364, 'b2b6227a-0371-48be-8a6a-1ca741597953', '8d96130b-2336-46a1-a214-73ec4e7e980d', '5f2b7707-db53-4b6f-9890-fa65f9154e6d', 1),
	(365, 'b2b6227a-0371-48be-8a6a-1ca741597953', '8d96130b-2336-46a1-a214-73ec4e7e980d', '54b4e504-7bd3-4133-8d20-39b1ee29181d', 1),
	(366, '0624a38a-8a1a-45f7-93a7-cba3b6c78794', '8d96130b-2336-46a1-a214-73ec4e7e980d', '5f2b7707-db53-4b6f-9890-fa65f9154e6d', 1),
	(367, '0624a38a-8a1a-45f7-93a7-cba3b6c78794', '8d96130b-2336-46a1-a214-73ec4e7e980d', '54b4e504-7bd3-4133-8d20-39b1ee29181d', 1),
	(368, 'fc6f7281-baf1-4c72-81fe-b91e78dfc685', '8d96130b-2336-46a1-a214-73ec4e7e980d', '5f2b7707-db53-4b6f-9890-fa65f9154e6d', 1),
	(369, 'fc6f7281-baf1-4c72-81fe-b91e78dfc685', '8d96130b-2336-46a1-a214-73ec4e7e980d', '54b4e504-7bd3-4133-8d20-39b1ee29181d', 1),
	(370, 'c6502fb1-8970-456f-ab45-ff3ab0584dd3', '8d96130b-2336-46a1-a214-73ec4e7e980d', '5f2b7707-db53-4b6f-9890-fa65f9154e6d', 1),
	(371, 'c6502fb1-8970-456f-ab45-ff3ab0584dd3', '8d96130b-2336-46a1-a214-73ec4e7e980d', '54b4e504-7bd3-4133-8d20-39b1ee29181d', 1),
	(372, '6df706e1-deb4-4548-81cc-82d2fd481c05', '8d96130b-2336-46a1-a214-73ec4e7e980d', '5f2b7707-db53-4b6f-9890-fa65f9154e6d', 1),
	(373, '6df706e1-deb4-4548-81cc-82d2fd481c05', '8d96130b-2336-46a1-a214-73ec4e7e980d', '54b4e504-7bd3-4133-8d20-39b1ee29181d', 1),
	(374, 'f4edc5de-aa0a-4cf1-8590-15275633126e', '8d96130b-2336-46a1-a214-73ec4e7e980d', '5f2b7707-db53-4b6f-9890-fa65f9154e6d', 1),
	(375, 'f4edc5de-aa0a-4cf1-8590-15275633126e', '8d96130b-2336-46a1-a214-73ec4e7e980d', '54b4e504-7bd3-4133-8d20-39b1ee29181d', 1),
	(376, 'a743e51a-3552-4915-8d77-edc57715a677', '8d96130b-2336-46a1-a214-73ec4e7e980d', '5f2b7707-db53-4b6f-9890-fa65f9154e6d', 1),
	(377, 'a743e51a-3552-4915-8d77-edc57715a677', '8d96130b-2336-46a1-a214-73ec4e7e980d', '54b4e504-7bd3-4133-8d20-39b1ee29181d', 1),
	(378, '2709f3c7-a488-467c-9c44-de36e1e9efda', '8d96130b-2336-46a1-a214-73ec4e7e980d', '5f2b7707-db53-4b6f-9890-fa65f9154e6d', 1),
	(379, '2709f3c7-a488-467c-9c44-de36e1e9efda', '8d96130b-2336-46a1-a214-73ec4e7e980d', '54b4e504-7bd3-4133-8d20-39b1ee29181d', 1),
	(380, '5e569c2b-17ee-4b5d-af58-820b9c9882df', '8d96130b-2336-46a1-a214-73ec4e7e980d', '5f2b7707-db53-4b6f-9890-fa65f9154e6d', 1),
	(381, '5e569c2b-17ee-4b5d-af58-820b9c9882df', '8d96130b-2336-46a1-a214-73ec4e7e980d', '54b4e504-7bd3-4133-8d20-39b1ee29181d', 1),
	(382, '7ce65557-6f3b-4637-b771-b903f70ab024', '8d96130b-2336-46a1-a214-73ec4e7e980d', '5f2b7707-db53-4b6f-9890-fa65f9154e6d', 1),
	(383, '7ce65557-6f3b-4637-b771-b903f70ab024', '8d96130b-2336-46a1-a214-73ec4e7e980d', '54b4e504-7bd3-4133-8d20-39b1ee29181d', 1),
	(384, '41be1008-67a4-4e15-95fb-36f5c333f13f', '8d96130b-2336-46a1-a214-73ec4e7e980d', '5f2b7707-db53-4b6f-9890-fa65f9154e6d', 1),
	(385, '41be1008-67a4-4e15-95fb-36f5c333f13f', '8d96130b-2336-46a1-a214-73ec4e7e980d', '54b4e504-7bd3-4133-8d20-39b1ee29181d', 1),
	(393, '63f9d3dd-c0ab-455d-b277-e1d6ed72cb2c', '5b4f0a5e-d001-443d-a141-1605d5f5d831', '37fccff6-414c-463c-8d20-68489df1e0f3', 1),
	(394, '63f9d3dd-c0ab-455d-b277-e1d6ed72cb2c', '5b4f0a5e-d001-443d-a141-1605d5f5d831', '83b146f2-718e-4bc7-bbbc-73382cb05575', 1),
	(395, '3352f5a2-3c8b-420e-90b7-d95ab6f1756c', '5b4f0a5e-d001-443d-a141-1605d5f5d831', '37fccff6-414c-463c-8d20-68489df1e0f3', 1),
	(396, '3352f5a2-3c8b-420e-90b7-d95ab6f1756c', '5b4f0a5e-d001-443d-a141-1605d5f5d831', '83b146f2-718e-4bc7-bbbc-73382cb05575', 1),
	(397, 'e25087b7-f44d-4ea5-a469-5f9543d69bf1', '5b4f0a5e-d001-443d-a141-1605d5f5d831', '37fccff6-414c-463c-8d20-68489df1e0f3', 1),
	(398, 'e25087b7-f44d-4ea5-a469-5f9543d69bf1', '5b4f0a5e-d001-443d-a141-1605d5f5d831', '83b146f2-718e-4bc7-bbbc-73382cb05575', 1),
	(399, 'a59a492b-cb3d-499e-9152-1b0793ce7b44', '5b4f0a5e-d001-443d-a141-1605d5f5d831', '37fccff6-414c-463c-8d20-68489df1e0f3', 1),
	(400, 'a59a492b-cb3d-499e-9152-1b0793ce7b44', '5b4f0a5e-d001-443d-a141-1605d5f5d831', '83b146f2-718e-4bc7-bbbc-73382cb05575', 1),
	(401, '1b83349c-3b8b-4ab0-aae9-470a4d085469', '5b4f0a5e-d001-443d-a141-1605d5f5d831', '37fccff6-414c-463c-8d20-68489df1e0f3', 1),
	(402, '1b83349c-3b8b-4ab0-aae9-470a4d085469', '5b4f0a5e-d001-443d-a141-1605d5f5d831', '83b146f2-718e-4bc7-bbbc-73382cb05575', 1),
	(403, 'da365bd8-7aa5-4ffb-acf0-2afaaf7152b6', '5b4f0a5e-d001-443d-a141-1605d5f5d831', '37fccff6-414c-463c-8d20-68489df1e0f3', 1),
	(404, 'da365bd8-7aa5-4ffb-acf0-2afaaf7152b6', '5b4f0a5e-d001-443d-a141-1605d5f5d831', '83b146f2-718e-4bc7-bbbc-73382cb05575', 1),
	(405, '47096e19-2f45-4b45-8e60-f9d71eef8168', '5b4f0a5e-d001-443d-a141-1605d5f5d831', '37fccff6-414c-463c-8d20-68489df1e0f3', 1),
	(406, '47096e19-2f45-4b45-8e60-f9d71eef8168', '5b4f0a5e-d001-443d-a141-1605d5f5d831', '83b146f2-718e-4bc7-bbbc-73382cb05575', 1);


--
-- Data for Name: groups; Type: TABLE DATA; Schema: public; Owner: postgres
--

INSERT INTO "public"."groups" ("group_id", "created_at", "join_code", "subject", "active") VALUES
	('test 1', '2025-09-19 13:03:45.763437+00', 'TLAMU', 'Science', false),
	('test', '2025-09-19 12:47:33.511516+00', 'ZAQQM', 'Mathematics', false),
	('25-9-SC-1', '2025-09-19 12:28:27.405256+00', 'A1YL8', 'Science', false),
	('25-10-DT', '2025-09-19 14:25:08.828462+00', 'LO4ER', 'Design Technology', true),
	('25-12-SC', '2025-09-19 15:59:35.564661+00', 'MA94Y', 'Science', false),
	('25-11-MA', '2025-09-19 12:13:05.524048+00', '9GJ6I', 'Mathematics', false),
	('25-10-HI', '2025-09-19 11:10:04.761989+00', 'JOIN789', 'History', false),
	('25-11-SC', '2025-09-19 11:10:04.761989+00', 'JOIN456', 'Science', false),
	('25-10-MA', '2025-09-19 11:10:04.761989+00', 'JOIN123', 'Mathematics', false),
	('25-11-DT', '2025-09-20 14:00:36.049814+00', '1H7BX', 'Design Technology', true),
	('test-001', '2025-09-20 14:47:42.307132+00', '8NGVG', 'Mathematics', false),
	('25-07-DT', '2025-09-20 14:06:36.777019+00', 'Y70DB', 'Design Technology', false),
	('25-7A-DT', '2025-09-20 16:00:21.616613+00', 'E7PST', 'Design Technology', true),
	('25-7B-DT', '2025-09-20 16:00:43.311819+00', '0PIBE', 'Design Technology', true),
	('25-7C-DT', '2025-09-20 16:00:53.785743+00', 'I2NBN', 'Design Technology', true),
	('25-7D-DT', '2025-09-20 16:01:05.125056+00', '0LCU6', 'Design Technology', true),
	('25-8A-DT', '2025-09-20 16:25:27.630158+00', 'TM9JL', 'Design Technology', true),
	('25-8B-DT', '2025-09-20 16:25:41.109569+00', '91DK5', 'Design Technology', true),
	('25-8D-DT', '2025-09-20 16:26:27.804059+00', 'WDVLT', 'Design Technology', true),
	('25-7A-IT', '2025-09-21 09:40:22.433495+00', '8K9QJ', 'Computing', true),
	('25-7B-IT', '2025-09-21 09:41:21.255919+00', 'NPQAY', 'Computing', true),
	('25-7C-IT', '2025-09-21 09:41:50.134654+00', '67U8D', 'Computing', true),
	('25-7D-IT', '2025-09-21 09:42:04.572643+00', '17N03', 'Computing', true),
	('25-8A-IT', '2025-09-21 13:26:27.965128+00', '0VGGH', 'Computing', true),
	('25-8B-IT', '2025-09-21 13:26:28.65029+00', '9G0K2', 'Computing', true),
	('25-8C-IT', '2025-09-21 13:26:29.204477+00', '78HRD', 'Computing', true),
	('25-8D-IT', '2025-09-21 13:26:29.539136+00', 'K8EN1', 'Computing', true),
	('25-9A-IT', '2025-09-21 13:27:12.071068+00', 'J5UC0', 'Computing', true),
	('25-9B-IT', '2025-09-21 13:27:12.66961+00', 'NCNY7', 'Computing', true),
	('25-9C-IT', '2025-09-21 13:27:13.323083+00', 'JI2UY', 'Computing', true),
	('25-9D-IT', '2025-09-21 13:27:13.986861+00', 'FYZAW', 'Computing', true),
	('25-9A-DT', '2025-09-21 13:27:58.107692+00', '8A0O9', 'Design Technology', true),
	('25-9B-DT25-9C-DT25-9D-DT', '2025-09-21 13:27:58.639042+00', 'DM2OV', 'Design Technology', false),
	('25-9B-DT', '2025-09-21 13:29:00.212377+00', '8KM01', 'Design Technology', true),
	('25-9C-DT', '2025-09-21 13:29:00.794177+00', 'M8352', 'Design Technology', true),
	('25-9D-DT', '2025-09-21 13:29:01.589882+00', 'CX2D1', 'Design Technology', true),
	('25-8C-DT', '2025-09-20 16:25:59.937745+00', '9DFLI', 'Design Technology', true);


--
-- Data for Name: group_membership; Type: TABLE DATA; Schema: public; Owner: postgres
--

INSERT INTO "public"."group_membership" ("group_id", "user_id", "role") VALUES
	('25-7A-DT', '3352f5a2-3c8b-420e-90b7-d95ab6f1756c', 'pupil'),
	('25-7A-DT', 'e25087b7-f44d-4ea5-a469-5f9543d69bf1', 'pupil'),
	('25-7A-DT', 'a59a492b-cb3d-499e-9152-1b0793ce7b44', 'pupil'),
	('25-7A-DT', '1b83349c-3b8b-4ab0-aae9-470a4d085469', 'pupil'),
	('25-7A-DT', 'da365bd8-7aa5-4ffb-acf0-2afaaf7152b6', 'pupil'),
	('25-7A-DT', '47096e19-2f45-4b45-8e60-f9d71eef8168', 'pupil'),
	('25-7A-DT', '63f9d3dd-c0ab-455d-b277-e1d6ed72cb2c', 'pupil'),
	('25-7A-IT', '63f9d3dd-c0ab-455d-b277-e1d6ed72cb2c', 'pupil'),
	('25-8C-DT', '7e3f6a84-e2ec-458c-953e-bb83bd693ecc', 'pupil'),
	('25-8C-DT', '46340dab-faa0-4f2d-8980-bf4c98d00c6c', 'pupil'),
	('25-8C-DT', '0503adf6-4e05-4f0d-8802-660dcfbee96c', 'pupil'),
	('25-8C-DT', 'ece878d8-6e44-4f37-b38b-99dbd19f5518', 'pupil'),
	('25-8C-DT', '81a9b148-9ff0-4678-8178-1fe37e8afe72', 'pupil'),
	('25-8C-DT', '0c66c9e3-ad69-4a39-be10-59c48d04c65a', 'pupil'),
	('25-8C-DT', '346d62db-eb7a-4c5e-b798-7dec26f75302', 'pupil'),
	('25-8C-DT', 'c4f2521e-86c2-43a6-a680-4f5b642c3dd7', 'pupil'),
	('25-8C-DT', '24d1c27d-3365-4ceb-8909-c9c08444af9f', 'pupil'),
	('25-8C-DT', '3bbc42b1-4ea6-48e3-84ad-6966551a3802', 'pupil'),
	('25-8C-DT', 'cbc7e991-08eb-4838-a10c-3ea2cb10e2d8', 'pupil'),
	('25-8C-DT', 'f69e0ef5-9d5b-41bf-857b-c78e20e75c1d', 'pupil'),
	('25-8C-DT', 'c0f570d7-9772-4a31-b5cd-d78e702f4dcb', 'pupil'),
	('25-8C-DT', '964430f8-1194-4c00-a640-b795663c24e1', 'pupil'),
	('25-8C-DT', 'a0380237-abea-4988-84c7-c9d43179d2be', 'pupil'),
	('25-8C-DT', 'f6bdf187-d0bc-4c37-8034-202cfb4fb6db', 'pupil'),
	('25-8C-DT', '969dbda5-2815-41e3-84bd-d14dd102eb39', 'pupil'),
	('25-8B-DT', '6fd3433f-e468-4d21-b42b-36ea1ab60db7', 'pupil'),
	('25-8B-DT', 'e1ee44b9-0153-4d85-ab89-131b71189383', 'pupil'),
	('25-8B-DT', '14b19cda-dd95-4ead-bf2e-9cb53d0c9524', 'pupil'),
	('25-8B-DT', 'cb62c43b-aca7-491a-949d-fb395e5ae1e2', 'pupil'),
	('25-8B-DT', '221ad246-e0a0-4f41-9fce-a245b9a857f7', 'pupil'),
	('25-8B-DT', '71fc12a2-b572-4853-869d-a31bbc71d7b7', 'pupil'),
	('25-8B-DT', '25e0ec02-c0f2-4a5b-b705-49976155939d', 'pupil'),
	('25-8B-DT', '8896700d-4f9e-466f-8b1b-f3d24de12076', 'pupil'),
	('25-8B-DT', '9bfaa2e6-87ca-423c-af3a-b29b40f5f5db', 'pupil'),
	('25-8B-DT', 'd4b7fb1a-fc13-4878-ac15-2ac89009449a', 'pupil'),
	('25-8B-DT', 'e67e364e-6521-471f-afad-d1b2002733c7', 'pupil'),
	('25-8B-DT', '299700ea-30c7-4da4-996b-59f1ad159a19', 'pupil'),
	('25-8B-DT', '2ec08e87-597a-4c62-91f5-7611d54019f7', 'pupil'),
	('25-8B-DT', '6c3bc1a2-792e-434e-9098-27065b69bacf', 'pupil'),
	('25-8B-DT', '693e7720-4a1b-4379-993d-4a99b1ab4c15', 'pupil'),
	('25-8B-DT', 'dd25ed75-81f6-4275-b40a-78bb8c583b2a', 'pupil'),
	('25-8D-DT', '2709f3c7-a488-467c-9c44-de36e1e9efda', 'pupil'),
	('25-8D-DT', 'a743e51a-3552-4915-8d77-edc57715a677', 'pupil'),
	('25-8D-DT', '5a2b3e7a-2276-43b0-8bde-bec7677c3ed2', 'pupil'),
	('25-8D-DT', '0a976181-0665-4c8b-a843-bb4b743de561', 'pupil'),
	('25-8D-DT', '59e6f57c-7b4e-4c5c-85c2-ae95990e692a', 'pupil'),
	('25-8D-DT', 'baa7c664-9065-4cb9-9baa-69d385e7bcbe', 'pupil'),
	('25-8D-DT', 'e19a785b-0e0f-40b4-b839-c6ba381f5351', 'pupil'),
	('25-8D-DT', '5e569c2b-17ee-4b5d-af58-820b9c9882df', 'pupil'),
	('25-8D-DT', 'c6502fb1-8970-456f-ab45-ff3ab0584dd3', 'pupil'),
	('25-8D-DT', '1ceb90c6-1724-47a9-a8ee-b360a9640298', 'pupil'),
	('25-8D-DT', 'fc6f7281-baf1-4c72-81fe-b91e78dfc685', 'pupil'),
	('25-8D-DT', 'f4edc5de-aa0a-4cf1-8590-15275633126e', 'pupil'),
	('25-8D-DT', '7ce65557-6f3b-4637-b771-b903f70ab024', 'pupil'),
	('25-8D-DT', '6df706e1-deb4-4548-81cc-82d2fd481c05', 'pupil'),
	('25-8D-DT', 'a8bb99b2-5bf9-4b92-9e54-2c1843b7300b', 'pupil'),
	('25-8D-DT', 'b2b6227a-0371-48be-8a6a-1ca741597953', 'pupil'),
	('25-8D-DT', '41be1008-67a4-4e15-95fb-36f5c333f13f', 'pupil'),
	('25-8D-DT', '0624a38a-8a1a-45f7-93a7-cba3b6c78794', 'pupil'),
	('25-8D-DT', 'bb07d668-59ac-4ce9-a11f-64193b347cf4', 'pupil');


--
-- Data for Name: learning_objectives; Type: TABLE DATA; Schema: public; Owner: postgres
--

INSERT INTO "public"."learning_objectives" ("learning_objective_id", "assessment_objective_id", "title", "order_index") VALUES
	('51f016ec-d795-4dae-bd45-e9b6d2731da6', 'bdde6eb2-c4c1-45cd-aca5-bc12f5cff3da', 'TBAT demonstrate the stages of the design process.', 0),
	('bae2ae66-9237-47b2-bbf0-2eee71ba2d27', '30b7bd6c-a557-4742-8a86-305e73e51405', 'TBAT Draw Cubes and Cuboids in Isometric Style', 0),
	('4b12c990-0712-44d0-ac6d-c7aa20f4d9e0', '628c4da2-9e81-4418-a09d-35ef15d60664', 'TBAT describe the functions, properties and applications of technical textiles', 6),
	('e9d2203e-2854-486f-a9bf-9dacb37d8035', '30b7bd6c-a557-4742-8a86-305e73e51405', 'TBAT Construct Compound Shapes', 1),
	('c00e9974-47b9-47e8-a757-df111e41c9a6', '0093f351-651b-4596-8ebf-2fb4ece3d69d', 'TBAT create, edit and fix 2D sketches.', 0),
	('ca58a8a2-dddd-4842-b799-3cb52bf5ae09', '0093f351-651b-4596-8ebf-2fb4ece3d69d', 'TBAT use basic 3D Solid Modelling Tools to produce 3D models.', 1),
	('402ecb15-38a1-42a6-9dd8-41d074561230', '068e78c6-f10f-415f-bd92-5911863de95d', 'New learning objective', 0),
	('974c9447-6828-46e0-aaae-d4be51365079', '2d75e3d1-b9df-4a00-a98d-4125bf621c84', 'New learning objective', 0),
	('76db4bbb-e19d-4258-95b2-8b550ada9199', '0adc9fbc-0e55-40a9-a171-724900002ae2', 'TBAT use the Computer Labs safely', 0),
	('f08a310a-707d-489e-a20b-8f3faf7531e8', '0c718c20-dd56-4057-8303-d66e94f4876a', 'TBAT investigate history of a product from a range of sources.', 0),
	('ca2438ad-4506-4433-98ae-88ec599dcf50', 'bdde6eb2-c4c1-45cd-aca5-bc12f5cff3da', 'TBAT use cams, followers and rockers in designs.', 1),
	('f2b47b35-d92e-4b8c-93e7-993dabc78671', 'bdde6eb2-c4c1-45cd-aca5-bc12f5cff3da', 'TBAT demonstrate the rules of stability', 2),
	('98320bba-735e-4e8f-b074-b610d6b1976d', '4a95a07c-f16e-4e00-af9c-1de772281ccd', 'TBAT Evaluate a final prototype.', 0),
	('6abc9de2-6289-4731-8841-4cecdbe03f5b', '0c718c20-dd56-4057-8303-d66e94f4876a', 'TBAT discover sources to be used as inspiration.', 1),
	('852f8779-6a5e-4fff-9f53-6cba0dc138f3', '0ef6384a-70f8-4870-8fdb-9515226feb8d', 'New learning objective', 0),
	('d8b43f44-13ae-4bb6-bd13-ae8bbfd9529a', '51008e73-7d49-406c-82ce-a47574ab0466', 'TBAT investigate history of a product from a range of sources.', 0),
	('1b665101-99a1-458e-8ee5-4bc469be79e3', '0c718c20-dd56-4057-8303-d66e94f4876a', 'TBAT create a design specification', 2),
	('d8ee63c3-275a-4fc7-8249-732a1511968e', '3553266c-30e4-4d62-8d50-8df7c4405e5f', 'New learning objective', 0),
	('2e1102cf-e28c-4983-8c0e-c51875e55026', '8cc414a8-97b2-4c86-8c9b-59281de29e06', 'New learning objective', 0),
	('2d567e35-cfd0-4a00-8f9b-7dd8522f313a', '796657b2-5194-4791-9a57-30913527ff55', 'New learning objective', 0),
	('68b6deef-b853-4216-81c8-67b97f5957fe', '628c4da2-9e81-4418-a09d-35ef15d60664', '1.3.1 TBAT describe how different energy sources are generated and stored.', 0),
	('9d52d0ef-cbb7-4a4e-91da-1a4c777906ba', '51008e73-7d49-406c-82ce-a47574ab0466', 'TBAT discover sources to be used as inspiration.', 1),
	('071a529f-ece6-4c63-8880-ee7e3adbec2d', '628c4da2-9e81-4418-a09d-35ef15d60664', 'TBAT evaluate factors that influence the choice of energy source for a product or system.', 2),
	('00197581-b55c-4569-aa1a-f7e627519d4a', '628c4da2-9e81-4418-a09d-35ef15d60664', '1.3.2 TBAT explain how different systems are powered using various energy sources.', 1),
	('4f5ee621-f38c-4086-b81a-9b1321e0fc26', '628c4da2-9e81-4418-a09d-35ef15d60664', '1.1 TBAT explain how new and emerging technologies impact industry, enterprise, sustainability, people, culture, society, the environment, and production systems.', 3),
	('4da307cc-d611-4088-a03a-0624faa6b19c', '628c4da2-9e81-4418-a09d-35ef15d60664', 'TBAT describe the properties and applications of smart materials', 4),
	('be57b13f-0670-4a5d-965b-81ac7d96db10', '628c4da2-9e81-4418-a09d-35ef15d60664', 'TBAT describe the composition, properties and uses of composites', 5),
	('2cc51b3c-b059-4685-b0a6-c80944cc755e', '51008e73-7d49-406c-82ce-a47574ab0466', 'TBAT create a design specification', 2),
	('56f2c728-984e-4e3f-ae0b-93e505c555dc', '5e7c520a-8fae-4335-a038-8a13836440b7', 'TBAT use cams, followers and rockers in designs.', 0),
	('324d1083-0008-42e3-98d4-022a2e9c5575', '40dfd5c1-b40d-434c-a2b9-be5b46b0806e', 'TBAT investigate history of a product from a range of sources.', 0),
	('002fb840-bcb2-4e0b-8648-936c8a94197e', '40dfd5c1-b40d-434c-a2b9-be5b46b0806e', 'TBAT discover sources to be used as inspiration.', 1),
	('45f38eb2-6d6c-4709-bbcc-ea98fa6bb981', '40dfd5c1-b40d-434c-a2b9-be5b46b0806e', 'TBAT create a design specification', 2),
	('e0cfb5b3-cbac-44e2-9f18-b053f5885525', '70eff390-4af4-4468-98dd-b9c72a921da8', 'TBAT use cams, followers and rockers in designs.', 0),
	('5572f4d9-1904-4a79-a462-684677c1c950', '30b7bd6c-a557-4742-8a86-305e73e51405', 'TBAT Construct Isometric 3D shapes', 2),
	('c0f41566-4a8d-411f-9590-c6d12389d62c', '30b7bd6c-a557-4742-8a86-305e73e51405', 'TBAT Construct Organic isometric shapes.', 3),
	('79fa10e0-9e6a-4665-b62a-6a6877ca0b67', '30b7bd6c-a557-4742-8a86-305e73e51405', 'TBAT Generate a set of Initial Designs.', 4);


--
-- Data for Name: lesson_assignments; Type: TABLE DATA; Schema: public; Owner: postgres
--

INSERT INTO "public"."lesson_assignments" ("group_id", "lesson_id", "start_date") VALUES
	('25-7C-DT', 'ca8445e2-364b-410d-922f-57c1c2f9bf44', '2025-09-21'),
	('25-7D-DT', 'ca8445e2-364b-410d-922f-57c1c2f9bf44', '2025-09-21'),
	('25-7D-DT', '0a8d6d77-4479-4998-9a41-98e674ead134', '2025-09-21'),
	('25-7D-DT', '5b4f0a5e-d001-443d-a141-1605d5f5d831', '2025-09-28'),
	('25-7D-DT', 'fb2eb631-0dda-4b84-b5b2-5c5d7afeae2e', '2025-10-05'),
	('25-7D-DT', 'a2aa2eb2-c7e4-4359-9801-fb2c8680584d', '2025-10-12'),
	('25-7D-DT', '4c13b48b-3af1-48cc-952e-428097c13686', '2025-10-19'),
	('25-7D-DT', 'a1cad678-35ea-4a5b-b799-12ac2eb7c51f', '2025-10-26'),
	('25-10-DT', 'a95b9992-5eab-4720-850c-164062a036a5', '2025-10-19'),
	('25-8B-DT', '513d5ef7-b6a4-4c2c-b5c1-3cca7aef38cc', '2025-09-28'),
	('25-7B-DT', 'ca8445e2-364b-410d-922f-57c1c2f9bf44', '2025-09-21'),
	('25-8B-DT', '79315679-c71e-4998-a121-3464829aaff1', '2025-10-05'),
	('25-8B-DT', 'bb677055-41fb-4522-839e-741bd4376f85', '2025-10-12'),
	('25-11-DT', 'ca8445e2-364b-410d-922f-57c1c2f9bf44', '2025-09-21'),
	('25-7A-DT', '69da46b7-19db-47e0-93db-5b6fd95eef5e', '2025-11-09'),
	('25-11-DT', '5b4f0a5e-d001-443d-a141-1605d5f5d831', '2025-09-28'),
	('25-11-DT', '0a8d6d77-4479-4998-9a41-98e674ead134', '2025-10-05'),
	('25-7A-DT', 'a1cad678-35ea-4a5b-b799-12ac2eb7c51f', '2025-10-26'),
	('25-7A-DT', '4c13b48b-3af1-48cc-952e-428097c13686', '2025-10-26'),
	('25-7A-DT', 'a2aa2eb2-c7e4-4359-9801-fb2c8680584d', '2025-10-19'),
	('25-7A-DT', 'fb2eb631-0dda-4b84-b5b2-5c5d7afeae2e', '2025-10-12'),
	('25-7A-DT', '5b4f0a5e-d001-443d-a141-1605d5f5d831', '2025-10-05'),
	('25-7A-DT', '0a8d6d77-4479-4998-9a41-98e674ead134', '2025-09-28'),
	('25-7A-DT', 'ca8445e2-364b-410d-922f-57c1c2f9bf44', '2025-09-21'),
	('25-10-DT', 'db7a9daa-f08a-4776-b60e-21cb06a25333', '2025-09-14'),
	('25-10-DT', '8265e3e2-cd36-49dd-ba4f-66e6a95cdef5', '2025-09-21'),
	('25-7A-DT', '8d96130b-2336-46a1-a214-73ec4e7e980d', '2025-09-14'),
	('25-7A-IT', '0c60fa60-a7ed-47f5-822e-94b3a02dc3a2', '2025-09-21'),
	('25-7A-IT', 'cedd9f2e-34c0-46ed-88a5-a3fdfd9fc7cf', '2025-09-14'),
	('25-9A-DT', 'a433c9cb-aee5-4280-9b25-62a43ae4a53e', '2025-09-21'),
	('25-9B-DT', 'a433c9cb-aee5-4280-9b25-62a43ae4a53e', '2025-09-21'),
	('25-9C-DT', 'a433c9cb-aee5-4280-9b25-62a43ae4a53e', '2025-09-21'),
	('25-9D-DT', 'a433c9cb-aee5-4280-9b25-62a43ae4a53e', '2025-09-21'),
	('25-9A-DT', '9d3dd129-0a25-4f9e-a793-7a6edb45518e', '2025-09-28'),
	('25-9B-DT', '9d3dd129-0a25-4f9e-a793-7a6edb45518e', '2025-09-28'),
	('25-9C-DT', '9d3dd129-0a25-4f9e-a793-7a6edb45518e', '2025-09-28'),
	('25-9D-DT', '9d3dd129-0a25-4f9e-a793-7a6edb45518e', '2025-09-28'),
	('25-8A-DT', '513d5ef7-b6a4-4c2c-b5c1-3cca7aef38cc', '2025-09-21'),
	('25-8C-DT', '513d5ef7-b6a4-4c2c-b5c1-3cca7aef38cc', '2025-09-21'),
	('25-8D-DT', '513d5ef7-b6a4-4c2c-b5c1-3cca7aef38cc', '2025-09-21'),
	('25-10-DT', '894d0db3-8267-419c-b809-7d602f4837ae', '2025-09-21'),
	('25-10-DT', '85bf23e8-0031-46dc-948e-cb5c6a9143d4', '2025-09-21'),
	('25-10-DT', '60dcabc1-89b4-4e0c-a3cc-db96a05caca5', '2025-09-14'),
	('25-10-DT', '8ba04ee3-0983-470d-9524-a32584f4820e', '2025-09-21'),
	('25-10-DT', '7b7d9425-e54b-4fa9-95ac-dc71b7ec46c3', '2025-09-28'),
	('25-10-DT', '26d09acd-24fd-40d5-b631-457ae13dded3', '2025-10-05'),
	('25-8C-DT', '79315679-c71e-4998-a121-3464829aaff1', '2025-09-28'),
	('25-8C-DT', 'bb677055-41fb-4522-839e-741bd4376f85', '2025-10-05'),
	('25-8A-DT', '79315679-c71e-4998-a121-3464829aaff1', '2025-09-28'),
	('25-8A-DT', 'bb677055-41fb-4522-839e-741bd4376f85', '2025-10-05'),
	('25-8D-DT', '79315679-c71e-4998-a121-3464829aaff1', '2025-09-28'),
	('25-8D-DT', 'bb677055-41fb-4522-839e-741bd4376f85', '2025-10-05'),
	('25-10-DT', 'abccd308-abc1-4433-ac35-207d0c2a3dbc', '2025-10-12'),
	('25-10-DT', '84ef0aee-3207-49fa-8049-49ce868d2b61', '2025-10-19'),
	('25-10-DT', '42dbd5b1-162c-4c27-9547-79eb39b34b4d', '2025-10-19'),
	('25-10-DT', '645bd8e1-2b8d-45a8-b7b3-30def0008dd1', '2025-10-26'),
	('25-10-DT', '20404875-be5c-42c9-9023-ed4539b45f1c', '2025-10-05'),
	('25-7B-DT', '8d96130b-2336-46a1-a214-73ec4e7e980d', '2025-09-14'),
	('25-7C-DT', '8d96130b-2336-46a1-a214-73ec4e7e980d', '2025-09-14'),
	('25-7D-DT', '8d96130b-2336-46a1-a214-73ec4e7e980d', '2025-09-14'),
	('25-8A-DT', '8d96130b-2336-46a1-a214-73ec4e7e980d', '2025-09-14'),
	('25-8B-DT', '8d96130b-2336-46a1-a214-73ec4e7e980d', '2025-09-14'),
	('25-8D-DT', '8d96130b-2336-46a1-a214-73ec4e7e980d', '2025-09-14'),
	('25-7B-DT', 'fb2eb631-0dda-4b84-b5b2-5c5d7afeae2e', '2025-09-28'),
	('25-7C-DT', 'fb2eb631-0dda-4b84-b5b2-5c5d7afeae2e', '2025-09-28'),
	('25-7B-DT', '5b4f0a5e-d001-443d-a141-1605d5f5d831', '2025-09-21'),
	('25-7C-DT', '5b4f0a5e-d001-443d-a141-1605d5f5d831', '2025-09-21'),
	('25-11-DT', '85bf23e8-0031-46dc-948e-cb5c6a9143d4', '2025-10-12'),
	('25-11-DT', '7b7d9425-e54b-4fa9-95ac-dc71b7ec46c3', '2025-09-28'),
	('25-11-DT', 'a95b9992-5eab-4720-850c-164062a036a5', '2025-09-28'),
	('25-11-DT', '84ef0aee-3207-49fa-8049-49ce868d2b61', '2025-09-28'),
	('25-11-DT', '42dbd5b1-162c-4c27-9547-79eb39b34b4d', '2025-09-21'),
	('25-11-DT', '645bd8e1-2b8d-45a8-b7b3-30def0008dd1', '2025-10-12');


--
-- Data for Name: lesson_links; Type: TABLE DATA; Schema: public; Owner: postgres
--

INSERT INTO "public"."lesson_links" ("lesson_link_id", "lesson_id", "url", "description") VALUES
	('15761418-02a7-42f8-803b-929262cb4275', 'ca8445e2-364b-410d-922f-57c1c2f9bf44', 'https://bisak-my.sharepoint.com/:p:/g/personal/sleroy_bisak_org/EV7wLki4OT5Orn_Aht7cpd0B2e2FehIWV9j9VVWEE_f93g?e=xDqJgl', 'Existing Designers'),
	('9e356ecc-2802-4a57-86d0-44de2df6c421', '85bf23e8-0031-46dc-948e-cb5c6a9143d4', 'https://app.formative.com/formatives/68d4043de0310953d26cc32e', 'Assessment Formative');


--
-- Data for Name: lessons_learning_objective; Type: TABLE DATA; Schema: public; Owner: postgres
--

INSERT INTO "public"."lessons_learning_objective" ("learning_objective_id", "lesson_id", "order_index", "title", "active", "order_by") VALUES
	('51f016ec-d795-4dae-bd45-e9b6d2731da6', '8d96130b-2336-46a1-a214-73ec4e7e980d', 0, 'DT Induction Lesson', true, 0),
	('51f016ec-d795-4dae-bd45-e9b6d2731da6', '879a4c7f-9a62-41d5-ac4f-5d8dbfc59d94', 0, 'DT Induction to KS4', true, 0),
	('bae2ae66-9237-47b2-bbf0-2eee71ba2d27', 'a1cad678-35ea-4a5b-b799-12ac2eb7c51f', 0, '6-Assessment', true, 0),
	('e9d2203e-2854-486f-a9bf-9dacb37d8035', 'a1cad678-35ea-4a5b-b799-12ac2eb7c51f', 0, '6-Assessment', true, 1),
	('5572f4d9-1904-4a79-a462-684677c1c950', 'a1cad678-35ea-4a5b-b799-12ac2eb7c51f', 0, '6-Assessment', true, 2),
	('c0f41566-4a8d-411f-9590-c6d12389d62c', 'a1cad678-35ea-4a5b-b799-12ac2eb7c51f', 0, '6-Assessment', true, 3),
	('c0f41566-4a8d-411f-9590-c6d12389d62c', 'a2aa2eb2-c7e4-4359-9801-fb2c8680584d', 0, '4  Circles, Curves and Ellipses', true, 0),
	('c0f41566-4a8d-411f-9590-c6d12389d62c', '4c13b48b-3af1-48cc-952e-428097c13686', 0, '5  Details (Chamfers, Fillets, Holes and Ridges)', true, 0),
	('bae2ae66-9237-47b2-bbf0-2eee71ba2d27', '0a8d6d77-4479-4998-9a41-98e674ead134', 0, 'Practice Lesson', true, 0),
	('5572f4d9-1904-4a79-a462-684677c1c950', 'fb2eb631-0dda-4b84-b5b2-5c5d7afeae2e', 0, '3  Solids: Prisms and Pyramids', true, 0),
	('e9d2203e-2854-486f-a9bf-9dacb37d8035', '5b4f0a5e-d001-443d-a141-1605d5f5d831', 0, '2  Adding and Subtracting Shapes', true, 0),
	('c00e9974-47b9-47e8-a757-df111e41c9a6', 'db7a9daa-f08a-4776-b60e-21cb06a25333', 0, 'Onshape Introduction', true, 0),
	('c00e9974-47b9-47e8-a757-df111e41c9a6', '8265e3e2-cd36-49dd-ba4f-66e6a95cdef5', 0, 'OnShape Sketches', true, 0),
	('ca58a8a2-dddd-4842-b799-3cb52bf5ae09', '894d0db3-8267-419c-b809-7d602f4837ae', 0, 'OnShape Extrusions', true, 0),
	('76db4bbb-e19d-4258-95b2-8b550ada9199', 'cedd9f2e-34c0-46ed-88a5-a3fdfd9fc7cf', 0, 'Induction 1', true, 0),
	('76db4bbb-e19d-4258-95b2-8b550ada9199', '0c60fa60-a7ed-47f5-822e-94b3a02dc3a2', 0, 'Induction 2', true, 0),
	('4da307cc-d611-4088-a03a-0624faa6b19c', 'a95b9992-5eab-4720-850c-164062a036a5', 0, 'Smart Materials', true, 0),
	('bae2ae66-9237-47b2-bbf0-2eee71ba2d27', 'ca8445e2-364b-410d-922f-57c1c2f9bf44', 0, '1  Cubes and Cuboids', true, 0),
	('f08a310a-707d-489e-a20b-8f3faf7531e8', 'a433c9cb-aee5-4280-9b25-62a43ae4a53e', 0, 'Investigate History', true, 0),
	('ca2438ad-4506-4433-98ae-88ec599dcf50', '9d3dd129-0a25-4f9e-a793-7a6edb45518e', 0, 'Investigate Cams, Followers and Rockers', true, 0),
	('ca58a8a2-dddd-4842-b799-3cb52bf5ae09', 'e6e4e70d-8fcf-4e7b-bbfe-8b37b5712886', 0, 'OnShape 3D tools', true, 0),
	('68b6deef-b853-4216-81c8-67b97f5957fe', '85bf23e8-0031-46dc-948e-cb5c6a9143d4', 0, 'Energy Generation Assessment', true, 0),
	('00197581-b55c-4569-aa1a-f7e627519d4a', '85bf23e8-0031-46dc-948e-cb5c6a9143d4', 0, 'Energy Generation Assessment', true, 1),
	('071a529f-ece6-4c63-8880-ee7e3adbec2d', '85bf23e8-0031-46dc-948e-cb5c6a9143d4', 0, 'Energy Generation Assessment', true, 2),
	('68b6deef-b853-4216-81c8-67b97f5957fe', '60dcabc1-89b4-4e0c-a3cc-db96a05caca5', 0, 'Energy Generation and Comparison', true, 0),
	('00197581-b55c-4569-aa1a-f7e627519d4a', '60dcabc1-89b4-4e0c-a3cc-db96a05caca5', 0, 'Energy Generation and Comparison', true, 1),
	('071a529f-ece6-4c63-8880-ee7e3adbec2d', '60dcabc1-89b4-4e0c-a3cc-db96a05caca5', 0, 'Energy Generation and Comparison', true, 2),
	('be57b13f-0670-4a5d-965b-81ac7d96db10', '84ef0aee-3207-49fa-8049-49ce868d2b61', 0, 'Composite Matererials', true, 0),
	('4f5ee621-f38c-4086-b81a-9b1321e0fc26', '8ba04ee3-0983-470d-9524-a32584f4820e', 0, 'Emerging Technologies', true, 0),
	('4b12c990-0712-44d0-ac6d-c7aa20f4d9e0', '42dbd5b1-162c-4c27-9547-79eb39b34b4d', 0, 'Technical Textiles', true, 0),
	('4f5ee621-f38c-4086-b81a-9b1321e0fc26', '7b7d9425-e54b-4fa9-95ac-dc71b7ec46c3', 0, 'Emerging Technology', true, 0),
	('4f5ee621-f38c-4086-b81a-9b1321e0fc26', '26d09acd-24fd-40d5-b631-457ae13dded3', 0, 'Emerging Technology Assessment', true, 0),
	('4da307cc-d611-4088-a03a-0624faa6b19c', 'abccd308-abc1-4433-ac35-207d0c2a3dbc', 0, 'Smart & Composite materials and technical textiles.', true, 0),
	('be57b13f-0670-4a5d-965b-81ac7d96db10', 'abccd308-abc1-4433-ac35-207d0c2a3dbc', 0, 'Smart & Composite materials and technical textiles.', true, 1),
	('4b12c990-0712-44d0-ac6d-c7aa20f4d9e0', 'abccd308-abc1-4433-ac35-207d0c2a3dbc', 0, 'Smart & Composite materials and technical textiles - Overview.', true, 2),
	('4da307cc-d611-4088-a03a-0624faa6b19c', '645bd8e1-2b8d-45a8-b7b3-30def0008dd1', 0, 'SCT - Assessment', true, 0),
	('be57b13f-0670-4a5d-965b-81ac7d96db10', '645bd8e1-2b8d-45a8-b7b3-30def0008dd1', 0, 'SCT - Assessment', true, 1),
	('4b12c990-0712-44d0-ac6d-c7aa20f4d9e0', '645bd8e1-2b8d-45a8-b7b3-30def0008dd1', 0, 'SCT - Assessment', true, 2),
	('c0f41566-4a8d-411f-9590-c6d12389d62c', '69da46b7-19db-47e0-93db-5b6fd95eef5e', 0, 'Challenge: Draw a Toy Plane', true, 0),
	('5572f4d9-1904-4a79-a462-684677c1c950', '69da46b7-19db-47e0-93db-5b6fd95eef5e', 0, 'Challenge: Draw a Toy Plane', true, 1),
	('e9d2203e-2854-486f-a9bf-9dacb37d8035', '69da46b7-19db-47e0-93db-5b6fd95eef5e', 0, 'Challenge: Draw a Toy Plane', true, 2),
	('bae2ae66-9237-47b2-bbf0-2eee71ba2d27', '69da46b7-19db-47e0-93db-5b6fd95eef5e', 0, 'Challenge: Draw a Toy Plane', true, 3),
	('1b665101-99a1-458e-8ee5-4bc469be79e3', '65871063-5469-4da7-bf88-dc3af13a522c', 0, 'Writing a Design Specification', true, 0),
	('f2b47b35-d92e-4b8c-93e7-993dabc78671', '513d5ef7-b6a4-4c2c-b5c1-3cca7aef38cc', 0, 'Structures in Design: Slots, Tabs & Stability', true, 0),
	('6abc9de2-6289-4731-8841-4cecdbe03f5b', '79315679-c71e-4998-a121-3464829aaff1', 0, 'Investogating existing designs', true, 0),
	('1b665101-99a1-458e-8ee5-4bc469be79e3', 'bb677055-41fb-4522-839e-741bd4376f85', 0, 'Write a simple Design Specification', true, 0),
	('79fa10e0-9e6a-4665-b62a-6a6877ca0b67', '07bf233b-a07f-426b-948d-486cbb43b204', 0, 'Des: Ideation - Initial Ideas', true, 0);


--
-- Data for Name: profiles; Type: TABLE DATA; Schema: public; Owner: postgres
--

INSERT INTO "public"."profiles" ("user_id", "first_name", "last_name", "is_teacher") VALUES
	('de8ae3d4-c82e-429e-9ba6-c74180779aa0', 'Leroy', 'Salih', true),
	('69c807fb-46f0-4f30-a711-5cdb092dd602', 'Leroy G.', 'Salih', false),
	('3352f5a2-3c8b-420e-90b7-d95ab6f1756c', 'Pupil 1', 'Test', false),
	('cec24431-e395-474b-803d-1ea816c7fca4', 'Leroy', 'Salih', true),
	('63f9d3dd-c0ab-455d-b277-e1d6ed72cb2c', 'Leroy', 'Salih', true),
	('a5121160-1fcd-4a2f-86d5-e5e018b4a2a5', 'Pupil', 'Test', false),
	('e25087b7-f44d-4ea5-a469-5f9543d69bf1', 'Pupil 2', 'Test', false),
	('a59a492b-cb3d-499e-9152-1b0793ce7b44', 'Pupil 3', 'Test', false),
	('1b83349c-3b8b-4ab0-aae9-470a4d085469', 'Pupil 4', 'Test', false),
	('da365bd8-7aa5-4ffb-acf0-2afaaf7152b6', 'Pupil 5', 'Test', false),
	('47096e19-2f45-4b45-8e60-f9d71eef8168', 'Pupil 6', 'Test', false),
	('5e569c2b-17ee-4b5d-af58-820b9c9882df', 'Roba', 'Awad', false),
	('c6502fb1-8970-456f-ab45-ff3ab0584dd3', 'Malek', 'Sahli', false),
	('46340dab-faa0-4f2d-8980-bf4c98d00c6c', 'Agustina', 'Peirano', false),
	('e19a785b-0e0f-40b4-b839-c6ba381f5351', 'Charles', 'Parone', false),
	('5a2b3e7a-2276-43b0-8bde-bec7677c3ed2', 'Hadiyah', 'Noor', false),
	('7e3f6a84-e2ec-458c-953e-bb83bd693ecc', 'Katerina', 'Poole', false),
	('2709f3c7-a488-467c-9c44-de36e1e9efda', 'Rhys', 'Viola', false),
	('6df706e1-deb4-4548-81cc-82d2fd481c05', 'Meral', 'Elshiekh', false),
	('0c66c9e3-ad69-4a39-be10-59c48d04c65a', 'Muhammad', 'Mohamed', false),
	('59e6f57c-7b4e-4c5c-85c2-ae95990e692a', 'Eesa', 'Ehsan', false),
	('f4edc5de-aa0a-4cf1-8590-15275633126e', 'Nour', 'Mohsen', false),
	('baa7c664-9065-4cb9-9baa-69d385e7bcbe', 'Haad', 'Zaman', false),
	('0503adf6-4e05-4f0d-8802-660dcfbee96c', 'Loay', 'Badawi', false),
	('81a9b148-9ff0-4678-8178-1fe37e8afe72', 'Rosanna', 'Nascimento', false),
	('c4f2521e-86c2-43a6-a680-4f5b642c3dd7', 'Dani', 'Alsaadi', false),
	('24d1c27d-3365-4ceb-8909-c9c08444af9f', 'Nanya', 'Akiri', false),
	('50304a54-2c10-44a1-8c87-b3535a960e28', 'Leroy', 'Salih', true),
	('f69e0ef5-9d5b-41bf-857b-c78e20e75c1d', 'Chloe', 'Jubran', false),
	('ece878d8-6e44-4f37-b38b-99dbd19f5518', 'Ibraheem', 'Kamran', false),
	('c0f570d7-9772-4a31-b5cd-d78e702f4dcb', 'Hyeyun', 'Na', false),
	('cbc7e991-08eb-4838-a10c-3ea2cb10e2d8', 'Saffiyah', 'Piracha', false),
	('dd25ed75-81f6-4275-b40a-78bb8c583b2a', 'Ece', 'Eryurt', false),
	('299700ea-30c7-4da4-996b-59f1ad159a19', 'Rumaysa', 'Uddin', false),
	('a743e51a-3552-4915-8d77-edc57715a677', 'Raymond', 'Fola-Fatola', false),
	('346d62db-eb7a-4c5e-b798-7dec26f75302', 'Abdullah', 'Khan', false),
	('3bbc42b1-4ea6-48e3-84ad-6966551a3802', 'Seve', 'Henry', false),
	('a0380237-abea-4988-84c7-c9d43179d2be', 'atharv', 'garg', false),
	('964430f8-1194-4c00-a640-b795663c24e1', 'Francisco', 'Romay Sequeiros', false),
	('f6bdf187-d0bc-4c37-8034-202cfb4fb6db', 'Clara', 'Ku', false),
	('969dbda5-2815-41e3-84bd-d14dd102eb39', 'Mohammad', 'Syed', false),
	('6fd3433f-e468-4d21-b42b-36ea1ab60db7', 'Molly', 'Kearney', false),
	('71fc12a2-b572-4853-869d-a31bbc71d7b7', 'Dhriti', 'Sangaru', false),
	('e1ee44b9-0153-4d85-ab89-131b71189383', 'Muhammad-Abbas', 'Naqvi', false),
	('14b19cda-dd95-4ead-bf2e-9cb53d0c9524', 'Taimas', 'Bissengaliyev', false),
	('8896700d-4f9e-466f-8b1b-f3d24de12076', 'Subhan', 'Faisal', false),
	('25e0ec02-c0f2-4a5b-b705-49976155939d', 'Zunairah', 'Siddiqui', false),
	('2ec08e87-597a-4c62-91f5-7611d54019f7', 'Sabian', 'Peterson', false),
	('cb62c43b-aca7-491a-949d-fb395e5ae1e2', 'Sam', 'Jaiswal', false),
	('e67e364e-6521-471f-afad-d1b2002733c7', 'Suhaib', 'Abouelela', false),
	('221ad246-e0a0-4f41-9fce-a245b9a857f7', 'Raphael', 'Johnson', false),
	('9bfaa2e6-87ca-423c-af3a-b29b40f5f5db', 'Haya', 'Al Haddad', false),
	('693e7720-4a1b-4379-993d-4a99b1ab4c15', 'Liam', 'Mahmoud', false),
	('d4b7fb1a-fc13-4878-ac15-2ac89009449a', 'Amin', 'Akram', false),
	('6c3bc1a2-792e-434e-9098-27065b69bacf', 'Yan', 'Ma', false),
	('0a976181-0665-4c8b-a843-bb4b743de561', 'Hem', 'Jinka', false),
	('7ce65557-6f3b-4637-b771-b903f70ab024', 'Sara', 'Haouari', false),
	('1ceb90c6-1724-47a9-a8ee-b360a9640298', 'Eiliyah', 'Jamal', false),
	('a8bb99b2-5bf9-4b92-9e54-2c1843b7300b', 'Bilal', 'Aziz', false),
	('fc6f7281-baf1-4c72-81fe-b91e78dfc685', 'Lea', 'Dindial', false),
	('b2b6227a-0371-48be-8a6a-1ca741597953', 'Ibrahim', 'Jeelani', false),
	('41be1008-67a4-4e15-95fb-36f5c333f13f', 'Sophia', 'Henry', false),
	('0624a38a-8a1a-45f7-93a7-cba3b6c78794', 'Jawad', 'Khan', false);


--
-- Data for Name: success_criteria; Type: TABLE DATA; Schema: public; Owner: postgres
--

INSERT INTO "public"."success_criteria" ("success_criteria_id", "learning_objective_id", "level", "description", "order_index", "active") VALUES
	('54b4e504-7bd3-4133-8d20-39b1ee29181d', '51f016ec-d795-4dae-bd45-e9b6d2731da6', 1, 'I can name the four stages of the Design Process.', 0, true),
	('5f2b7707-db53-4b6f-9890-fa65f9154e6d', '51f016ec-d795-4dae-bd45-e9b6d2731da6', 1, 'I can answer the questions "What is Design and Technology?"', 1, true),
	('67cbf83f-0749-4373-aa94-eda7221363d5', 'ca58a8a2-dddd-4842-b799-3cb52bf5ae09', 4, 'I can use advanced features of extrude to align to distances or faces.', 1, true),
	('e6434c7d-7d8d-42dd-99ff-57980bd7a8fd', 'ca58a8a2-dddd-4842-b799-3cb52bf5ae09', 5, 'I can use extrude to add, remove either new or existing parts.', 0, true),
	('c6e5c2f7-ed7c-4237-8730-d6de7fcf4cfc', '51f016ec-d795-4dae-bd45-e9b6d2731da6', 4, 'I can describe the structure of GCSE course assessment.', 2, true),
	('f53315cb-f3b0-4328-8133-1f2c91f91bfe', 'bae2ae66-9237-47b2-bbf0-2eee71ba2d27', 1, 'I can draw cubes and cuboids in an isometric style.', 0, true),
	('37fccff6-414c-463c-8d20-68489df1e0f3', 'e9d2203e-2854-486f-a9bf-9dacb37d8035', 1, 'I can use additive methods to construct complex shapes.', 0, true),
	('83b146f2-718e-4bc7-bbbc-73382cb05575', 'e9d2203e-2854-486f-a9bf-9dacb37d8035', 2, 'I can use subtractive methods to construct complex shapes.', 1, true),
	('3f48008c-8d7e-4110-9a21-13ce40a0fcc8', '402ecb15-38a1-42a6-9dd8-41d074561230', 1, 'New success criterion', 0, true),
	('f8f7eee0-2611-4c0b-9ca8-b4fd1bb32533', '974c9447-6828-46e0-aaae-d4be51365079', 1, 'New success criterion', 0, true),
	('fa9fc3d7-d789-4aef-b4d9-afc48fa628e3', '76db4bbb-e19d-4258-95b2-8b550ada9199', 1, 'I can describe the computer use rules.', 0, true),
	('f9966d00-d4a0-43b1-add4-6e4201ffe96b', '5572f4d9-1904-4a79-a462-684677c1c950', 3, 'I can construct pyramids', 1, true),
	('be239da2-aad5-4b97-951c-2ef1548752c1', '5572f4d9-1904-4a79-a462-684677c1c950', 2, 'I can create prisms', 0, true),
	('b59cca57-9e74-4a95-ad37-5db8c3383ebc', 'c0f41566-4a8d-411f-9590-c6d12389d62c', 1, 'I can draw circles in isometric style', 0, true),
	('c6027ce2-2cb1-427e-8130-81ed9fac5d93', 'c0f41566-4a8d-411f-9590-c6d12389d62c', 1, 'I can draw curves in an isometric style', 1, true),
	('32c9e025-e8ad-4d50-b25c-c59d2524b0cd', '76db4bbb-e19d-4258-95b2-8b550ada9199', 1, 'I can describe the 5B''s', 1, true),
	('6bfdf9bd-d381-4313-b4b3-d0c6d1968a48', '76db4bbb-e19d-4258-95b2-8b550ada9199', 1, 'I can describe the 5P''s', 2, true),
	('7de602d1-30dd-481f-84c2-a427345db200', 'c00e9974-47b9-47e8-a757-df111e41c9a6', 5, 'I can create a fully constrained sketch.', 1, true),
	('581aa31f-1c68-4599-9bfd-268185ec46ee', 'c00e9974-47b9-47e8-a757-df111e41c9a6', 4, 'I can create a sketch on a plane usign basic skapes (rect, circle, arc, line)', 0, true),
	('8869391e-d6e2-45f2-a6fd-74bf2b400ddb', 'c00e9974-47b9-47e8-a757-df111e41c9a6', 5, 'I can create a sketch on a plane using advanced shapes (project, snip, mirror, repeat)', 3, true),
	('2e92cb9a-55be-40f1-bede-76e16e008711', 'c00e9974-47b9-47e8-a757-df111e41c9a6', 3, 'I can create, edit and share an OnShape Document.', 2, true),
	('07a38c75-be31-4f22-a453-a66b48960543', '6abc9de2-6289-4731-8841-4cecdbe03f5b', 2, 'I can collect online sources to use as an inspiration.', 0, true),
	('49a3ee17-169c-48be-86ec-9c42b07631b5', 'ca2438ad-4506-4433-98ae-88ec599dcf50', 3, 'I can describe the motion of the 2 types of rockers (center pivot and end pivot)', 3, true),
	('aa06118e-5353-4e77-98f3-cf2192620d0b', 'f08a310a-707d-489e-a20b-8f3faf7531e8', 2, 'I can use provided text to understand the history of a product.', 0, true),
	('2b42771e-3968-4eae-920e-65b251daf732', 'ca2438ad-4506-4433-98ae-88ec599dcf50', 3, 'I can name the 2 types of rockers.', 2, true),
	('dded71d8-39cb-4578-87f4-9fa77cf0130d', 'f08a310a-707d-489e-a20b-8f3faf7531e8', 3, 'I can find online sources to investigate the history of a product.', 1, true),
	('efe4345e-4535-4a8d-8aa7-c55885ca64ff', 'f08a310a-707d-489e-a20b-8f3faf7531e8', 4, 'I can assess the suitability of an online source to investigate the history of a product.', 2, true),
	('5ce786a4-2aff-475d-9d50-e06ebc06a94a', 'f2b47b35-d92e-4b8c-93e7-993dabc78671', 2, 'I can describe the rules of. stability to create a stable design.', 0, true),
	('f98d2a4a-bc17-4b83-a7e8-4a8b0a8dc4aa', 'ca2438ad-4506-4433-98ae-88ec599dcf50', 2, 'I can name the 3 types of cams.', 0, true),
	('7d9d3211-113e-4961-a536-84f3baa51028', 'ca2438ad-4506-4433-98ae-88ec599dcf50', 3, 'I can describe the motion of the three types of cams', 1, true),
	('ba323877-7a98-4982-8be5-a1b9dcf6798e', '6abc9de2-6289-4731-8841-4cecdbe03f5b', 3, 'I can evaluate designs of existing products using ACCESS FM', 1, true),
	('9f02d427-7792-4cfe-aadb-8fefe86a40d0', '98320bba-735e-4e8f-b074-b610d6b1976d', 4, 'I can evaluate a final prototype against a design specification.', 1, true),
	('fe348aa8-b36c-4d26-8414-3ee7f4978188', '98320bba-735e-4e8f-b074-b610d6b1976d', 3, 'I can confirm that the final prototype matches my final design.', 0, true),
	('d0d032f9-dd39-4faa-89f5-f67c5cb8203a', '6abc9de2-6289-4731-8841-4cecdbe03f5b', 4, 'I can describe the works of an artist using ACCESS FM.', 2, true),
	('0002d172-8e97-44ca-8be2-e0193fccbcfa', '1b665101-99a1-458e-8ee5-4bc469be79e3', 4, 'I can create a full and measurable Design Spec', 3, true),
	('37864689-b68e-4958-810e-0492af84cec9', '1b665101-99a1-458e-8ee5-4bc469be79e3', 3, 'I can create a full (ACCESS-FM) design spec', 2, true),
	('279542cb-7139-467a-9cc3-0dda362fe8aa', '1b665101-99a1-458e-8ee5-4bc469be79e3', 2, 'I can create a partial design specification.', 1, true),
	('f16aac2d-8f8d-48a6-9b87-6bfa840ec83e', '68b6deef-b853-4216-81c8-67b97f5957fe', 4, 'I can compare renewable and non-renewable energy sources.', 2, true),
	('ce902b80-be18-421a-9d94-eb89a421dc4e', '68b6deef-b853-4216-81c8-67b97f5957fe', 5, 'I can identify fossil fuels (oil, gas, coal) and explain how they are used to generate energy.', 0, true),
	('23aff4ff-3ac3-489c-b367-eff501874058', '68b6deef-b853-4216-81c8-67b97f5957fe', 4, 'I can describe how renewable sources (biofuels, tidal, wind, solar, hydroelectric) generate energy.', 1, true),
	('77ceb96f-a565-45c4-a281-70b8c343e301', '00197581-b55c-4569-aa1a-f7e627519d4a', 4, 'I can describe how batteries and cells store and provide energy.', 0, true),
	('527f8fda-25bd-4e43-a05c-5afea854c611', '00197581-b55c-4569-aa1a-f7e627519d4a', 4, 'I can explain how solar cells generate energy from the sun.', 1, true),
	('2841d457-13a8-471d-8d70-1f0c9c27a3c5', '071a529f-ece6-4c63-8880-ee7e3adbec2d', 4, 'I can use RRACC to compare energy systems.', 0, true),
	('045f3f7f-333c-4b95-8d81-3d6e3d7ce2ba', '4f5ee621-f38c-4086-b81a-9b1321e0fc26', 4, 'I can use IMPACT to assess the impact of an emerging technology.', 0, true),
	('ec4cda64-e023-4b52-afea-1d9b6b7bbc85', '4f5ee621-f38c-4086-b81a-9b1321e0fc26', 4, 'I can use CUTEFEET to assess whether a technology is suitable', 1, true),
	('94114476-fc82-4d34-828f-317e8a24112d', '4da307cc-d611-4088-a03a-0624faa6b19c', 5, 'I can describe how smart materials respond to external stimuli such as heat, light, pressure or electricity.', 1, true),
	('c8961004-5a52-44a6-b1bc-8c3efb317836', '4da307cc-d611-4088-a03a-0624faa6b19c', 4, 'I can describe how smart materials respond to external stimuli such as heat, light, pressure or electricity.', 0, true),
	('8a75d83a-970c-45ca-b7da-b4371d11de10', 'be57b13f-0670-4a5d-965b-81ac7d96db10', 5, 'I can compare composites to traditional materials to justify a choice.', 1, true),
	('9acea059-2bca-4478-b2e1-4343f225da5d', 'be57b13f-0670-4a5d-965b-81ac7d96db10', 4, 'I can weigh up advantages and disadvantages of composites for different products.', 0, true),
	('e52fe58d-739b-4607-94ee-8a3af2674498', '4b12c990-0712-44d0-ac6d-c7aa20f4d9e0', 4, 'I can describe the functional properties of each type of technical textile', 0, true),
	('c908b6c5-2ec4-4b2c-be71-f0830d491c0b', '79fa10e0-9e6a-4665-b62a-6a6877ca0b67', 1, 'I can create a set of initial ideas based without a framework.', 0, true),
	('81055c31-0b34-45db-a298-c0e87f09569d', '4b12c990-0712-44d0-ac6d-c7aa20f4d9e0', 5, 'I can analyse when and why a technical textile would be chosen over a standard fabric.', 1, true),
	('5c19a3bb-1295-4c8d-a1bc-e89108d555d8', '852f8779-6a5e-4fff-9f53-6cba0dc138f3', 1, 'New success criterion', 0, true),
	('742ac8af-a02d-4b7c-a182-359d0774c87a', '79fa10e0-9e6a-4665-b62a-6a6877ca0b67', 4, 'I can create a set of initial ideas based on SCAMPER', 2, true),
	('35e08f34-9ec9-4c9c-9062-2524ee4f984d', '79fa10e0-9e6a-4665-b62a-6a6877ca0b67', 2, 'I can create a set of 15 initial ideas based on the ideation framework.', 1, true),
	('6a80e5fd-6735-4209-ba87-34d3da28ecc3', 'ca58a8a2-dddd-4842-b799-3cb52bf5ae09', 5, 'I can model a box, with lip and lid.', 3, true),
	('bd0c1b0e-26d4-4447-8dde-2d068014ba50', 'ca58a8a2-dddd-4842-b799-3cb52bf5ae09', 4, 'I can model a simple 5 sided box', 2, true),
	('5498abd8-baff-4ad6-af04-0a5be2842b7c', 'd8b43f44-13ae-4bb6-bd13-ae8bbfd9529a', 1, 'I can assess the suitability of an online source to investigate the history of a product.', 0, true),
	('af0f5607-42f0-4e78-8b6c-df5a51d0d04a', '9d52d0ef-cbb7-4a4e-91da-1a4c777906ba', 1, 'I can describe the works of an artist using ACCESS FM.', 0, true),
	('d35f788c-afa0-41dc-8181-268e3fec351f', '2cc51b3c-b059-4685-b0a6-c80944cc755e', 1, 'I can create a full and measurable Design Spec', 0, true),
	('bda92e85-e487-423c-b0ef-84889f3ebda8', '56f2c728-984e-4e3f-ae0b-93e505c555dc', 1, 'I can describe the motion of the three types of cams', 0, true),
	('59364ca5-859b-489c-9808-8ce3d5831ac4', '56f2c728-984e-4e3f-ae0b-93e505c555dc', 1, 'I can name the 2 types of rockers.', 1, true),
	('26e4e75b-fb6b-432e-9577-3be6966a704a', '56f2c728-984e-4e3f-ae0b-93e505c555dc', 1, 'I can describe the motion of the 2 types of rockers (center pivot and end pivot)', 2, true),
	('d3531b63-2f2f-4b3e-be9c-7b505beee351', '324d1083-0008-42e3-98d4-022a2e9c5575', 1, 'I can assess the suitability of an online source to investigate the history of a product.', 0, true),
	('73b12b35-7e87-4972-8f18-ae49502dbc4a', '002fb840-bcb2-4e0b-8648-936c8a94197e', 1, 'I can describe the works of an artist using ACCESS FM.', 0, true),
	('30ae76be-fea7-48b3-908b-c3fcfc193cf5', '45f38eb2-6d6c-4709-bbcc-ea98fa6bb981', 2, 'I can create a full and measurable Design Spec', 0, true),
	('56102034-f26e-402b-abf2-7e2fc389d08b', 'e0cfb5b3-cbac-44e2-9f18-b053f5885525', 2, 'I can describe the motion of the three types of cams', 0, true),
	('b475f8fd-1f4c-4a39-9245-ad9c2f2f73bf', 'e0cfb5b3-cbac-44e2-9f18-b053f5885525', 1, 'I can name the 2 types of rockers.', 1, true),
	('32534ede-215d-41e9-aa95-f831d4732b6d', 'e0cfb5b3-cbac-44e2-9f18-b053f5885525', 2, 'I can describe the motion of the 2 types of rockers (center pivot and end pivot)', 2, true);


--
-- Data for Name: success_criteria_units; Type: TABLE DATA; Schema: public; Owner: postgres
--

INSERT INTO "public"."success_criteria_units" ("success_criteria_id", "unit_id") VALUES
	('f53315cb-f3b0-4328-8133-1f2c91f91bfe', '701-ISOMETRIC-SKETCHING'),
	('37fccff6-414c-463c-8d20-68489df1e0f3', '701-ISOMETRIC-SKETCHING'),
	('83b146f2-718e-4bc7-bbbc-73382cb05575', '701-ISOMETRIC-SKETCHING'),
	('be239da2-aad5-4b97-951c-2ef1548752c1', '701-ISOMETRIC-SKETCHING'),
	('f9966d00-d4a0-43b1-add4-6e4201ffe96b', '701-ISOMETRIC-SKETCHING'),
	('b59cca57-9e74-4a95-ad37-5db8c3383ebc', '701-ISOMETRIC-SKETCHING'),
	('c6027ce2-2cb1-427e-8130-81ed9fac5d93', '701-ISOMETRIC-SKETCHING'),
	('581aa31f-1c68-4599-9bfd-268185ec46ee', '10-2-ONSHAPE-BASIC-SKILLS'),
	('7de602d1-30dd-481f-84c2-a427345db200', '10-2-ONSHAPE-BASIC-SKILLS'),
	('2e92cb9a-55be-40f1-bede-76e16e008711', '10-2-ONSHAPE-BASIC-SKILLS'),
	('8869391e-d6e2-45f2-a6fd-74bf2b400ddb', '10-2-ONSHAPE-BASIC-SKILLS'),
	('e6434c7d-7d8d-42dd-99ff-57980bd7a8fd', '10-2-ONSHAPE-BASIC-SKILLS'),
	('67cbf83f-0749-4373-aa94-eda7221363d5', '10-2-ONSHAPE-BASIC-SKILLS'),
	('fa9fc3d7-d789-4aef-b4d9-afc48fa628e3', 'INDUCTION'),
	('32c9e025-e8ad-4d50-b25c-c59d2524b0cd', 'INDUCTION'),
	('6bfdf9bd-d381-4313-b4b3-d0c6d1968a48', 'INDUCTION'),
	('aa06118e-5353-4e77-98f3-cf2192620d0b', 'UNIT004'),
	('dded71d8-39cb-4578-87f4-9fa77cf0130d', 'UNIT004'),
	('efe4345e-4535-4a8d-8aa7-c55885ca64ff', 'UNIT004'),
	('f98d2a4a-bc17-4b83-a7e8-4a8b0a8dc4aa', 'UNIT004'),
	('7d9d3211-113e-4961-a536-84f3baa51028', 'UNIT004'),
	('2b42771e-3968-4eae-920e-65b251daf732', 'UNIT004'),
	('49a3ee17-169c-48be-86ec-9c42b07631b5', 'UNIT004'),
	('54b4e504-7bd3-4133-8d20-39b1ee29181d', 'DT-INDUCTION'),
	('5f2b7707-db53-4b6f-9890-fa65f9154e6d', 'DT-INDUCTION'),
	('5ce786a4-2aff-475d-9d50-e06ebc06a94a', '801-CANDLE-HOLDER'),
	('c6e5c2f7-ed7c-4237-8730-d6de7fcf4cfc', 'DT-INDUCTION-KS4'),
	('fe348aa8-b36c-4d26-8414-3ee7f4978188', '801-CANDLE-HOLDER'),
	('9f02d427-7792-4cfe-aadb-8fefe86a40d0', '801-CANDLE-HOLDER'),
	('279542cb-7139-467a-9cc3-0dda362fe8aa', '801-CANDLE-HOLDER'),
	('37864689-b68e-4958-810e-0492af84cec9', '801-CANDLE-HOLDER'),
	('07a38c75-be31-4f22-a453-a66b48960543', '801-CANDLE-HOLDER'),
	('ba323877-7a98-4982-8be5-a1b9dcf6798e', '801-CANDLE-HOLDER'),
	('ce902b80-be18-421a-9d94-eb89a421dc4e', '1001-CORE-1'),
	('23aff4ff-3ac3-489c-b367-eff501874058', '1001-CORE-1'),
	('f16aac2d-8f8d-48a6-9b87-6bfa840ec83e', '1001-CORE-1'),
	('77ceb96f-a565-45c4-a281-70b8c343e301', '1001-CORE-1'),
	('527f8fda-25bd-4e43-a05c-5afea854c611', '1001-CORE-1'),
	('2841d457-13a8-471d-8d70-1f0c9c27a3c5', '1001-CORE-1'),
	('045f3f7f-333c-4b95-8d81-3d6e3d7ce2ba', '1001-CORE-1'),
	('ec4cda64-e023-4b52-afea-1d9b6b7bbc85', '1001-CORE-1'),
	('c8961004-5a52-44a6-b1bc-8c3efb317836', '1001-CORE-1'),
	('94114476-fc82-4d34-828f-317e8a24112d', '1001-CORE-1'),
	('9acea059-2bca-4478-b2e1-4343f225da5d', '1001-CORE-1'),
	('8a75d83a-970c-45ca-b7da-b4371d11de10', '1001-CORE-1'),
	('e52fe58d-739b-4607-94ee-8a3af2674498', '1001-CORE-1'),
	('81055c31-0b34-45db-a298-c0e87f09569d', '1001-CORE-1'),
	('bd0c1b0e-26d4-4447-8dde-2d068014ba50', '10-2-ONSHAPE-BASIC-SKILLS'),
	('6a80e5fd-6735-4209-ba87-34d3da28ecc3', '10-2-ONSHAPE-BASIC-SKILLS'),
	('c908b6c5-2ec4-4b2c-be71-f0830d491c0b', '801-CANDLE-HOLDER'),
	('35e08f34-9ec9-4c9c-9062-2524ee4f984d', '801-CANDLE-HOLDER');


--
-- Data for Name: buckets; Type: TABLE DATA; Schema: storage; Owner: supabase_storage_admin
--

INSERT INTO "storage"."buckets" ("id", "name", "owner", "created_at", "updated_at", "public", "avif_autodetection", "file_size_limit", "allowed_mime_types", "owner_id", "type") VALUES
	('units', 'units', NULL, '2025-09-20 10:59:06.043893+00', '2025-09-20 10:59:06.043893+00', true, false, NULL, NULL, NULL, 'STANDARD'),
	('lessons', 'lessons', NULL, '2025-09-20 11:53:21.473592+00', '2025-09-20 11:53:21.473592+00', true, false, NULL, NULL, NULL, 'STANDARD');


--
-- Data for Name: buckets_analytics; Type: TABLE DATA; Schema: storage; Owner: supabase_storage_admin
--



--
-- Data for Name: objects; Type: TABLE DATA; Schema: storage; Owner: supabase_storage_admin
--

INSERT INTO "storage"."objects" ("id", "bucket_id", "name", "owner", "created_at", "updated_at", "last_accessed_at", "metadata", "version", "owner_id", "user_metadata", "level") VALUES
	('b18004b5-8c99-4153-bcd3-e437959926c5', 'lessons', '7b7d9425-e54b-4fa9-95ac-dc71b7ec46c3/Imapct and Evaluation of Emerging Technologies.pptx', NULL, '2025-09-27 15:59:19.636137+00', '2025-09-27 15:59:19.636137+00', '2025-09-27 15:59:19.636137+00', '{"eTag": "\"95e64cab745726b31c4e46c85ac0f6f6\"", "size": 1589467, "mimetype": "application/vnd.openxmlformats-officedocument.presentationml.presentation", "cacheControl": "max-age=3600", "lastModified": "2025-09-27T15:59:20.000Z", "contentLength": 1589467, "httpStatusCode": 200}', '6e1d1747-4b88-4f79-8348-2cc89525634f', NULL, '{}', 2),
	('a3813182-5590-4eec-8b4f-6683d8f2d6bd', 'lessons', '7b7d9425-e54b-4fa9-95ac-dc71b7ec46c3/Emerging_Tech_IMPACT_Case_Studies-q.docx', NULL, '2025-09-27 15:59:31.845611+00', '2025-09-27 15:59:31.845611+00', '2025-09-27 15:59:31.845611+00', '{"eTag": "\"a7b710ec9e6b65bfc87e65f799379dde\"", "size": 28998, "mimetype": "application/vnd.openxmlformats-officedocument.wordprocessingml.document", "cacheControl": "max-age=3600", "lastModified": "2025-09-27T15:59:32.000Z", "contentLength": 28998, "httpStatusCode": 200}', '020b9a35-187b-4f62-b2c1-283e9e62849d', NULL, '{}', 2),
	('9cda8bed-7dcb-4bf0-be88-119b158a28ed', 'units', 'UNIT004/Cup Holder with base - Part 1.stl', NULL, '2025-09-20 11:18:15.84961+00', '2025-09-20 11:18:15.84961+00', '2025-09-20 11:18:15.84961+00', '{"eTag": "\"2fd9d4f9c5f632ff4a89fba6f8bdbd25\"", "size": 249884, "mimetype": "application/octet-stream", "cacheControl": "max-age=3600", "lastModified": "2025-09-20T11:18:16.000Z", "contentLength": 249884, "httpStatusCode": 200}', 'd2829571-a9c8-4ef8-aee1-20e8805162a3', NULL, '{}', 2),
	('21f85909-a48d-4d8c-972e-0283ab9e80fa', 'units', '701-ISOMETRIC-SKETCHING/Blank Worksheet with Grid.pptx', NULL, '2025-09-20 15:06:17.815258+00', '2025-09-20 15:06:17.815258+00', '2025-09-20 15:06:17.815258+00', '{"eTag": "\"ec396c293ffe1a301ffdf64e561bdb81\"", "size": 32277, "mimetype": "application/vnd.openxmlformats-officedocument.presentationml.presentation", "cacheControl": "max-age=3600", "lastModified": "2025-09-20T15:06:18.000Z", "contentLength": 32277, "httpStatusCode": 200}', '5f59b84d-49fc-433b-af78-6d287fdd255d', NULL, '{}', 2),
	('53212e04-379e-4ada-b809-aa0daaf37b7e', 'lessons', '894d0db3-8267-419c-b809-7d602f4837ae/Extrusions.pptx', NULL, '2025-09-25 06:19:21.714841+00', '2025-09-25 06:19:21.714841+00', '2025-09-25 06:19:21.714841+00', '{"eTag": "\"1edd3ca09a6098b51b3571ad8c69caf2\"", "size": 2502805, "mimetype": "application/vnd.openxmlformats-officedocument.presentationml.presentation", "cacheControl": "max-age=3600", "lastModified": "2025-09-25T06:19:22.000Z", "contentLength": 2502805, "httpStatusCode": 200}', '318aca89-2ee7-4d84-9f10-ed7af896628f', NULL, '{}', 2),
	('cd39f2d9-460a-4dcd-a190-b5efb58a8702', 'units', 'CATS/AccessCodesForSitting_year7a cat 25-26.pdf', NULL, '2025-09-26 07:36:38.198738+00', '2025-09-26 07:36:38.198738+00', '2025-09-26 07:36:38.198738+00', '{"eTag": "\"1de5063b7c94b24aef540699734956a4\"", "size": 604948, "mimetype": "application/pdf", "cacheControl": "max-age=3600", "lastModified": "2025-09-26T07:36:39.000Z", "contentLength": 604948, "httpStatusCode": 200}', '8496abea-10a5-4ffb-b41a-d1a714984590', NULL, '{}', 2),
	('113cd567-6f83-40a6-8758-a45c24c3475b', 'units', 'CATS/AccessCodesForSitting_year7B cat 25-26.pdf', NULL, '2025-09-26 07:36:40.655942+00', '2025-09-26 07:36:40.655942+00', '2025-09-26 07:36:40.655942+00', '{"eTag": "\"0c95fda24afbf888950416d70e8c9a6f\"", "size": 563601, "mimetype": "application/pdf", "cacheControl": "max-age=3600", "lastModified": "2025-09-26T07:36:41.000Z", "contentLength": 563601, "httpStatusCode": 200}', 'dde2ea7a-e244-42e1-a599-5071213dd54f', NULL, '{}', 2),
	('e81e75d5-0c5b-4457-bcbb-f1808382359a', 'units', 'CATS/AccessCodesForSitting_year7C cat 25-26.pdf', NULL, '2025-09-26 07:36:42.673612+00', '2025-09-26 07:36:42.673612+00', '2025-09-26 07:36:42.673612+00', '{"eTag": "\"fcac5739406ce785165a6014b3224a0b\"", "size": 584946, "mimetype": "application/pdf", "cacheControl": "max-age=3600", "lastModified": "2025-09-26T07:36:43.000Z", "contentLength": 584946, "httpStatusCode": 200}', '951562d0-007d-4063-8e20-a38ba2aa1944', NULL, '{}', 2),
	('ccae0f40-08a6-4077-ba9f-7d9cf27d7817', 'units', 'CATS/AccessCodesForSitting_year7D cat 25-26.pdf', NULL, '2025-09-26 07:36:44.801384+00', '2025-09-26 07:36:44.801384+00', '2025-09-26 07:36:44.801384+00', '{"eTag": "\"ccc4051c68ef0dc1d5625ed9691d10fc\"", "size": 563122, "mimetype": "application/pdf", "cacheControl": "max-age=3600", "lastModified": "2025-09-26T07:36:45.000Z", "contentLength": 563122, "httpStatusCode": 200}', 'a17797e9-3ffa-4794-97f2-7060289d0396', NULL, '{}', 2),
	('c5d9d8b6-5638-4130-8060-9aa37de08ef5', 'lessons', 'ca8445e2-364b-410d-922f-57c1c2f9bf44/activities/cc9011a4-e74f-4f84-9187-873d76dbdac7/AccessCodesForSitting_year7a cat 25-26.pdf', NULL, '2025-09-27 01:24:16.138967+00', '2025-09-27 01:24:16.138967+00', '2025-09-27 01:24:16.138967+00', '{"eTag": "\"1de5063b7c94b24aef540699734956a4\"", "size": 604948, "mimetype": "application/pdf", "cacheControl": "max-age=3600", "lastModified": "2025-09-27T01:24:16.000Z", "contentLength": 604948, "httpStatusCode": 200}', '9f8bcd31-3dbb-496e-9246-b59021a5cc3a', NULL, '{}', 4),
	('54b0d074-8174-4804-8af2-fc66adb1ee49', 'lessons', 'ca8445e2-364b-410d-922f-57c1c2f9bf44/activities/cc9011a4-e74f-4f84-9187-873d76dbdac7/Part Studio 1 - Part 1 4.stl', NULL, '2025-09-27 01:25:06.536978+00', '2025-09-27 01:25:06.536978+00', '2025-09-27 01:25:06.536978+00', '{"eTag": "\"f8918863b2248c9b993fa704cf549070\"", "size": 347584, "mimetype": "application/octet-stream", "cacheControl": "max-age=3600", "lastModified": "2025-09-27T01:25:07.000Z", "contentLength": 347584, "httpStatusCode": 200}', '5ef99953-8331-4d50-b14d-568e6c380a8d', NULL, '{}', 4),
	('6f3c5a62-5777-46a9-8768-750d99f34e34', 'lessons', '7b7d9425-e54b-4fa9-95ac-dc71b7ec46c3/Emerging_Tech_IMPACT_Case_Studies-a.docx', NULL, '2025-09-27 15:59:39.587028+00', '2025-09-27 15:59:39.587028+00', '2025-09-27 15:59:39.587028+00', '{"eTag": "\"aec0c51e98b8b803662ceb0d841e2b9f\"", "size": 31530, "mimetype": "application/vnd.openxmlformats-officedocument.wordprocessingml.document", "cacheControl": "max-age=3600", "lastModified": "2025-09-27T15:59:40.000Z", "contentLength": 31530, "httpStatusCode": 200}', '4187ba46-54b3-42c6-8e90-319825b5cf9a', NULL, '{}', 2),
	('54b934b8-c3bc-45eb-9157-324a3908aa28', 'lessons', 'a433c9cb-aee5-4280-9b25-62a43ae4a53e/Reasearch Sheet - Q.docx', NULL, '2025-09-27 08:15:09.284706+00', '2025-09-27 08:15:09.284706+00', '2025-09-27 08:15:09.284706+00', '{"eTag": "\"b926b5c21fba16fb9a294192eddb1d79\"", "size": 19528, "mimetype": "application/vnd.openxmlformats-officedocument.wordprocessingml.document", "cacheControl": "max-age=3600", "lastModified": "2025-09-27T08:15:10.000Z", "contentLength": 19528, "httpStatusCode": 200}', 'd0ff16c7-eb9f-45b5-aec7-621d3c45edfe', NULL, '{}', 2),
	('1bf31f3d-72c4-4423-8e77-b0766a0b54bf', 'lessons', 'a433c9cb-aee5-4280-9b25-62a43ae4a53e/Reasearch Sheet.docx', NULL, '2025-09-27 08:15:11.843369+00', '2025-09-27 08:15:11.843369+00', '2025-09-27 08:15:11.843369+00', '{"eTag": "\"915df490cc5482af78dd4e6403d07582\"", "size": 19888, "mimetype": "application/vnd.openxmlformats-officedocument.wordprocessingml.document", "cacheControl": "max-age=3600", "lastModified": "2025-09-27T08:15:12.000Z", "contentLength": 19888, "httpStatusCode": 200}', '6849835d-0de7-4c19-a622-34e0db54b0a9', NULL, '{}', 2),
	('f06ff662-cbd6-4a02-88e9-dcf0395c285a', 'lessons', 'fb2eb631-0dda-4b84-b5b2-5c5d7afeae2e/3D Shapes.pptx', '63f9d3dd-c0ab-455d-b277-e1d6ed72cb2c', '2025-09-29 10:58:09.450733+00', '2025-09-29 10:58:09.450733+00', '2025-09-29 10:58:09.450733+00', '{"eTag": "\"68d410806eddc2730a3386264e671d3e\"", "size": 459929, "mimetype": "application/vnd.openxmlformats-officedocument.presentationml.presentation", "cacheControl": "max-age=3600", "lastModified": "2025-09-29T10:58:10.000Z", "contentLength": 459929, "httpStatusCode": 200}', 'c36970b2-0e18-4645-af99-5f7b2075e3f4', '63f9d3dd-c0ab-455d-b277-e1d6ed72cb2c', '{}', 2),
	('ff6d2b29-4735-490c-a5ca-6a8985a8d7a6', 'lessons', '60dcabc1-89b4-4e0c-a3cc-db96a05caca5/KO-Energy Generation.pptx', NULL, '2025-09-27 15:36:06.274448+00', '2025-09-27 15:36:06.274448+00', '2025-09-27 15:36:06.274448+00', '{"eTag": "\"303d422e94d39f73855e799dc490bd04\"", "size": 50358, "mimetype": "application/vnd.openxmlformats-officedocument.presentationml.presentation", "cacheControl": "max-age=3600", "lastModified": "2025-09-27T15:36:07.000Z", "contentLength": 50358, "httpStatusCode": 200}', '5775a7c4-fc34-44d7-a4f9-160b33c24333', NULL, '{}', 2),
	('49c62011-0e3e-4365-9f6e-c9f9a7be41c6', 'lessons', '60dcabc1-89b4-4e0c-a3cc-db96a05caca5/Energy Generation - Slides.pptx', NULL, '2025-09-27 15:36:33.97536+00', '2025-09-27 15:36:33.97536+00', '2025-09-27 15:36:33.97536+00', '{"eTag": "\"cdab5494b029720387c5b4d680b498c3\"", "size": 2495374, "mimetype": "application/vnd.openxmlformats-officedocument.presentationml.presentation", "cacheControl": "max-age=3600", "lastModified": "2025-09-27T15:36:34.000Z", "contentLength": 2495374, "httpStatusCode": 200}', 'faf80b3a-0887-4936-98b1-3e843e711d19', NULL, '{}', 2),
	('691fa264-4ef0-469c-b124-efdbdf53898f', 'lessons', '4c13b48b-3af1-48cc-952e-428097c13686/3D Shapes.v01.pptx', '63f9d3dd-c0ab-455d-b277-e1d6ed72cb2c', '2025-09-29 11:00:23.150236+00', '2025-09-29 11:00:23.150236+00', '2025-09-29 11:00:23.150236+00', '{"eTag": "\"68d410806eddc2730a3386264e671d3e\"", "size": 459929, "mimetype": "application/vnd.openxmlformats-officedocument.presentationml.presentation", "cacheControl": "max-age=3600", "lastModified": "2025-09-29T11:00:24.000Z", "contentLength": 459929, "httpStatusCode": 200}', '3afd7f25-e49c-41f6-b0f2-46bfa4647f92', '63f9d3dd-c0ab-455d-b277-e1d6ed72cb2c', '{}', 2),
	('5407a7a4-a20b-4e1f-b2a9-7f9230c22242', 'lessons', '60dcabc1-89b4-4e0c-a3cc-db96a05caca5/WS - Energy Generation.pptx', NULL, '2025-09-27 15:37:52.951469+00', '2025-09-27 15:37:52.951469+00', '2025-09-27 15:37:52.951469+00', '{"eTag": "\"26e41d088508f20d1c036410ea8aeb27\"", "size": 1502422, "mimetype": "application/vnd.openxmlformats-officedocument.presentationml.presentation", "cacheControl": "max-age=3600", "lastModified": "2025-09-27T15:37:53.000Z", "contentLength": 1502422, "httpStatusCode": 200}', 'f2805b45-3838-4ce5-ae46-c65cac30dd4a', NULL, '{}', 2),
	('b78051ff-cb7e-4e77-9dc0-e06613f3ddeb', 'lessons', '8ba04ee3-0983-470d-9524-a32584f4820e/1b - Production Scales.pptx', NULL, '2025-09-27 15:56:43.59379+00', '2025-09-27 15:56:43.59379+00', '2025-09-27 15:56:43.59379+00', '{"eTag": "\"795a0e48a37d709bf34d274e5b52bc9c\"", "size": 2598794, "mimetype": "application/vnd.openxmlformats-officedocument.presentationml.presentation", "cacheControl": "max-age=3600", "lastModified": "2025-09-27T15:56:44.000Z", "contentLength": 2598794, "httpStatusCode": 200}', 'f7f18c8c-9f5d-4b4f-b003-46c0c74c072e', NULL, '{}', 2),
	('f4b3ea0c-495a-4fde-a3c3-92c313cb43ab', 'lessons', '8ba04ee3-0983-470d-9524-a32584f4820e/1a - WS - Production Scales.pptx', NULL, '2025-09-27 15:57:08.803622+00', '2025-09-27 15:57:08.803622+00', '2025-09-27 15:57:08.803622+00', '{"eTag": "\"91f025a232dcef16b0394fc759b7a7ba\"", "size": 54709, "mimetype": "application/vnd.openxmlformats-officedocument.presentationml.presentation", "cacheControl": "max-age=3600", "lastModified": "2025-09-27T15:57:09.000Z", "contentLength": 54709, "httpStatusCode": 200}', '7039e8dc-293b-4e02-8da6-2e82bf6dd7ff', NULL, '{}', 2),
	('8365768e-7d58-4370-85d2-4c65e9d02536', 'lessons', 'ca8445e2-364b-410d-922f-57c1c2f9bf44/activities/578f8c15-1a95-4b39-881d-28b8afb542e2/voice-1759276350915.webm', '63f9d3dd-c0ab-455d-b277-e1d6ed72cb2c', '2025-09-30 23:52:40.496455+00', '2025-09-30 23:52:40.496455+00', '2025-09-30 23:52:40.496455+00', '{"eTag": "\"931cb599bd41155c51c34f89fe43ce8e\"", "size": 11753, "mimetype": "audio/webm", "cacheControl": "max-age=3600", "lastModified": "2025-09-30T23:52:41.000Z", "contentLength": 11753, "httpStatusCode": 200}', '68b6cade-b2f7-4ed3-9c43-f10328521ee2', '63f9d3dd-c0ab-455d-b277-e1d6ed72cb2c', '{}', 4),
	('8ba8504b-67c5-40bf-b250-c4cd52f88876', 'lessons', 'ca8445e2-364b-410d-922f-57c1c2f9bf44/activities/cc9011a4-e74f-4f84-9187-873d76dbdac7/Wednesday - P6 - CS - 11CS.doc', '63f9d3dd-c0ab-455d-b277-e1d6ed72cb2c', '2025-10-01 00:55:13.220317+00', '2025-10-01 00:55:13.220317+00', '2025-10-01 00:55:13.220317+00', '{"eTag": "\"e9296cacbdcac35e7a263a0ae953bf2b\"", "size": 850432, "mimetype": "application/msword", "cacheControl": "max-age=3600", "lastModified": "2025-10-01T00:55:14.000Z", "contentLength": 850432, "httpStatusCode": 200}', 'bf840d7a-c6a4-4655-ae1b-03fddf33c8a4', '63f9d3dd-c0ab-455d-b277-e1d6ed72cb2c', '{}', 4);


--
-- Data for Name: prefixes; Type: TABLE DATA; Schema: storage; Owner: supabase_storage_admin
--

INSERT INTO "storage"."prefixes" ("bucket_id", "name", "created_at", "updated_at") VALUES
	('units', 'UNIT004', '2025-09-20 11:17:59.60948+00', '2025-09-20 11:17:59.60948+00'),
	('units', '701-ISOMETRIC-SKETCHING', '2025-09-20 15:06:17.815258+00', '2025-09-20 15:06:17.815258+00'),
	('lessons', 'ca8445e2-364b-410d-922f-57c1c2f9bf44', '2025-09-22 11:48:36.401688+00', '2025-09-22 11:48:36.401688+00'),
	('lessons', '894d0db3-8267-419c-b809-7d602f4837ae', '2025-09-25 06:19:21.714841+00', '2025-09-25 06:19:21.714841+00'),
	('units', 'CATS', '2025-09-26 07:36:38.198738+00', '2025-09-26 07:36:38.198738+00'),
	('lessons', 'ca8445e2-364b-410d-922f-57c1c2f9bf44/activities', '2025-09-27 01:24:16.138967+00', '2025-09-27 01:24:16.138967+00'),
	('lessons', 'ca8445e2-364b-410d-922f-57c1c2f9bf44/activities/cc9011a4-e74f-4f84-9187-873d76dbdac7', '2025-09-27 01:24:16.138967+00', '2025-09-27 01:24:16.138967+00'),
	('lessons', 'ca8445e2-364b-410d-922f-57c1c2f9bf44/activities/578f8c15-1a95-4b39-881d-28b8afb542e2', '2025-09-27 04:15:28.26475+00', '2025-09-27 04:15:28.26475+00'),
	('lessons', 'a433c9cb-aee5-4280-9b25-62a43ae4a53e', '2025-09-27 08:15:09.284706+00', '2025-09-27 08:15:09.284706+00'),
	('lessons', '60dcabc1-89b4-4e0c-a3cc-db96a05caca5', '2025-09-27 15:36:06.274448+00', '2025-09-27 15:36:06.274448+00'),
	('lessons', '8ba04ee3-0983-470d-9524-a32584f4820e', '2025-09-27 15:56:43.59379+00', '2025-09-27 15:56:43.59379+00'),
	('lessons', '7b7d9425-e54b-4fa9-95ac-dc71b7ec46c3', '2025-09-27 15:59:19.636137+00', '2025-09-27 15:59:19.636137+00'),
	('lessons', 'fb2eb631-0dda-4b84-b5b2-5c5d7afeae2e', '2025-09-29 10:58:09.450733+00', '2025-09-29 10:58:09.450733+00'),
	('lessons', '4c13b48b-3af1-48cc-952e-428097c13686', '2025-09-29 11:00:23.150236+00', '2025-09-29 11:00:23.150236+00');


--
-- Data for Name: s3_multipart_uploads; Type: TABLE DATA; Schema: storage; Owner: supabase_storage_admin
--



--
-- Data for Name: s3_multipart_uploads_parts; Type: TABLE DATA; Schema: storage; Owner: supabase_storage_admin
--



--
-- Name: refresh_tokens_id_seq; Type: SEQUENCE SET; Schema: auth; Owner: supabase_auth_admin
--

SELECT pg_catalog.setval('"auth"."refresh_tokens_id_seq"', 191, true);


--
-- Name: feedback_id_seq; Type: SEQUENCE SET; Schema: public; Owner: postgres
--

SELECT pg_catalog.setval('"public"."feedback_id_seq"', 538, true);


--
-- PostgreSQL database dump complete
--

-- \unrestrict hiTBi74ge4IJ59rt6GWshS3qrsisBAvh3Rx3njNuBX8gegRzVh3MeR2cEZfgvE8

RESET ALL;
